original_region_key,state_code,reporting_unit_class,name_de_2023,name_de_2024,legal_form_2023,legal_form_2024,municipality_ags8_2023_candidate,municipality_ags8_2024_candidate,population_2023_06_30,population_2024_06_30,source_id_2023,source_id_2024,entity_match_status,percap_cross_year_comparable,not_county_sum,total_integrated_debt_eur_2023,total_integrated_debt_eur_2024,integrated_debt_eur_per_person_2023,integrated_debt_eur_per_person_2024,core_budget_debt_eur_2023,core_budget_debt_eur_2024,extra_budget_proportional_debt_eur_2023,extra_budget_proportional_debt_eur_2024,public_enterprise_proportional_debt_eur_2023,public_enterprise_proportional_debt_eur_2024
10041,10,county_administration,Regionalverband Saarbrücken,Regionalverband Saarbrücken,Regionalverband,Regionalverband,,,331032,332880,STATISTIKPORTAL_INTEGRATED_2023_T1,STATISTIKPORTAL_INTEGRATED_2024_T1,matching_original_identifier_and_class,not_certified_requires_population_and_entity_scope_audit,different_fiscal_unit_classes_cannot_be_summed,159476391.01,172037968.95,481.76,516.82,138097898.00,149586928.00,1323152.86,1147435.27,20055340.15,21303605.68
100410100100,10,municipality,Saarbrücken,Saarbrücken,kreisangehörige Gemeinde,kreisangehörige Gemeinde,10041100,10041100,182163,182497,STATISTIKPORTAL_INTEGRATED_2023_T1,STATISTIKPORTAL_INTEGRATED_2024_T1,matching_original_identifier_and_class,not_certified_requires_population_and_entity_scope_audit,different_fiscal_unit_classes_cannot_be_summed,1697889852.41,1593633396.56,9320.72,8732.38,734000695.00,607866705.00,182607329.95,215187627.90,781281827.46,770579063.66
100410511511,10,municipality,Friedrichsthal,Friedrichsthal,kreisangehörige Gemeinde,kreisangehörige Gemeinde,10041511,10041511,9930,10163,STATISTIKPORTAL_INTEGRATED_2023_T1,STATISTIKPORTAL_INTEGRATED_2024_T1,matching_original_identifier_and_class,not_certified_requires_population_and_entity_scope_audit,different_fiscal_unit_classes_cannot_be_summed,52646583.31,55634455.37,5301.77,5474.22,19205505.00,20771340.00,858835.07,831475.12,32582243.24,34031640.25
100410512512,10,municipality,Großrosseln,Großrosseln,kreisangehörige Gemeinde,kreisangehörige Gemeinde,10041512,10041512,7904,7817,STATISTIKPORTAL_INTEGRATED_2023_T1,STATISTIKPORTAL_INTEGRATED_2024_T1,matching_original_identifier_and_class,not_certified_requires_population_and_entity_scope_audit,different_fiscal_unit_classes_cannot_be_summed,54664157.17,53997381.33,6916.01,6907.69,14003707.00,13503740.00,95579.94,216726.82,40564870.23,40276914.51
100410513513,10,municipality,Heusweiler,Heusweiler,kreisangehörige Gemeinde,kreisangehörige Gemeinde,10041513,10041513,18127,18503,STATISTIKPORTAL_INTEGRATED_2023_T1,STATISTIKPORTAL_INTEGRATED_2024_T1,matching_original_identifier_and_class,not_certified_requires_population_and_entity_scope_audit,different_fiscal_unit_classes_cannot_be_summed,45490851.96,45931613.54,2509.56,2482.39,8959090.00,8292343.00,285372.93,235807.99,36246389.03,37403462.55
100410514514,10,municipality,Kleinblittersdorf,Kleinblittersdorf,kreisangehörige Gemeinde,kreisangehörige Gemeinde,10041514,10041514,10740,10912,STATISTIKPORTAL_INTEGRATED_2023_T1,STATISTIKPORTAL_INTEGRATED_2024_T1,matching_original_identifier_and_class,not_certified_requires_population_and_entity_scope_audit,different_fiscal_unit_classes_cannot_be_summed,52742377.43,56699166.44,4910.84,5196.04,11890374.00,29161406.00,276977.01,228893.73,40575026.42,27308866.71
100410515515,10,municipality,Püttlingen,Püttlingen,kreisangehörige Gemeinde,kreisangehörige Gemeinde,10041515,10041515,18172,18428,STATISTIKPORTAL_INTEGRATED_2023_T1,STATISTIKPORTAL_INTEGRATED_2024_T1,matching_original_identifier_and_class,not_certified_requires_population_and_entity_scope_audit,different_fiscal_unit_classes_cannot_be_summed,100537305.25,96118027.20,5532.54,5215.87,31072662.00,29778583.00,43252708.99,39804279.75,26211934.26,26535164.45
100410516516,10,municipality,Quierschied,Quierschied,kreisangehörige Gemeinde,kreisangehörige Gemeinde,10041516,10041516,12867,12922,STATISTIKPORTAL_INTEGRATED_2023_T1,STATISTIKPORTAL_INTEGRATED_2024_T1,matching_original_identifier_and_class,not_certified_requires_population_and_entity_scope_audit,different_fiscal_unit_classes_cannot_be_summed,63816454.48,65102720.69,4959.70,5038.13,31513697.00,32372249.00,66670.57,32182.55,32236086.91,32698289.14
100410517517,10,municipality,Riegelsberg,Riegelsberg,kreisangehörige Gemeinde,kreisangehörige Gemeinde,10041517,10041517,14416,14337,STATISTIKPORTAL_INTEGRATED_2023_T1,STATISTIKPORTAL_INTEGRATED_2024_T1,matching_original_identifier_and_class,not_certified_requires_population_and_entity_scope_audit,different_fiscal_unit_classes_cannot_be_summed,41984509.25,45672765.16,2912.35,3185.66,6828854.00,9495239.00,3161313.24,3236667.96,31994342.01,32940858.20
100410518518,10,municipality,Sulzbach,Sulzbach,kreisangehörige Gemeinde,kreisangehörige Gemeinde,10041518,10041518,16322,16406,STATISTIKPORTAL_INTEGRATED_2023_T1,STATISTIKPORTAL_INTEGRATED_2024_T1,matching_original_identifier_and_class,not_certified_requires_population_and_entity_scope_audit,different_fiscal_unit_classes_cannot_be_summed,57692030.76,57263508.49,3534.62,3490.40,11283943.00,10777225.00,1987.07,71.49,46406100.69,46486212.00
100410519519,10,municipality,Völklingen,Völklingen,kreisangehörige Gemeinde,kreisangehörige Gemeinde,10041519,10041519,40391,40895,STATISTIKPORTAL_INTEGRATED_2023_T1,STATISTIKPORTAL_INTEGRATED_2024_T1,matching_original_identifier_and_class,not_certified_requires_population_and_entity_scope_audit,different_fiscal_unit_classes_cannot_be_summed,306096615.34,323313545.19,7578.34,7905.94,166215013.00,177721711.00,1055245.13,902701.32,138826357.21,144689132.87
10042,10,county_administration,Landkreis Merzig-Wadern,Landkreis Merzig-Wadern,Landkreis,Landkreis,,,104393,109110,STATISTIKPORTAL_INTEGRATED_2023_T1,STATISTIKPORTAL_INTEGRATED_2024_T1,matching_original_identifier_and_class,not_certified_requires_population_and_entity_scope_audit,different_fiscal_unit_classes_cannot_be_summed,38072122.43,45694208.82,364.70,418.79,32143846.00,40405499.00,1013627.44,257690.80,4914648.99,5031019.02
100420111111,10,municipality,Beckingen,Beckingen,kreisangehörige Gemeinde,kreisangehörige Gemeinde,10042111,10042111,14921,15502,STATISTIKPORTAL_INTEGRATED_2023_T1,STATISTIKPORTAL_INTEGRATED_2024_T1,matching_original_identifier_and_class,not_certified_requires_population_and_entity_scope_audit,different_fiscal_unit_classes_cannot_be_summed,47691060.08,48530463.69,3196.24,3130.59,14405515.00,13415543.00,1987.07,71.49,33283558.01,35114849.20
100420112112,10,municipality,Losheim am See,Losheim am See,kreisangehörige Gemeinde,kreisangehörige Gemeinde,10042112,10042112,16146,16556,STATISTIKPORTAL_INTEGRATED_2023_T1,STATISTIKPORTAL_INTEGRATED_2024_T1,matching_original_identifier_and_class,not_certified_requires_population_and_entity_scope_audit,different_fiscal_unit_classes_cannot_be_summed,52148345.78,53497417.92,3229.80,3231.30,2868410.00,2410450.00,7024898.07,8908287.49,42255037.71,42178680.43
100420113113,10,municipality,Merzig,Merzig,kreisangehörige Gemeinde,kreisangehörige Gemeinde,10042113,10042113,30027,31671,STATISTIKPORTAL_INTEGRATED_2023_T1,STATISTIKPORTAL_INTEGRATED_2024_T1,matching_original_identifier_and_class,not_certified_requires_population_and_entity_scope_audit,different_fiscal_unit_classes_cannot_be_summed,129361904.18,135069834.19,4308.19,4264.78,42716504.00,40887782.00,1987.07,71.49,86643413.11,94181980.70
100420114114,10,municipality,Mettlach,Mettlach,kreisangehörige Gemeinde,kreisangehörige Gemeinde,10042114,10042114,12082,12733,STATISTIKPORTAL_INTEGRATED_2023_T1,STATISTIKPORTAL_INTEGRATED_2024_T1,matching_original_identifier_and_class,not_certified_requires_population_and_entity_scope_audit,different_fiscal_unit_classes_cannot_be_summed,48884101.08,52743754.69,4046.03,4142.29,22379875.00,25982724.00,1987.07,71.49,26502239.01,26760959.20
100420115115,10,municipality,Perl,Perl,kreisangehörige Gemeinde,kreisangehörige Gemeinde,10042115,10042115,8971,9529,STATISTIKPORTAL_INTEGRATED_2023_T1,STATISTIKPORTAL_INTEGRATED_2024_T1,matching_original_identifier_and_class,not_certified_requires_population_and_entity_scope_audit,different_fiscal_unit_classes_cannot_be_summed,61829229.08,61571459.69,6892.12,6461.48,16378871.00,15401359.00,1987.07,71.49,45448371.01,46170029.20
100420116116,10,municipality,Wadern,Wadern,kreisangehörige Gemeinde,kreisangehörige Gemeinde,10042116,10042116,15877,16536,STATISTIKPORTAL_INTEGRATED_2023_T1,STATISTIKPORTAL_INTEGRATED_2024_T1,matching_original_identifier_and_class,not_certified_requires_population_and_entity_scope_audit,different_fiscal_unit_classes_cannot_be_summed,64087082.47,63614650.26,4036.47,3847.04,22496202.00,23713509.00,1987.07,71.49,41588893.40,39901069.77
100420117117,10,municipality,Weiskirchen,Weiskirchen,kreisangehörige Gemeinde,kreisangehörige Gemeinde,10042117,10042117,6369,6583,STATISTIKPORTAL_INTEGRATED_2023_T1,STATISTIKPORTAL_INTEGRATED_2024_T1,matching_original_identifier_and_class,not_certified_requires_population_and_entity_scope_audit,different_fiscal_unit_classes_cannot_be_summed,42514031.97,38885422.04,6675.15,5906.95,12605507.00,8592037.00,1987.07,71.49,29906537.90,30293313.55
10043,10,county_administration,Landkreis Neunkirchen,Landkreis Neunkirchen,Landkreis,Landkreis,,,132219,133467,STATISTIKPORTAL_INTEGRATED_2023_T1,STATISTIKPORTAL_INTEGRATED_2024_T1,matching_original_identifier_and_class,not_certified_requires_population_and_entity_scope_audit,different_fiscal_unit_classes_cannot_be_summed,63296834.42,87901944.78,478.73,658.60,57167873.00,81529908.00,210620.52,191532.37,5918340.90,6180504.41
100430111111,10,municipality,Eppelborn,Eppelborn,kreisangehörige Gemeinde,kreisangehörige Gemeinde,10043111,10043111,16523,16671,STATISTIKPORTAL_INTEGRATED_2023_T1,STATISTIKPORTAL_INTEGRATED_2024_T1,matching_original_identifier_and_class,not_certified_requires_population_and_entity_scope_audit,different_fiscal_unit_classes_cannot_be_summed,58466582.27,60783263.47,3538.50,3646.05,22013866.00,23370215.00,686053.07,1172737.49,35766663.20,36240310.98
100430112112,10,municipality,Illingen,Illingen,kreisangehörige Gemeinde,kreisangehörige Gemeinde,10043112,10043112,15996,15911,STATISTIKPORTAL_INTEGRATED_2023_T1,STATISTIKPORTAL_INTEGRATED_2024_T1,matching_original_identifier_and_class,not_certified_requires_population_and_entity_scope_audit,different_fiscal_unit_classes_cannot_be_summed,92973812.15,94800133.28,5812.32,5958.15,34852181.00,34293973.00,5191692.07,6660845.12,52929939.08,53845315.16
100430113113,10,municipality,Merchweiler,Merchweiler,kreisangehörige Gemeinde,kreisangehörige Gemeinde,10043113,10043113,9860,10143,STATISTIKPORTAL_INTEGRATED_2023_T1,STATISTIKPORTAL_INTEGRATED_2024_T1,matching_original_identifier_and_class,not_certified_requires_population_and_entity_scope_audit,different_fiscal_unit_classes_cannot_be_summed,85764249.94,87805015.21,8698.20,8656.71,26072040.00,27044759.00,3377.07,535.12,59688832.87,60759721.09
100430114114,10,municipality,Neunkirchen,Neunkirchen,kreisangehörige Gemeinde,kreisangehörige Gemeinde,10043114,10043114,46863,47478,STATISTIKPORTAL_INTEGRATED_2023_T1,STATISTIKPORTAL_INTEGRATED_2024_T1,matching_original_identifier_and_class,not_certified_requires_population_and_entity_scope_audit,different_fiscal_unit_classes_cannot_be_summed,163373861.07,180050554.76,3486.20,3792.29,81912058.00,89909260.00,27431.36,20891.82,81434371.71,90120402.94
100430115115,10,municipality,Ottweiler,Ottweiler,kreisangehörige Gemeinde,kreisangehörige Gemeinde,10043115,10043115,14499,14385,STATISTIKPORTAL_INTEGRATED_2023_T1,STATISTIKPORTAL_INTEGRATED_2024_T1,matching_original_identifier_and_class,not_certified_requires_population_and_entity_scope_audit,different_fiscal_unit_classes_cannot_be_summed,65412261.43,67566237.32,4511.50,4696.99,17272580.00,18168924.00,125913.07,107402.49,48013768.36,49289910.83
100430116116,10,municipality,Schiffweiler,Schiffweiler,kreisangehörige Gemeinde,kreisangehörige Gemeinde,10043116,10043116,15665,15810,STATISTIKPORTAL_INTEGRATED_2023_T1,STATISTIKPORTAL_INTEGRATED_2024_T1,matching_original_identifier_and_class,not_certified_requires_population_and_entity_scope_audit,different_fiscal_unit_classes_cannot_be_summed,72134269.46,74638104.38,4604.80,4720.94,21224315.00,21201702.00,574668.07,532512.12,50335286.39,52903890.26
100430117117,10,municipality,Spiesen-Elversberg,Spiesen-Elversberg,kreisangehörige Gemeinde,kreisangehörige Gemeinde,10043117,10043117,12813,13069,STATISTIKPORTAL_INTEGRATED_2023_T1,STATISTIKPORTAL_INTEGRATED_2024_T1,matching_original_identifier_and_class,not_certified_requires_population_and_entity_scope_audit,different_fiscal_unit_classes_cannot_be_summed,60193683.41,60814601.19,4697.86,4653.35,16743707.00,16765012.00,1987.07,71.49,43447989.34,44049517.70
10044,10,county_administration,Landkreis Saarlouis,Landkreis Saarlouis,Landkreis,Landkreis,,,195953,205325,STATISTIKPORTAL_INTEGRATED_2023_T1,STATISTIKPORTAL_INTEGRATED_2024_T1,matching_original_identifier_and_class,not_certified_requires_population_and_entity_scope_audit,different_fiscal_unit_classes_cannot_be_summed,91709821.77,113474810.39,468.02,552.66,82359361.00,100659142.00,4213108.78,7685250.37,5137351.99,5130418.02
100440111111,10,municipality,Dillingen,Dillingen,kreisangehörige Gemeinde,kreisangehörige Gemeinde,10044111,10044111,19998,21560,STATISTIKPORTAL_INTEGRATED_2023_T1,STATISTIKPORTAL_INTEGRATED_2024_T1,matching_original_identifier_and_class,not_certified_requires_population_and_entity_scope_audit,different_fiscal_unit_classes_cannot_be_summed,87749438.47,70338376.01,4387.91,3262.45,37454015.00,18353344.00,1638841.38,1793574.26,48656582.09,50191457.75
100440112112,10,municipality,Lebach,Lebach,kreisangehörige Gemeinde,kreisangehörige Gemeinde,10044112,10044112,19067,19577,STATISTIKPORTAL_INTEGRATED_2023_T1,STATISTIKPORTAL_INTEGRATED_2024_T1,matching_original_identifier_and_class,not_certified_requires_population_and_entity_scope_audit,different_fiscal_unit_classes_cannot_be_summed,73091560.26,75341932.10,3833.41,3848.49,19133298.00,20277421.00,4515710.53,5856002.57,49442551.73,49208508.53
100440113113,10,municipality,Nalbach,Nalbach,kreisangehörige Gemeinde,kreisangehörige Gemeinde,10044113,10044113,9098,9259,STATISTIKPORTAL_INTEGRATED_2023_T1,STATISTIKPORTAL_INTEGRATED_2024_T1,matching_original_identifier_and_class,not_certified_requires_population_and_entity_scope_audit,different_fiscal_unit_classes_cannot_be_summed,46033482.02,46232903.28,5059.74,4993.29,13453361.00,13539562.00,1987.07,71.49,32578133.95,32693269.79
100440114114,10,municipality,Rehlingen-Siersburg,Rehlingen-Siersburg,kreisangehörige Gemeinde,kreisangehörige Gemeinde,10044114,10044114,14369,14961,STATISTIKPORTAL_INTEGRATED_2023_T1,STATISTIKPORTAL_INTEGRATED_2024_T1,matching_original_identifier_and_class,not_certified_requires_population_and_entity_scope_audit,different_fiscal_unit_classes_cannot_be_summed,56632638.83,57240975.84,3941.31,3826.01,13008622.00,13715959.00,1987.07,71.49,43622029.76,43524945.35
100440115115,10,municipality,Saarlouis,Saarlouis,kreisangehörige Gemeinde,kreisangehörige Gemeinde,10044115,10044115,34796,37600,STATISTIKPORTAL_INTEGRATED_2023_T1,STATISTIKPORTAL_INTEGRATED_2024_T1,matching_original_identifier_and_class,not_certified_requires_population_and_entity_scope_audit,different_fiscal_unit_classes_cannot_be_summed,141575117.59,138933145.85,4068.72,3695.03,45877574.00,44281665.00,155483.41,721953.82,95542060.18,93929527.03
100440116116,10,municipality,Saarwellingen,Saarwellingen,kreisangehörige Gemeinde,kreisangehörige Gemeinde,10044116,10044116,13300,13678,STATISTIKPORTAL_INTEGRATED_2023_T1,STATISTIKPORTAL_INTEGRATED_2024_T1,matching_original_identifier_and_class,not_certified_requires_population_and_entity_scope_audit,different_fiscal_unit_classes_cannot_be_summed,42275655.47,42156691.33,3178.62,3082.08,3482149.00,3096081.00,1987.07,71.49,38791519.40,39060538.84
100440117117,10,municipality,Schmelz,Schmelz,kreisangehörige Gemeinde,kreisangehörige Gemeinde,10044117,10044117,16364,16937,STATISTIKPORTAL_INTEGRATED_2023_T1,STATISTIKPORTAL_INTEGRATED_2024_T1,matching_original_identifier_and_class,not_certified_requires_population_and_entity_scope_audit,different_fiscal_unit_classes_cannot_be_summed,77957715.08,77686844.69,4763.98,4586.81,16996217.00,15982685.00,507755.07,413978.49,60453743.01,61290181.20
100440118118,10,municipality,Schwalbach,Schwalbach,kreisangehörige Gemeinde,kreisangehörige Gemeinde,10044118,10044118,17256,18100,STATISTIKPORTAL_INTEGRATED_2023_T1,STATISTIKPORTAL_INTEGRATED_2024_T1,matching_original_identifier_and_class,not_certified_requires_population_and_entity_scope_audit,different_fiscal_unit_classes_cannot_be_summed,90031619.10,97213512.60,5217.41,5370.91,38127968.00,45026238.00,1262589.46,1194652.18,50641061.64,50992622.42
100440119119,10,municipality,Überherrn,Überherrn,kreisangehörige Gemeinde,kreisangehörige Gemeinde,10044119,10044119,11598,12116,STATISTIKPORTAL_INTEGRATED_2023_T1,STATISTIKPORTAL_INTEGRATED_2024_T1,matching_original_identifier_and_class,not_certified_requires_population_and_entity_scope_audit,different_fiscal_unit_classes_cannot_be_summed,52464054.74,53026243.11,4523.54,4376.55,17381875.00,16888613.00,657887.07,644964.49,34424292.67,35492665.62
100440120120,10,municipality,Wadgassen,Wadgassen,kreisangehörige Gemeinde,kreisangehörige Gemeinde,10044120,10044120,17025,18056,STATISTIKPORTAL_INTEGRATED_2023_T1,STATISTIKPORTAL_INTEGRATED_2024_T1,matching_original_identifier_and_class,not_certified_requires_population_and_entity_scope_audit,different_fiscal_unit_classes_cannot_be_summed,102786083.08,110718184.69,6037.36,6131.93,31031014.00,39622511.00,2946627.07,2851713.49,68808442.01,68243960.20
100440121121,10,municipality,Wallerfangen,Wallerfangen,kreisangehörige Gemeinde,kreisangehörige Gemeinde,10044121,10044121,9354,9419,STATISTIKPORTAL_INTEGRATED_2023_T1,STATISTIKPORTAL_INTEGRATED_2024_T1,matching_original_identifier_and_class,not_certified_requires_population_and_entity_scope_audit,different_fiscal_unit_classes_cannot_be_summed,41083821.58,41754352.19,4392.11,4432.99,6657193.00,6338405.00,1987.07,71.49,34424641.51,35415875.70
100440122122,10,municipality,Bous,Bous,kreisangehörige Gemeinde,kreisangehörige Gemeinde,10044122,10044122,7113,7162,STATISTIKPORTAL_INTEGRATED_2023_T1,STATISTIKPORTAL_INTEGRATED_2024_T1,matching_original_identifier_and_class,not_certified_requires_population_and_entity_scope_audit,different_fiscal_unit_classes_cannot_be_summed,44889917.01,44828356.56,6310.97,6259.20,4051069.00,3795965.00,751364.37,703822.14,40087483.64,40328569.42
100440123123,10,municipality,Ensdorf,Ensdorf,kreisangehörige Gemeinde,kreisangehörige Gemeinde,10044123,10044123,6615,6900,STATISTIKPORTAL_INTEGRATED_2023_T1,STATISTIKPORTAL_INTEGRATED_2024_T1,matching_original_identifier_and_class,not_certified_requires_population_and_entity_scope_audit,different_fiscal_unit_classes_cannot_be_summed,40017195.47,38555794.83,6049.46,5587.80,9232991.00,7624426.00,4965.37,1239.14,30779239.10,30930129.69
10045,10,county_administration,Saarpfalz-Kreis,Saarpfalz-Kreis,Landkreis,Landkreis,,,142382,144201,STATISTIKPORTAL_INTEGRATED_2023_T1,STATISTIKPORTAL_INTEGRATED_2024_T1,matching_original_identifier_and_class,not_certified_requires_population_and_entity_scope_audit,different_fiscal_unit_classes_cannot_be_summed,121947013.15,135182495.75,856.48,937.46,102303852.00,113735647.00,41912.27,27269.69,19601248.88,21419579.06
100450111111,10,municipality,Bexbach,Bexbach,kreisangehörige Gemeinde,kreisangehörige Gemeinde,10045111,10045111,17680,17857,STATISTIKPORTAL_INTEGRATED_2023_T1,STATISTIKPORTAL_INTEGRATED_2024_T1,matching_original_identifier_and_class,not_certified_requires_population_and_entity_scope_audit,different_fiscal_unit_classes_cannot_be_summed,77346923.50,84010238.55,4374.83,4704.61,16630988.00,18725899.00,37.49,1.35,60715898.01,65284338.20
100450112112,10,municipality,Blieskastel,Blieskastel,kreisangehörige Gemeinde,kreisangehörige Gemeinde,10045112,10045112,20222,20237,STATISTIKPORTAL_INTEGRATED_2023_T1,STATISTIKPORTAL_INTEGRATED_2024_T1,matching_original_identifier_and_class,not_certified_requires_population_and_entity_scope_audit,different_fiscal_unit_classes_cannot_be_summed,78937276.77,75166964.08,3903.53,3714.33,28430214.00,24419410.00,3153056.07,3099520.49,47354006.70,47648033.59
100450113113,10,municipality,Gersheim,Gersheim,kreisangehörige Gemeinde,kreisangehörige Gemeinde,10045113,10045113,6296,6232,STATISTIKPORTAL_INTEGRATED_2023_T1,STATISTIKPORTAL_INTEGRATED_2024_T1,matching_original_identifier_and_class,not_certified_requires_population_and_entity_scope_audit,different_fiscal_unit_classes_cannot_be_summed,65201266.00,65851143.46,10355.98,10566.61,25950303.00,26349433.00,609282.32,566372.24,38641680.68,38935338.22
100450114114,10,municipality,Homburg,Homburg,kreisangehörige Gemeinde,kreisangehörige Gemeinde,10045114,10045114,42341,43235,STATISTIKPORTAL_INTEGRATED_2023_T1,STATISTIKPORTAL_INTEGRATED_2024_T1,matching_original_identifier_and_class,not_certified_requires_population_and_entity_scope_audit,different_fiscal_unit_classes_cannot_be_summed,211042709.11,209773723.96,4984.36,4851.94,121566186.00,118319380.00,14025057.07,13311219.49,75451466.04,78143124.47
100450115115,10,municipality,Kirkel,Kirkel,kreisangehörige Gemeinde,kreisangehörige Gemeinde,10045115,10045115,10101,10203,STATISTIKPORTAL_INTEGRATED_2023_T1,STATISTIKPORTAL_INTEGRATED_2024_T1,matching_original_identifier_and_class,not_certified_requires_population_and_entity_scope_audit,different_fiscal_unit_classes_cannot_be_summed,67035586.88,67503504.49,6636.53,6616.04,35016056.00,35500732.00,1987.07,71.49,32017543.81,32002701.00
100450116116,10,municipality,Mandelbachtal,Mandelbachtal,kreisangehörige Gemeinde,kreisangehörige Gemeinde,10045116,10045116,10608,10891,STATISTIKPORTAL_INTEGRATED_2023_T1,STATISTIKPORTAL_INTEGRATED_2024_T1,matching_original_identifier_and_class,not_certified_requires_population_and_entity_scope_audit,different_fiscal_unit_classes_cannot_be_summed,70952399.33,74181473.44,6688.57,6811.26,16103486.00,16883675.00,28322.32,19580.24,54820591.01,57278218.20
100450117117,10,municipality,St. Ingbert,St. Ingbert,kreisangehörige Gemeinde,kreisangehörige Gemeinde,10045117,10045117,35134,35546,STATISTIKPORTAL_INTEGRATED_2023_T1,STATISTIKPORTAL_INTEGRATED_2024_T1,matching_original_identifier_and_class,not_certified_requires_population_and_entity_scope_audit,different_fiscal_unit_classes_cannot_be_summed,105406820.16,116307898.75,3000.14,3272.04,33930354.00,41789028.00,6561598.07,5790195.49,64914868.09,68728675.26
10046,10,county_administration,Landkreis St. Wendel,Landkreis St. Wendel,Landkreis,Landkreis,,,86924,88011,STATISTIKPORTAL_INTEGRATED_2023_T1,STATISTIKPORTAL_INTEGRATED_2024_T1,matching_original_identifier_and_class,not_certified_requires_population_and_entity_scope_audit,different_fiscal_unit_classes_cannot_be_summed,65074021.62,69909736.86,748.63,794.33,45141963.00,49585046.00,10464728.30,11210568.71,9467330.32,9114122.15
100460111111,10,municipality,Freisen,Freisen,kreisangehörige Gemeinde,kreisangehörige Gemeinde,10046111,10046111,7850,8075,STATISTIKPORTAL_INTEGRATED_2023_T1,STATISTIKPORTAL_INTEGRATED_2024_T1,matching_original_identifier_and_class,not_certified_requires_population_and_entity_scope_audit,different_fiscal_unit_classes_cannot_be_summed,60454631.74,61110192.01,7701.23,7567.83,14797247.00,14324320.00,841289.57,839373.99,44816095.17,45946498.02
100460112112,10,municipality,Marpingen,Marpingen,kreisangehörige Gemeinde,kreisangehörige Gemeinde,10046112,10046112,9986,10335,STATISTIKPORTAL_INTEGRATED_2023_T1,STATISTIKPORTAL_INTEGRATED_2024_T1,matching_original_identifier_and_class,not_certified_requires_population_and_entity_scope_audit,different_fiscal_unit_classes_cannot_be_summed,74990810.28,51103455.56,7509.59,4944.70,23565623.00,23406210.00,1987.07,71.49,51423200.21,27697174.07
100460113113,10,municipality,Namborn,Namborn,kreisangehörige Gemeinde,kreisangehörige Gemeinde,10046113,10046113,6951,7120,STATISTIKPORTAL_INTEGRATED_2023_T1,STATISTIKPORTAL_INTEGRATED_2024_T1,matching_original_identifier_and_class,not_certified_requires_population_and_entity_scope_audit,different_fiscal_unit_classes_cannot_be_summed,37971997.08,37717213.11,5462.81,5297.36,8202563.00,6918260.00,1987.07,71.49,29767447.01,30798881.62
100460114114,10,municipality,Nohfelden,Nohfelden,kreisangehörige Gemeinde,kreisangehörige Gemeinde,10046114,10046114,9967,10040,STATISTIKPORTAL_INTEGRATED_2023_T1,STATISTIKPORTAL_INTEGRATED_2024_T1,matching_original_identifier_and_class,not_certified_requires_population_and_entity_scope_audit,different_fiscal_unit_classes_cannot_be_summed,56197729.56,61420939.51,5638.38,6117.62,8332434.00,11031003.00,841289.57,839373.99,47024005.99,49550562.52
100460115115,10,municipality,Nonnweiler,Nonnweiler,kreisangehörige Gemeinde,kreisangehörige Gemeinde,10046115,10046115,8488,8511,STATISTIKPORTAL_INTEGRATED_2023_T1,STATISTIKPORTAL_INTEGRATED_2024_T1,matching_original_identifier_and_class,not_certified_requires_population_and_entity_scope_audit,different_fiscal_unit_classes_cannot_be_summed,39175906.08,39657076.69,4615.45,4659.51,7427365.00,7213706.00,1987.07,71.49,31746554.01,32443299.20
100460116116,10,municipality,Oberthal,Oberthal,kreisangehörige Gemeinde,kreisangehörige Gemeinde,10046116,10046116,5960,6079,STATISTIKPORTAL_INTEGRATED_2023_T1,STATISTIKPORTAL_INTEGRATED_2024_T1,matching_original_identifier_and_class,not_certified_requires_population_and_entity_scope_audit,different_fiscal_unit_classes_cannot_be_summed,42639048.28,45088872.56,7154.20,7417.15,8389880.00,10804531.00,1987.07,71.49,34247181.21,34284270.07
100460117117,10,municipality,St. Wendel,St. Wendel,kreisangehörige Gemeinde,kreisangehörige Gemeinde,10046117,10046117,25503,25430,STATISTIKPORTAL_INTEGRATED_2023_T1,STATISTIKPORTAL_INTEGRATED_2024_T1,matching_original_identifier_and_class,not_certified_requires_population_and_entity_scope_audit,different_fiscal_unit_classes_cannot_be_summed,118282307.04,122751356.14,4637.98,4827.03,59744546.00,63090637.00,2223627.07,2067279.49,56314133.97,57593439.65
100460118118,10,municipality,Tholey,Tholey,kreisangehörige Gemeinde,kreisangehörige Gemeinde,10046118,10046118,12219,12421,STATISTIKPORTAL_INTEGRATED_2023_T1,STATISTIKPORTAL_INTEGRATED_2024_T1,matching_original_identifier_and_class,not_certified_requires_population_and_entity_scope_audit,different_fiscal_unit_classes_cannot_be_summed,74128449.78,75238743.46,6066.65,6057.38,16175620.00,16106932.00,1194575.07,1307909.49,56758254.71,57823901.97
