ags8,ags5,state_code,name_de,population_2024_06_30,integrated_debt_2024_eur,integrated_debt_2024_eur_per_capita,core_budget_debt_2024_eur,extra_budget_debt_2024_eur,allocated_enterprise_debt_2024_eur,tax_capacity_2024_eur_per_capita,tax_capacity_2024_status,cash_credits_2023_eur_per_capita,cash_credits_2023_status,source_integrated_id,source_tax_id,source_cash_id
01001000,01001,01,"Flensburg, Stadt",96081,475045841.84,4944.22,28472783.00,207330983.44,239242075.40,1600,published_numeric,0,published_zero,STATISTIKPORTAL_INTEGRATED_2024_T1,DE_ATLAS_HA26_GEM_2024,DE_ATLAS_HA26_KRS_2023
01002000,01002,01,"Kiel, Landeshauptstadt",252175,1302633734.78,5165.59,743253429.00,52965255.37,506415050.41,1406,published_numeric,0,published_zero,STATISTIKPORTAL_INTEGRATED_2024_T1,DE_ATLAS_HA26_GEM_2024,DE_ATLAS_HA26_KRS_2023
01003000,01003,01,"Lübeck, Hansestadt",217067,1323857542.32,6098.84,508354179.00,62875027.98,752628335.34,1471.1,published_numeric,293,published_numeric,STATISTIKPORTAL_INTEGRATED_2024_T1,DE_ATLAS_HA26_GEM_2024,DE_ATLAS_HA26_KRS_2023
01004000,01004,01,"Neumünster, Stadt",79640,464688174.06,5834.86,106986780.00,9586099.24,348115294.82,1573.1,published_numeric,0,published_zero,STATISTIKPORTAL_INTEGRATED_2024_T1,DE_ATLAS_HA26_GEM_2024,DE_ATLAS_HA26_KRS_2023
03101000,03101,03,"Braunschweig, Stadt",252824,1288651224.01,5097.03,876960320.00,106076569.41,305614334.60,1644.8,published_numeric,0,published_zero,STATISTIKPORTAL_INTEGRATED_2024_T1,DE_ATLAS_HA26_GEM_2024,DE_ATLAS_HA26_KRS_2023
03102000,03102,03,"Salzgitter, Stadt",105121,530734186.46,5048.79,398801622.00,10548235.43,121384329.03,1137.6,published_numeric,1427,published_numeric,STATISTIKPORTAL_INTEGRATED_2024_T1,DE_ATLAS_HA26_GEM_2024,DE_ATLAS_HA26_KRS_2023
03103000,03103,03,"Wolfsburg, Stadt",129443,945577777.61,7304.97,271159873.00,45490201.52,628927703.09,2360.9,published_numeric,0,published_zero,STATISTIKPORTAL_INTEGRATED_2024_T1,DE_ATLAS_HA26_GEM_2024,DE_ATLAS_HA26_KRS_2023
03401000,03401,03,"Delmenhorst, Stadt",81232,419299014.05,5161.75,86904560.00,4173882.18,328220571.87,977.2,published_numeric,0,published_zero,STATISTIKPORTAL_INTEGRATED_2024_T1,DE_ATLAS_HA26_GEM_2024,DE_ATLAS_HA26_KRS_2023
03402000,03402,03,"Emden, Stadt",49443,347907669.86,7036.54,188128393.00,41670545.09,118108731.77,1934.3,published_numeric,252,published_numeric,STATISTIKPORTAL_INTEGRATED_2024_T1,DE_ATLAS_HA26_GEM_2024,DE_ATLAS_HA26_KRS_2023
03403000,03403,03,"Oldenburg (Oldb), Stadt",176336,740330163.00,4198.41,43690972.00,140916720.89,555722470.11,1939.4,published_numeric,0,published_zero,STATISTIKPORTAL_INTEGRATED_2024_T1,DE_ATLAS_HA26_GEM_2024,DE_ATLAS_HA26_KRS_2023
03404000,03404,03,"Osnabrück, Stadt",165526,1179480372.26,7125.65,765949495.00,35161342.26,378369535.00,1632.3,published_numeric,0,published_zero,STATISTIKPORTAL_INTEGRATED_2024_T1,DE_ATLAS_HA26_GEM_2024,DE_ATLAS_HA26_KRS_2023
03405000,03405,03,"Wilhelmshaven, Stadt",75909,508473615.22,6698.46,119743335.00,138169330.92,250560949.30,1331.1,published_numeric,329,published_numeric,STATISTIKPORTAL_INTEGRATED_2024_T1,DE_ATLAS_HA26_GEM_2024,DE_ATLAS_HA26_KRS_2023
05111000,05111,05,Düsseldorf,617904,2437544717.90,3944.86,545315029.00,516475969.32,1375753719.58,3382.9,published_numeric,0,published_zero,STATISTIKPORTAL_INTEGRATED_2024_T1,DE_ATLAS_HA26_GEM_2024,DE_ATLAS_HA26_KRS_2023
05112000,05112,05,Duisburg,502636,3327965001.58,6621.02,1228478010.00,832161277.45,1267325714.13,1293.3,published_numeric,1496,published_numeric,STATISTIKPORTAL_INTEGRATED_2024_T1,DE_ATLAS_HA26_GEM_2024,DE_ATLAS_HA26_KRS_2023
05113000,05113,05,Essen,574631,3962048883.76,6894.94,2940433693.00,163357975.23,858257215.53,1619.6,published_numeric,1613,published_numeric,STATISTIKPORTAL_INTEGRATED_2024_T1,DE_ATLAS_HA26_GEM_2024,DE_ATLAS_HA26_KRS_2023
05114000,05114,05,Krefeld,230843,1119619471.20,4850.13,636715452.00,177301376.83,305602642.37,1620.5,published_numeric,1233,published_numeric,STATISTIKPORTAL_INTEGRATED_2024_T1,DE_ATLAS_HA26_GEM_2024,DE_ATLAS_HA26_KRS_2023
05116000,05116,05,Mönchengladbach,267285,1242176199.52,4647.38,765769207.00,52701497.94,423705494.58,1543.9,published_numeric,1660,published_numeric,STATISTIKPORTAL_INTEGRATED_2024_T1,DE_ATLAS_HA26_GEM_2024,DE_ATLAS_HA26_KRS_2023
05117000,05117,05,Mülheim an der Ruhr,172971,2086948659.10,12065.31,1611192739.00,210546607.45,265209312.65,1453.7,published_numeric,5176,published_numeric,STATISTIKPORTAL_INTEGRATED_2024_T1,DE_ATLAS_HA26_GEM_2024,DE_ATLAS_HA26_KRS_2023
05119000,05119,05,Oberhausen,213714,2237452153.68,10469.38,2086860874.00,87426026.01,63165253.67,1155,published_numeric,7217,published_numeric,STATISTIKPORTAL_INTEGRATED_2024_T1,DE_ATLAS_HA26_GEM_2024,DE_ATLAS_HA26_KRS_2023
05120000,05120,05,Remscheid,114024,1057649145.32,9275.67,764277349.00,45434527.01,247937269.31,1374.3,published_numeric,3774,published_numeric,STATISTIKPORTAL_INTEGRATED_2024_T1,DE_ATLAS_HA26_GEM_2024,DE_ATLAS_HA26_KRS_2023
05122000,05122,05,Solingen,165796,1329217254.60,8017.19,916786980.00,43018048.16,369412226.44,1370.6,published_numeric,2484,published_numeric,STATISTIKPORTAL_INTEGRATED_2024_T1,DE_ATLAS_HA26_GEM_2024,DE_ATLAS_HA26_KRS_2023
05124000,05124,05,Wuppertal,358730,2105093975.12,5868.18,1569865701.00,116782492.83,418445781.29,1322.3,published_numeric,2198,published_numeric,STATISTIKPORTAL_INTEGRATED_2024_T1,DE_ATLAS_HA26_GEM_2024,DE_ATLAS_HA26_KRS_2023
05314000,05314,05,Bonn,321711,2846366511.76,8847.59,2314480051.00,33951536.27,497934924.49,1785.5,published_numeric,1997,published_numeric,STATISTIKPORTAL_INTEGRATED_2024_T1,DE_ATLAS_HA26_GEM_2024,DE_ATLAS_HA26_KRS_2023
05315000,05315,05,Köln,1024021,10386472386.85,10142.83,3212235858.00,3574712723.91,3599523804.94,2452.1,published_numeric,545,published_numeric,STATISTIKPORTAL_INTEGRATED_2024_T1,DE_ATLAS_HA26_GEM_2024,DE_ATLAS_HA26_KRS_2023
05316000,05316,05,Leverkusen,168396,1360545169.28,8079.44,864249580.00,25705154.73,470590434.55,1643.4,published_numeric,2448,published_numeric,STATISTIKPORTAL_INTEGRATED_2024_T1,DE_ATLAS_HA26_GEM_2024,DE_ATLAS_HA26_KRS_2023
05512000,05512,05,Bottrop,118573,480226877.43,4050.05,394949692.00,49908632.62,35368552.81,1137.9,published_numeric,1235,published_numeric,STATISTIKPORTAL_INTEGRATED_2024_T1,DE_ATLAS_HA26_GEM_2024,DE_ATLAS_HA26_KRS_2023
05513000,05513,05,Gelsenkirchen,267208,1741611081.13,6517.81,1248136297.00,111157612.37,382317171.76,1059.2,published_numeric,1526,published_numeric,STATISTIKPORTAL_INTEGRATED_2024_T1,DE_ATLAS_HA26_GEM_2024,DE_ATLAS_HA26_KRS_2023
05515000,05515,05,Münster,306817,2049480924.93,6679.82,1312198884.00,9607488.27,727674552.66,1980.1,published_numeric,155,published_numeric,STATISTIKPORTAL_INTEGRATED_2024_T1,DE_ATLAS_HA26_GEM_2024,DE_ATLAS_HA26_KRS_2023
05711000,05711,05,Bielefeld,331213,1359289224.06,4103.97,251797566.00,449206158.45,658285499.61,1618.6,published_numeric,173,published_numeric,STATISTIKPORTAL_INTEGRATED_2024_T1,DE_ATLAS_HA26_GEM_2024,DE_ATLAS_HA26_KRS_2023
05911000,05911,05,Bochum,357466,3144266189.12,8795.99,1987868899.00,164073867.62,992323422.50,1431.8,published_numeric,825,published_numeric,STATISTIKPORTAL_INTEGRATED_2024_T1,DE_ATLAS_HA26_GEM_2024,DE_ATLAS_HA26_KRS_2023
05913000,05913,05,Dortmund,602605,4628612557.95,7681.01,2362611132.00,690232790.52,1575768635.43,1510.9,published_numeric,1717,published_numeric,STATISTIKPORTAL_INTEGRATED_2024_T1,DE_ATLAS_HA26_GEM_2024,DE_ATLAS_HA26_KRS_2023
05914000,05914,05,Hagen,190309,1335106139.38,7015.47,926018038.00,59008518.95,350079582.43,1269.8,published_numeric,3860,published_numeric,STATISTIKPORTAL_INTEGRATED_2024_T1,DE_ATLAS_HA26_GEM_2024,DE_ATLAS_HA26_KRS_2023
05915000,05915,05,Hamm,179798,595892056.01,3314.23,407391233.00,10704021.46,177796801.55,1263.7,published_numeric,442,published_numeric,STATISTIKPORTAL_INTEGRATED_2024_T1,DE_ATLAS_HA26_GEM_2024,DE_ATLAS_HA26_KRS_2023
05916000,05916,05,Herne,156510,1330295709.43,8499.75,715800846.00,103868049.80,510626813.63,1004.3,published_numeric,2231,published_numeric,STATISTIKPORTAL_INTEGRATED_2024_T1,DE_ATLAS_HA26_GEM_2024,DE_ATLAS_HA26_KRS_2023
06411000,06411,06,"Darmstadt, Wissenschaftsstadt",166028,3139814045.64,18911.35,656288412.00,591171501.97,1892354131.67,1922.1,published_numeric,0,published_zero,STATISTIKPORTAL_INTEGRATED_2024_T1,DE_ATLAS_HA26_GEM_2024,DE_ATLAS_HA26_KRS_2023
06412000,06412,06,"Frankfurt am Main, Stadt",753248,9571721268.19,12707.26,2613196330.00,350214729.87,6608310208.32,4684.4,published_numeric,0,published_zero,STATISTIKPORTAL_INTEGRATED_2024_T1,DE_ATLAS_HA26_GEM_2024,DE_ATLAS_HA26_KRS_2023
06413000,06413,06,"Offenbach am Main, Stadt",132096,804937818.94,6093.58,456893991.00,360635.10,347683192.84,1355.1,published_numeric,0,published_zero,STATISTIKPORTAL_INTEGRATED_2024_T1,DE_ATLAS_HA26_GEM_2024,DE_ATLAS_HA26_KRS_2023
06414000,06414,06,"Wiesbaden, Landeshauptstadt",288048,2457242242.73,8530.67,365938244.00,665405566.54,1425898432.19,2451.2,published_numeric,0,published_zero,STATISTIKPORTAL_INTEGRATED_2024_T1,DE_ATLAS_HA26_GEM_2024,DE_ATLAS_HA26_KRS_2023
06611000,06611,06,"Kassel, documenta-Stadt",197324,1153865247.93,5847.57,454020390.00,86115623.42,613729234.51,1893.6,published_numeric,0,published_zero,STATISTIKPORTAL_INTEGRATED_2024_T1,DE_ATLAS_HA26_GEM_2024,DE_ATLAS_HA26_KRS_2023
07111000,07111,07,"Koblenz,St",113231,728012708.01,6429.45,469752841.00,33899749.74,224360117.27,1900,published_numeric,353,published_numeric,STATISTIKPORTAL_INTEGRATED_2024_T1,DE_ATLAS_HA26_GEM_2024,DE_ATLAS_HA26_KRS_2023
07211000,07211,07,"Trier,St",104033,786219860.10,7557.41,496298770.00,9288251.01,280632839.09,1491.7,published_numeric,3678,published_numeric,STATISTIKPORTAL_INTEGRATED_2024_T1,DE_ATLAS_HA26_GEM_2024,DE_ATLAS_HA26_KRS_2023
07311000,07311,07,"Frankenthal (Pfalz),St",48168,274927345.22,5707.68,219474206.00,390175.50,55062963.72,1278.9,published_numeric,4038,published_numeric,STATISTIKPORTAL_INTEGRATED_2024_T1,DE_ATLAS_HA26_GEM_2024,DE_ATLAS_HA26_KRS_2023
07312000,07312,07,"Kaiserslautern,St",100471,784451141.52,7807.74,376185001.00,108786809.00,299479331.52,1568.2,published_numeric,5262,published_numeric,STATISTIKPORTAL_INTEGRATED_2024_T1,DE_ATLAS_HA26_GEM_2024,DE_ATLAS_HA26_KRS_2023
07313000,07313,07,"Landau in der Pfalz,St",48260,111245789.24,2305.13,48581602.00,45690736.06,16973451.18,1693.7,published_numeric,234,published_numeric,STATISTIKPORTAL_INTEGRATED_2024_T1,DE_ATLAS_HA26_GEM_2024,DE_ATLAS_HA26_KRS_2023
07314000,07314,07,"Ludwigshafen am Rhein,St",176433,1625309659.09,9212.05,947065902.00,113674199.76,564569557.33,1402.7,published_numeric,3028,published_numeric,STATISTIKPORTAL_INTEGRATED_2024_T1,DE_ATLAS_HA26_GEM_2024,DE_ATLAS_HA26_KRS_2023
07315000,07315,07,"Mainz,St",224598,1592994401.58,7092.65,456933082.00,44822131.94,1091239187.64,3052,published_numeric,670,published_numeric,STATISTIKPORTAL_INTEGRATED_2024_T1,DE_ATLAS_HA26_GEM_2024,DE_ATLAS_HA26_KRS_2023
07316000,07316,07,"Neustadt a.d.Weinstr.,St",52823,194952149.59,3690.67,114839147.00,186509.16,79926493.43,1521.8,published_numeric,0,published_zero,STATISTIKPORTAL_INTEGRATED_2024_T1,DE_ATLAS_HA26_GEM_2024,DE_ATLAS_HA26_KRS_2023
07317000,07317,07,"Pirmasens,St",39671,244016828.27,6151.01,155472077.00,635317.65,87909433.62,1348.2,published_numeric,8578,published_numeric,STATISTIKPORTAL_INTEGRATED_2024_T1,DE_ATLAS_HA26_GEM_2024,DE_ATLAS_HA26_KRS_2023
07318000,07318,07,"Speyer,St",49585,218806698.25,4412.76,104630317.00,2381777.59,111794603.66,2224.1,published_numeric,1117,published_numeric,STATISTIKPORTAL_INTEGRATED_2024_T1,DE_ATLAS_HA26_GEM_2024,DE_ATLAS_HA26_KRS_2023
07319000,07319,07,"Worms,St",86583,509436363.36,5883.79,393054931.00,30617690.28,85763742.08,1346.7,published_numeric,3009,published_numeric,STATISTIKPORTAL_INTEGRATED_2024_T1,DE_ATLAS_HA26_GEM_2024,DE_ATLAS_HA26_KRS_2023
07320000,07320,07,"Zweibrücken,St",33480,155569200.79,4646.63,112662570.00,2465429.54,40441201.25,1642.2,published_numeric,5097,published_numeric,STATISTIKPORTAL_INTEGRATED_2024_T1,DE_ATLAS_HA26_GEM_2024,DE_ATLAS_HA26_KRS_2023
08111000,08111,08,Landeshauptstadt Stuttgart,612986,1959121050.54,3196.03,0.00,550696166.96,1408424883.58,3167.4,published_numeric,0,published_zero,STATISTIKPORTAL_INTEGRATED_2024_T1,DE_ATLAS_HA26_GEM_2024,DE_ATLAS_HA26_KRS_2023
08121000,08121,08,"Stadt Heilbronn, Stadtkreis",131921,570851546.24,4327.22,825000.00,365063.80,569661482.44,2064.6,published_numeric,0,published_zero,STATISTIKPORTAL_INTEGRATED_2024_T1,DE_ATLAS_HA26_GEM_2024,DE_ATLAS_HA26_KRS_2023
08211000,08211,08,"Stadt Baden-Baden, Stadtkreis",56738,366590676.05,6461.11,50752929.00,10869191.00,304968556.05,1802.9,published_numeric,0,published_zero,STATISTIKPORTAL_INTEGRATED_2024_T1,DE_ATLAS_HA26_GEM_2024,DE_ATLAS_HA26_KRS_2023
08212000,08212,08,"Stadt Karlsruhe, Stadtkreis",308176,3462899110.62,11236.76,687230058.00,1079664162.75,1696004889.87,2151,published_numeric,201,published_numeric,STATISTIKPORTAL_INTEGRATED_2024_T1,DE_ATLAS_HA26_GEM_2024,DE_ATLAS_HA26_KRS_2023
08221000,08221,08,"Stadt Heidelberg, Stadtkreis",155662,1678816737.22,10785.01,335696797.00,254800665.84,1088319274.38,1821.9,published_numeric,0,published_zero,STATISTIKPORTAL_INTEGRATED_2024_T1,DE_ATLAS_HA26_GEM_2024,DE_ATLAS_HA26_KRS_2023
08222000,08222,08,"Stadt Mannheim, Stadtkreis",316570,3413019955.05,10781.25,498368564.00,515071308.90,2399580082.15,2058.9,published_numeric,0,published_zero,STATISTIKPORTAL_INTEGRATED_2024_T1,DE_ATLAS_HA26_GEM_2024,DE_ATLAS_HA26_KRS_2023
08231000,08231,08,"Stadt Pforzheim, Stadtkreis",134973,483384917.08,3581.35,80066541.00,22048697.20,381269678.88,1548.6,published_numeric,0,published_zero,STATISTIKPORTAL_INTEGRATED_2024_T1,DE_ATLAS_HA26_GEM_2024,DE_ATLAS_HA26_KRS_2023
08311000,08311,08,"Stadt Freiburg im Breisgau, Stadtkreis",236182,1595728689.59,6756.35,358202038.00,259455178.51,978071473.08,1912.9,published_numeric,0,published_zero,STATISTIKPORTAL_INTEGRATED_2024_T1,DE_ATLAS_HA26_GEM_2024,DE_ATLAS_HA26_KRS_2023
08421000,08421,08,"Stadt Ulm, Stadtkreis",129317,1465714872.72,11334.28,118060327.00,3977031.46,1343677514.26,2472.6,published_numeric,0,published_zero,STATISTIKPORTAL_INTEGRATED_2024_T1,DE_ATLAS_HA26_GEM_2024,DE_ATLAS_HA26_KRS_2023
09161000,09161,09,"Ingolstadt, kreisfreie Stadt",139832,844328482.64,6038.16,20000000.00,35148730.14,789179752.50,2043.3,published_numeric,0,published_zero,STATISTIKPORTAL_INTEGRATED_2024_T1,DE_ATLAS_HA26_GEM_2024,DE_ATLAS_HA26_KRS_2023
09162000,09162,09,"München, Landeshauptstadt",1497009,11518224521.51,7694.16,5477477259.00,174410124.55,5866337137.96,3103.8,published_numeric,0,published_zero,STATISTIKPORTAL_INTEGRATED_2024_T1,DE_ATLAS_HA26_GEM_2024,DE_ATLAS_HA26_KRS_2023
09163000,09163,09,"Rosenheim, kreisfreie Stadt",64899,443592881.12,6835.13,69036512.00,3459575.97,371096793.15,1820.4,published_numeric,109,published_numeric,STATISTIKPORTAL_INTEGRATED_2024_T1,DE_ATLAS_HA26_GEM_2024,DE_ATLAS_HA26_KRS_2023
09261000,09261,09,"Landshut, kreisfreie Stadt",69025,329606693.33,4775.18,170588957.00,11468605.35,147549130.98,1821.7,published_numeric,0,published_zero,STATISTIKPORTAL_INTEGRATED_2024_T1,DE_ATLAS_HA26_GEM_2024,DE_ATLAS_HA26_KRS_2023
09262000,09262,09,"Passau, kreisfreie Stadt",52974,234187699.23,4420.80,138215878.00,19250182.70,76721638.53,1721.5,published_numeric,0,published_zero,STATISTIKPORTAL_INTEGRATED_2024_T1,DE_ATLAS_HA26_GEM_2024,DE_ATLAS_HA26_KRS_2023
09263000,09263,09,"Straubing, kreisfreie Stadt",47759,308861298.92,6467.08,101006949.00,13337999.34,194516350.58,1922.5,published_numeric,0,published_zero,STATISTIKPORTAL_INTEGRATED_2024_T1,DE_ATLAS_HA26_GEM_2024,DE_ATLAS_HA26_KRS_2023
09361000,09361,09,"Amberg, kreisfreie Stadt",42363,93007820.31,2195.50,18157377.00,1382346.76,73468096.55,1819.2,published_numeric,0,published_zero,STATISTIKPORTAL_INTEGRATED_2024_T1,DE_ATLAS_HA26_GEM_2024,DE_ATLAS_HA26_KRS_2023
09362000,09362,09,"Regensburg, kreisfreie Stadt",150678,546898880.83,3629.59,110599769.00,25661923.21,410637188.62,2582.6,published_numeric,0,published_zero,STATISTIKPORTAL_INTEGRATED_2024_T1,DE_ATLAS_HA26_GEM_2024,DE_ATLAS_HA26_KRS_2023
09363000,09363,09,"Weiden i.d. Oberpfalz, kreisfreie Stadt",42385,209010842.36,4931.25,70985106.00,664470.34,137361266.02,1773.5,published_numeric,0,published_zero,STATISTIKPORTAL_INTEGRATED_2024_T1,DE_ATLAS_HA26_GEM_2024,DE_ATLAS_HA26_KRS_2023
09461000,09461,09,"Bamberg, kreisfreie Stadt",74701,217512531.22,2911.78,3737521.00,7784095.19,205990915.03,1654.9,published_numeric,0,published_zero,STATISTIKPORTAL_INTEGRATED_2024_T1,DE_ATLAS_HA26_GEM_2024,DE_ATLAS_HA26_KRS_2023
09462000,09462,09,"Bayreuth, kreisfreie Stadt",72857,154923534.41,2126.41,43122599.00,8523764.43,103277170.98,2194.3,published_numeric,0,published_zero,STATISTIKPORTAL_INTEGRATED_2024_T1,DE_ATLAS_HA26_GEM_2024,DE_ATLAS_HA26_KRS_2023
09463000,09463,09,"Coburg, kreisfreie Stadt",40945,221709307.78,5414.81,6467340.00,7675216.05,207566751.73,3831.1,published_numeric,0,published_zero,STATISTIKPORTAL_INTEGRATED_2024_T1,DE_ATLAS_HA26_GEM_2024,DE_ATLAS_HA26_KRS_2023
09464000,09464,09,"Hof, kreisfreie Stadt",46672,104173930.80,2232.04,69984675.00,6638015.96,27551239.84,1469,published_numeric,0,published_zero,STATISTIKPORTAL_INTEGRATED_2024_T1,DE_ATLAS_HA26_GEM_2024,DE_ATLAS_HA26_KRS_2023
09561000,09561,09,"Ansbach, kreisfreie Stadt",39582,130136935.24,3287.78,16129935.00,8389820.27,105617179.97,1855,published_numeric,0,published_zero,STATISTIKPORTAL_INTEGRATED_2024_T1,DE_ATLAS_HA26_GEM_2024,DE_ATLAS_HA26_KRS_2023
09562000,09562,09,"Erlangen, kreisfreie Stadt",115583,883919407.90,7647.49,144399988.00,9632206.91,729887212.99,1721.5,published_numeric,0,published_zero,STATISTIKPORTAL_INTEGRATED_2024_T1,DE_ATLAS_HA26_GEM_2024,DE_ATLAS_HA26_KRS_2023
09563000,09563,09,"Fürth, kreisfreie Stadt",131774,538370869.14,4085.56,155000332.00,29625511.86,353745025.28,1598.7,published_numeric,0,published_zero,STATISTIKPORTAL_INTEGRATED_2024_T1,DE_ATLAS_HA26_GEM_2024,DE_ATLAS_HA26_KRS_2023
09564000,09564,09,"Nürnberg, kreisfreie Stadt",528304,4441480998.25,8407.06,1793543895.00,412834019.45,2235103083.80,2050.4,published_numeric,6,published_numeric,STATISTIKPORTAL_INTEGRATED_2024_T1,DE_ATLAS_HA26_GEM_2024,DE_ATLAS_HA26_KRS_2023
09565000,09565,09,"Schwabach, kreisfreie Stadt",40919,87088187.71,2128.31,27334634.00,2093353.28,57660200.43,1859.9,published_numeric,0,published_zero,STATISTIKPORTAL_INTEGRATED_2024_T1,DE_ATLAS_HA26_GEM_2024,DE_ATLAS_HA26_KRS_2023
09661000,09661,09,"Aschaffenburg, kreisfreie Stadt",72788,295758878.17,4063.29,37774787.00,10455355.93,247528735.24,2123.9,published_numeric,0,published_zero,STATISTIKPORTAL_INTEGRATED_2024_T1,DE_ATLAS_HA26_GEM_2024,DE_ATLAS_HA26_KRS_2023
09662000,09662,09,"Schweinfurt, kreisfreie Stadt",54193,223424325.19,4122.75,22579414.00,219589.71,200625321.48,1999.7,published_numeric,0,published_zero,STATISTIKPORTAL_INTEGRATED_2024_T1,DE_ATLAS_HA26_GEM_2024,DE_ATLAS_HA26_KRS_2023
09663000,09663,09,"Würzburg, kreisfreie Stadt",132304,875880760.18,6620.21,177239740.00,142299901.79,556341118.39,1889.1,published_numeric,0,published_zero,STATISTIKPORTAL_INTEGRATED_2024_T1,DE_ATLAS_HA26_GEM_2024,DE_ATLAS_HA26_KRS_2023
09761000,09761,09,"Augsburg, kreisfreie Stadt",299573,1790762172.45,5977.72,438455429.00,8354540.87,1343952202.58,1603.1,published_numeric,0,published_zero,STATISTIKPORTAL_INTEGRATED_2024_T1,DE_ATLAS_HA26_GEM_2024,DE_ATLAS_HA26_KRS_2023
09762000,09762,09,"Kaufbeuren, kreisfreie Stadt",46048,132275706.06,2872.56,58024656.00,10922695.36,63328354.70,1393.4,published_numeric,0,published_zero,STATISTIKPORTAL_INTEGRATED_2024_T1,DE_ATLAS_HA26_GEM_2024,DE_ATLAS_HA26_KRS_2023
09763000,09763,09,"Kempten (Allgäu), kreisfreie Stadt",65863,277619959.64,4215.11,0.00,21114357.23,256505602.41,1789,published_numeric,0,published_zero,STATISTIKPORTAL_INTEGRATED_2024_T1,DE_ATLAS_HA26_GEM_2024,DE_ATLAS_HA26_KRS_2023
09764000,09764,09,"Memmingen, kreisfreie Stadt",44121,100105006.45,2268.87,46134612.00,227535.93,53742858.52,2139.7,published_numeric,0,published_zero,STATISTIKPORTAL_INTEGRATED_2024_T1,DE_ATLAS_HA26_GEM_2024,DE_ATLAS_HA26_KRS_2023
12051000,12051,12,Brandenburg an der Havel,74009,142897884.69,1930.82,1508870.00,2048551.89,139340462.80,892.1,published_numeric,0,published_zero,STATISTIKPORTAL_INTEGRATED_2024_T1,DE_ATLAS_HA26_GEM_2024,DE_ATLAS_HA26_KRS_2023
12052000,12052,12,Cottbus,94754,347391278.87,3666.24,21645046.00,15082810.29,310663422.58,1596.6,published_numeric,0,published_zero,STATISTIKPORTAL_INTEGRATED_2024_T1,DE_ATLAS_HA26_GEM_2024,DE_ATLAS_HA26_KRS_2023
12053000,12053,12,Frankfurt (Oder),57071,278488542.84,4879.69,21802694.00,25432623.29,231253225.55,1045.6,published_numeric,0,published_zero,STATISTIKPORTAL_INTEGRATED_2024_T1,DE_ATLAS_HA26_GEM_2024,DE_ATLAS_HA26_KRS_2023
12054000,12054,12,Potsdam,184745,1189362043.54,6437.86,44014161.00,235431832.89,909916049.65,1402.8,published_numeric,0,published_zero,STATISTIKPORTAL_INTEGRATED_2024_T1,DE_ATLAS_HA26_GEM_2024,DE_ATLAS_HA26_KRS_2023
13003000,13003,13,"Rostock, Hanse- und Universitätsstadt",204706,1667641278.58,8146.52,187357929.00,227577436.80,1252705912.78,1237.2,published_numeric,0,published_zero,STATISTIKPORTAL_INTEGRATED_2024_T1,DE_ATLAS_HA26_GEM_2024,DE_ATLAS_HA26_KRS_2023
13004000,13004,13,"Schwerin, Landeshauptstadt",97944,772824820.76,7890.48,206042994.00,15601822.02,551180004.74,1110.7,published_numeric,599,published_numeric,STATISTIKPORTAL_INTEGRATED_2024_T1,DE_ATLAS_HA26_GEM_2024,DE_ATLAS_HA26_KRS_2023
14511000,14511,14,"Chemnitz, Stadt",244661,1008307637.40,4121.24,190913625.00,77690621.73,739703390.67,1125.3,published_numeric,0,published_zero,STATISTIKPORTAL_INTEGRATED_2024_T1,DE_ATLAS_HA26_GEM_2024,DE_ATLAS_HA26_KRS_2023
14612000,14612,14,"Dresden, Stadt",562920,1800233644.99,3198.03,0.00,279694001.59,1520539643.40,1346.5,published_numeric,0,published_zero,STATISTIKPORTAL_INTEGRATED_2024_T1,DE_ATLAS_HA26_GEM_2024,DE_ATLAS_HA26_KRS_2023
14713000,14713,14,"Leipzig, Stadt",609011,3437407145.22,5644.24,1107553689.00,43906498.42,2285946957.80,1476.5,published_numeric,400,published_numeric,STATISTIKPORTAL_INTEGRATED_2024_T1,DE_ATLAS_HA26_GEM_2024,DE_ATLAS_HA26_KRS_2023
15001000,15001,15,"Dessau-Roßlau, Stadt",75662,270763087.34,3578.59,40172753.00,130.32,230590204.02,1060.4,published_numeric,89,published_numeric,STATISTIKPORTAL_INTEGRATED_2024_T1,DE_ATLAS_HA26_GEM_2024,DE_ATLAS_HA26_KRS_2023
15002000,15002,15,"Halle (Saale), Stadt",227002,1756642316.54,7738.44,691044505.00,6574464.34,1059023347.20,982.3,published_numeric,1586,published_numeric,STATISTIKPORTAL_INTEGRATED_2024_T1,DE_ATLAS_HA26_GEM_2024,DE_ATLAS_HA26_KRS_2023
15003000,15003,15,"Magdeburg, Landeshauptstadt",242909,1354619882.70,5576.66,509072126.00,138546524.45,707001232.25,1094.6,published_numeric,105,published_numeric,STATISTIKPORTAL_INTEGRATED_2024_T1,DE_ATLAS_HA26_GEM_2024,DE_ATLAS_HA26_KRS_2023
16051000,16051,16,"Erfurt, Stadt",218830,477308566.82,2181.18,52475099.00,99014060.69,325819407.13,1117.4,published_numeric,0,published_zero,STATISTIKPORTAL_INTEGRATED_2024_T1,DE_ATLAS_HA26_GEM_2024,DE_ATLAS_HA26_KRS_2023
16052000,16052,16,"Gera, Stadt",95593,193515015.00,2024.36,48825486.00,4288196.42,140401332.58,961.2,published_numeric,0,published_zero,STATISTIKPORTAL_INTEGRATED_2024_T1,DE_ATLAS_HA26_GEM_2024,DE_ATLAS_HA26_KRS_2023
16053000,16053,16,"Jena, Stadt",109718,424367358.71,3867.80,0.00,80691681.45,343675677.26,1338.9,published_numeric,0,published_zero,STATISTIKPORTAL_INTEGRATED_2024_T1,DE_ATLAS_HA26_GEM_2024,DE_ATLAS_HA26_KRS_2023
16054000,16054,16,"Suhl, Stadt",35316,128796354.14,3646.97,3845510.00,5320737.18,119630106.96,1029.8,published_numeric,0,published_zero,STATISTIKPORTAL_INTEGRATED_2024_T1,DE_ATLAS_HA26_GEM_2024,DE_ATLAS_HA26_KRS_2023
16055000,16055,16,"Weimar, Stadt",65697,229412538.55,3491.98,36107390.00,3443132.93,189862015.62,888.4,published_numeric,0,published_zero,STATISTIKPORTAL_INTEGRATED_2024_T1,DE_ATLAS_HA26_GEM_2024,DE_ATLAS_HA26_KRS_2023
