ags8,county_ags5,name_de,state_code,year,tax_capacity_eur_per_capita,value_status,source_id
01001000,01001,"Flensburg, Stadt",01,2024,1600,published_numeric,DE_ATLAS_HA26_GEM_2024
01002000,01002,"Kiel, Landeshauptstadt",01,2024,1406,published_numeric,DE_ATLAS_HA26_GEM_2024
01003000,01003,"Lübeck, Hansestadt",01,2024,1471.1,published_numeric,DE_ATLAS_HA26_GEM_2024
01004000,01004,"Neumünster, Stadt",01,2024,1573.1,published_numeric,DE_ATLAS_HA26_GEM_2024
01051001,01051,Albersdorf,01,2024,1495.3,published_numeric,DE_ATLAS_HA26_GEM_2024
01051002,01051,Arkebek,01,2024,1437.2,published_numeric,DE_ATLAS_HA26_GEM_2024
01051003,01051,Averlak,01,2024,850.7,published_numeric,DE_ATLAS_HA26_GEM_2024
01051004,01051,Bargenstedt,01,2024,1308.8,published_numeric,DE_ATLAS_HA26_GEM_2024
01051005,01051,Barkenholm,01,2024,1223.2,published_numeric,DE_ATLAS_HA26_GEM_2024
01051006,01051,Barlt,01,2024,2491.7,published_numeric,DE_ATLAS_HA26_GEM_2024
01051008,01051,Bergewöhrden,01,2024,3690.4,published_numeric,DE_ATLAS_HA26_GEM_2024
01051010,01051,Brickeln,01,2024,1146.9,published_numeric,DE_ATLAS_HA26_GEM_2024
01051011,01051,"Brunsbüttel, Stadt",01,2024,2543.1,published_numeric,DE_ATLAS_HA26_GEM_2024
01051012,01051,Buchholz,01,2024,911.1,published_numeric,DE_ATLAS_HA26_GEM_2024
01051013,01051,Büsum,01,2024,1896.7,published_numeric,DE_ATLAS_HA26_GEM_2024
01051014,01051,Büsumer Deichhausen,01,2024,1148.7,published_numeric,DE_ATLAS_HA26_GEM_2024
01051015,01051,Bunsoh,01,2024,1038.3,published_numeric,DE_ATLAS_HA26_GEM_2024
01051016,01051,Burg (Dithmarschen),01,2024,939.1,published_numeric,DE_ATLAS_HA26_GEM_2024
01051017,01051,Busenwurth,01,2024,1489.8,published_numeric,DE_ATLAS_HA26_GEM_2024
01051019,01051,Dellstedt,01,2024,916.9,published_numeric,DE_ATLAS_HA26_GEM_2024
01051020,01051,Delve,01,2024,1029.4,published_numeric,DE_ATLAS_HA26_GEM_2024
01051021,01051,Diekhusen-Fahrstedt,01,2024,2136.2,published_numeric,DE_ATLAS_HA26_GEM_2024
01051022,01051,Dingen,01,2024,1281.9,published_numeric,DE_ATLAS_HA26_GEM_2024
01051023,01051,Dörpling,01,2024,1103.2,published_numeric,DE_ATLAS_HA26_GEM_2024
01051024,01051,Eddelak,01,2024,1607.9,published_numeric,DE_ATLAS_HA26_GEM_2024
01051026,01051,Eggstedt,01,2024,1108.6,published_numeric,DE_ATLAS_HA26_GEM_2024
01051027,01051,Elpersbüttel,01,2024,1321.8,published_numeric,DE_ATLAS_HA26_GEM_2024
01051028,01051,Epenwöhrden,01,2024,1238.2,published_numeric,DE_ATLAS_HA26_GEM_2024
01051030,01051,Fedderingen,01,2024,1679.1,published_numeric,DE_ATLAS_HA26_GEM_2024
01051032,01051,Frestedt,01,2024,1265,published_numeric,DE_ATLAS_HA26_GEM_2024
01051033,01051,Friedrichsgabekoog,01,2024,20414.8,published_numeric,DE_ATLAS_HA26_GEM_2024
01051034,01051,Friedrichskoog,01,2024,2914.6,published_numeric,DE_ATLAS_HA26_GEM_2024
01051035,01051,Gaushorn,01,2024,1288.8,published_numeric,DE_ATLAS_HA26_GEM_2024
01051036,01051,Glüsing,01,2024,6569.4,published_numeric,DE_ATLAS_HA26_GEM_2024
01051037,01051,Großenrade,01,2024,879.1,published_numeric,DE_ATLAS_HA26_GEM_2024
01051038,01051,Groven,01,2024,4887.7,published_numeric,DE_ATLAS_HA26_GEM_2024
01051039,01051,Gudendorf,01,2024,1302.8,published_numeric,DE_ATLAS_HA26_GEM_2024
01051043,01051,Hedwigenkoog,01,2024,6807.7,published_numeric,DE_ATLAS_HA26_GEM_2024
01051044,01051,"Heide, Stadt",01,2024,1433.1,published_numeric,DE_ATLAS_HA26_GEM_2024
01051045,01051,Hellschen-Heringsand-Unterschaar,01,2024,6184.1,published_numeric,DE_ATLAS_HA26_GEM_2024
01051046,01051,Helse,01,2024,1312.6,published_numeric,DE_ATLAS_HA26_GEM_2024
01051047,01051,Hemme,01,2024,4948.7,published_numeric,DE_ATLAS_HA26_GEM_2024
01051048,01051,Hemmingstedt,01,2024,4960.4,published_numeric,DE_ATLAS_HA26_GEM_2024
01051049,01051,Hennstedt,01,2024,1525.1,published_numeric,DE_ATLAS_HA26_GEM_2024
01051050,01051,Hillgroven,01,2024,8856.6,published_numeric,DE_ATLAS_HA26_GEM_2024
01051051,01051,Hochdonn,01,2024,813.7,published_numeric,DE_ATLAS_HA26_GEM_2024
01051052,01051,Hövede,01,2024,1114.9,published_numeric,DE_ATLAS_HA26_GEM_2024
01051053,01051,Hollingstedt,01,2024,977.7,published_numeric,DE_ATLAS_HA26_GEM_2024
01051054,01051,Immenstedt,01,2024,986,published_numeric,DE_ATLAS_HA26_GEM_2024
01051057,01051,Kaiser-Wilhelm-Koog,01,2024,6524.5,published_numeric,DE_ATLAS_HA26_GEM_2024
01051058,01051,Karolinenkoog,01,2024,1956.3,published_numeric,DE_ATLAS_HA26_GEM_2024
01051060,01051,Kleve,01,2024,1137.1,published_numeric,DE_ATLAS_HA26_GEM_2024
01051061,01051,Krempel,01,2024,992.9,published_numeric,DE_ATLAS_HA26_GEM_2024
01051062,01051,Kronprinzenkoog,01,2024,3364.4,published_numeric,DE_ATLAS_HA26_GEM_2024
01051063,01051,Krumstedt,01,2024,1064.2,published_numeric,DE_ATLAS_HA26_GEM_2024
01051064,01051,Kuden,01,2024,971.5,published_numeric,DE_ATLAS_HA26_GEM_2024
01051065,01051,Lehe,01,2024,955.7,published_numeric,DE_ATLAS_HA26_GEM_2024
01051067,01051,Lieth,01,2024,19102.3,published_numeric,DE_ATLAS_HA26_GEM_2024
01051068,01051,Linden,01,2024,1100.4,published_numeric,DE_ATLAS_HA26_GEM_2024
01051069,01051,Lohe-Rickelshof,01,2024,1624.1,published_numeric,DE_ATLAS_HA26_GEM_2024
01051071,01051,Lunden,01,2024,939.4,published_numeric,DE_ATLAS_HA26_GEM_2024
01051072,01051,"Marne, Stadt",01,2024,1383.9,published_numeric,DE_ATLAS_HA26_GEM_2024
01051073,01051,Marnerdeich,01,2024,1368.9,published_numeric,DE_ATLAS_HA26_GEM_2024
01051074,01051,"Meldorf, Stadt",01,2024,1486.9,published_numeric,DE_ATLAS_HA26_GEM_2024
01051075,01051,Neuenkirchen,01,2024,2679.9,published_numeric,DE_ATLAS_HA26_GEM_2024
01051076,01051,Neufeld,01,2024,5702.5,published_numeric,DE_ATLAS_HA26_GEM_2024
01051077,01051,Neufelderkoog,01,2024,2396.1,published_numeric,DE_ATLAS_HA26_GEM_2024
01051078,01051,Nindorf,01,2024,1631.6,published_numeric,DE_ATLAS_HA26_GEM_2024
01051079,01051,Norddeich,01,2024,2364.4,published_numeric,DE_ATLAS_HA26_GEM_2024
01051080,01051,Norderheistedt,01,2024,5353.2,published_numeric,DE_ATLAS_HA26_GEM_2024
01051081,01051,Norderwöhrden,01,2024,10890.2,published_numeric,DE_ATLAS_HA26_GEM_2024
01051082,01051,Nordhastedt,01,2024,1225.3,published_numeric,DE_ATLAS_HA26_GEM_2024
01051083,01051,Odderade,01,2024,1161.3,published_numeric,DE_ATLAS_HA26_GEM_2024
01051084,01051,Oesterdeichstrich,01,2024,1795,published_numeric,DE_ATLAS_HA26_GEM_2024
01051085,01051,Offenbüttel,01,2024,1148.1,published_numeric,DE_ATLAS_HA26_GEM_2024
01051086,01051,Osterrade,01,2024,1541.5,published_numeric,DE_ATLAS_HA26_GEM_2024
01051087,01051,Ostrohe,01,2024,1604.9,published_numeric,DE_ATLAS_HA26_GEM_2024
01051088,01051,Pahlen,01,2024,1415.7,published_numeric,DE_ATLAS_HA26_GEM_2024
01051089,01051,Quickborn,01,2024,864.9,published_numeric,DE_ATLAS_HA26_GEM_2024
01051090,01051,Ramhusen,01,2024,899.8,published_numeric,DE_ATLAS_HA26_GEM_2024
01051092,01051,Rehm-Flehde-Bargen,01,2024,1277.7,published_numeric,DE_ATLAS_HA26_GEM_2024
01051093,01051,Reinsbüttel,01,2024,2000.8,published_numeric,DE_ATLAS_HA26_GEM_2024
01051096,01051,Sankt Annen,01,2024,1516.1,published_numeric,DE_ATLAS_HA26_GEM_2024
01051097,01051,Sankt Michaelisdonn,01,2024,1344.7,published_numeric,DE_ATLAS_HA26_GEM_2024
01051098,01051,Sarzbüttel,01,2024,1904.7,published_numeric,DE_ATLAS_HA26_GEM_2024
01051099,01051,Schafstedt,01,2024,1176.9,published_numeric,DE_ATLAS_HA26_GEM_2024
01051100,01051,Schalkholz,01,2024,1349.9,published_numeric,DE_ATLAS_HA26_GEM_2024
01051102,01051,Schlichting,01,2024,821.3,published_numeric,DE_ATLAS_HA26_GEM_2024
01051103,01051,Schmedeswurth,01,2024,2087.1,published_numeric,DE_ATLAS_HA26_GEM_2024
01051104,01051,Schrum,01,2024,2734.7,published_numeric,DE_ATLAS_HA26_GEM_2024
01051105,01051,Schülp,01,2024,2670.8,published_numeric,DE_ATLAS_HA26_GEM_2024
01051107,01051,Stelle-Wittenwurth,01,2024,1534.9,published_numeric,DE_ATLAS_HA26_GEM_2024
01051108,01051,Strübbel,01,2024,8742.4,published_numeric,DE_ATLAS_HA26_GEM_2024
01051109,01051,Süderdeich,01,2024,3038,published_numeric,DE_ATLAS_HA26_GEM_2024
01051110,01051,Süderhastedt,01,2024,1073.6,published_numeric,DE_ATLAS_HA26_GEM_2024
01051113,01051,Wöhrden,01,2024,2787.6,published_numeric,DE_ATLAS_HA26_GEM_2024
01051114,01051,Tellingstedt,01,2024,1367.3,published_numeric,DE_ATLAS_HA26_GEM_2024
01051117,01051,Tielenhemme,01,2024,803.1,published_numeric,DE_ATLAS_HA26_GEM_2024
01051118,01051,Trennewurth,01,2024,2459,published_numeric,DE_ATLAS_HA26_GEM_2024
01051119,01051,Volsemenhusen,01,2024,1891.2,published_numeric,DE_ATLAS_HA26_GEM_2024
01051120,01051,Wallen,01,2024,1453.4,published_numeric,DE_ATLAS_HA26_GEM_2024
01051121,01051,Warwerort,01,2024,1136.2,published_numeric,DE_ATLAS_HA26_GEM_2024
01051122,01051,Weddingstedt,01,2024,1708.2,published_numeric,DE_ATLAS_HA26_GEM_2024
01051125,01051,Welmbüttel,01,2024,1289,published_numeric,DE_ATLAS_HA26_GEM_2024
01051126,01051,Wennbüttel,01,2024,752.9,published_numeric,DE_ATLAS_HA26_GEM_2024
01051127,01051,"Wesselburen, Stadt",01,2024,1398.6,published_numeric,DE_ATLAS_HA26_GEM_2024
01051128,01051,Wesselburener Deichhausen,01,2024,9092,published_numeric,DE_ATLAS_HA26_GEM_2024
01051129,01051,Wesselburenerkoog,01,2024,3669.4,published_numeric,DE_ATLAS_HA26_GEM_2024
01051130,01051,Wesseln,01,2024,1782.4,published_numeric,DE_ATLAS_HA26_GEM_2024
01051131,01051,Westerborstel,01,2024,1890.8,published_numeric,DE_ATLAS_HA26_GEM_2024
01051132,01051,Westerdeichstrich,01,2024,1747.5,published_numeric,DE_ATLAS_HA26_GEM_2024
01051133,01051,Wiemerstedt,01,2024,1637.5,published_numeric,DE_ATLAS_HA26_GEM_2024
01051134,01051,Windbergen,01,2024,1164.3,published_numeric,DE_ATLAS_HA26_GEM_2024
01051135,01051,Wolmersdorf,01,2024,1193.5,published_numeric,DE_ATLAS_HA26_GEM_2024
01051136,01051,Wrohm,01,2024,1572.7,published_numeric,DE_ATLAS_HA26_GEM_2024
01051137,01051,Nordermeldorf,01,2024,1846.8,published_numeric,DE_ATLAS_HA26_GEM_2024
01051138,01051,Tensbüttel-Röst,01,2024,1777.9,published_numeric,DE_ATLAS_HA26_GEM_2024
01051139,01051,Süderdorf,01,2024,3125.2,published_numeric,DE_ATLAS_HA26_GEM_2024
01051140,01051,Oesterwurth,01,2024,6516.1,published_numeric,DE_ATLAS_HA26_GEM_2024
01051141,01051,Süderheistedt,01,2024,1899.6,published_numeric,DE_ATLAS_HA26_GEM_2024
01053001,01053,Albsfelde,01,2024,1199.5,published_numeric,DE_ATLAS_HA26_GEM_2024
01053002,01053,Alt-Mölln,01,2024,1797.5,published_numeric,DE_ATLAS_HA26_GEM_2024
01053003,01053,Aumühle,01,2024,1540.2,published_numeric,DE_ATLAS_HA26_GEM_2024
01053004,01053,Bäk,01,2024,1056,published_numeric,DE_ATLAS_HA26_GEM_2024
01053005,01053,Bälau,01,2024,1493.9,published_numeric,DE_ATLAS_HA26_GEM_2024
01053006,01053,Basedow,01,2024,1203.5,published_numeric,DE_ATLAS_HA26_GEM_2024
01053007,01053,Basthorst,01,2024,1333.7,published_numeric,DE_ATLAS_HA26_GEM_2024
01053008,01053,Behlendorf,01,2024,975.8,published_numeric,DE_ATLAS_HA26_GEM_2024
01053009,01053,Berkenthin,01,2024,1024.4,published_numeric,DE_ATLAS_HA26_GEM_2024
01053010,01053,Besenthal,01,2024,645.7,published_numeric,DE_ATLAS_HA26_GEM_2024
01053011,01053,Bliestorf,01,2024,968.8,published_numeric,DE_ATLAS_HA26_GEM_2024
01053012,01053,Börnsen,01,2024,1347.2,published_numeric,DE_ATLAS_HA26_GEM_2024
01053013,01053,Borstorf,01,2024,993.1,published_numeric,DE_ATLAS_HA26_GEM_2024
01053014,01053,Breitenfelde,01,2024,1406.9,published_numeric,DE_ATLAS_HA26_GEM_2024
01053015,01053,Bröthen,01,2024,993.3,published_numeric,DE_ATLAS_HA26_GEM_2024
01053016,01053,Brunsmark,01,2024,877.9,published_numeric,DE_ATLAS_HA26_GEM_2024
01053017,01053,Brunstorf,01,2024,1100.6,published_numeric,DE_ATLAS_HA26_GEM_2024
01053018,01053,Buchholz,01,2024,1215.8,published_numeric,DE_ATLAS_HA26_GEM_2024
01053019,01053,Buchhorst,01,2024,1992.8,published_numeric,DE_ATLAS_HA26_GEM_2024
01053020,01053,Büchen,01,2024,1632.9,published_numeric,DE_ATLAS_HA26_GEM_2024
01053021,01053,Dahmker,01,2024,3737.5,published_numeric,DE_ATLAS_HA26_GEM_2024
01053022,01053,Dalldorf,01,2024,987,published_numeric,DE_ATLAS_HA26_GEM_2024
01053023,01053,Dassendorf,01,2024,1717.2,published_numeric,DE_ATLAS_HA26_GEM_2024
01053024,01053,Düchelsdorf,01,2024,834.4,published_numeric,DE_ATLAS_HA26_GEM_2024
01053025,01053,Duvensee,01,2024,1220.2,published_numeric,DE_ATLAS_HA26_GEM_2024
01053026,01053,Einhaus,01,2024,953.3,published_numeric,DE_ATLAS_HA26_GEM_2024
01053027,01053,Elmenhorst,01,2024,4298.6,published_numeric,DE_ATLAS_HA26_GEM_2024
01053028,01053,Escheburg,01,2024,1101.7,published_numeric,DE_ATLAS_HA26_GEM_2024
01053029,01053,Fitzen,01,2024,990.3,published_numeric,DE_ATLAS_HA26_GEM_2024
01053030,01053,Fredeburg,01,2024,2615,published_numeric,DE_ATLAS_HA26_GEM_2024
01053031,01053,Fuhlenhagen,01,2024,978.8,published_numeric,DE_ATLAS_HA26_GEM_2024
01053032,01053,"Geesthacht, Stadt",01,2024,1653.1,published_numeric,DE_ATLAS_HA26_GEM_2024
01053033,01053,Giesensdorf,01,2024,918.1,published_numeric,DE_ATLAS_HA26_GEM_2024
01053034,01053,Göldenitz,01,2024,1214.5,published_numeric,DE_ATLAS_HA26_GEM_2024
01053035,01053,Göttin,01,2024,1020.4,published_numeric,DE_ATLAS_HA26_GEM_2024
01053036,01053,Grabau,01,2024,885.1,published_numeric,DE_ATLAS_HA26_GEM_2024
01053037,01053,Grambek,01,2024,1163.2,published_numeric,DE_ATLAS_HA26_GEM_2024
01053038,01053,Grinau,01,2024,975.8,published_numeric,DE_ATLAS_HA26_GEM_2024
01053039,01053,Groß Boden,01,2024,2085.1,published_numeric,DE_ATLAS_HA26_GEM_2024
01053040,01053,Groß Disnack,01,2024,953.5,published_numeric,DE_ATLAS_HA26_GEM_2024
01053041,01053,Groß Grönau,01,2024,1473.5,published_numeric,DE_ATLAS_HA26_GEM_2024
01053042,01053,Groß Pampau,01,2024,2175.7,published_numeric,DE_ATLAS_HA26_GEM_2024
01053043,01053,Groß Sarau,01,2024,1170.6,published_numeric,DE_ATLAS_HA26_GEM_2024
01053044,01053,Groß Schenkenberg,01,2024,1030.2,published_numeric,DE_ATLAS_HA26_GEM_2024
01053045,01053,Grove,01,2024,2249.4,published_numeric,DE_ATLAS_HA26_GEM_2024
01053046,01053,Gudow,01,2024,970.9,published_numeric,DE_ATLAS_HA26_GEM_2024
01053047,01053,Gülzow,01,2024,927.5,published_numeric,DE_ATLAS_HA26_GEM_2024
01053048,01053,Güster,01,2024,2164.9,published_numeric,DE_ATLAS_HA26_GEM_2024
01053049,01053,Hamfelde,01,2024,1215.5,published_numeric,DE_ATLAS_HA26_GEM_2024
01053050,01053,Hamwarde,01,2024,855.4,published_numeric,DE_ATLAS_HA26_GEM_2024
01053051,01053,Harmsdorf,01,2024,1125.4,published_numeric,DE_ATLAS_HA26_GEM_2024
01053052,01053,Havekost,01,2024,1512.9,published_numeric,DE_ATLAS_HA26_GEM_2024
01053053,01053,Hohenhorn,01,2024,1801.8,published_numeric,DE_ATLAS_HA26_GEM_2024
01053054,01053,Hollenbek,01,2024,753.4,published_numeric,DE_ATLAS_HA26_GEM_2024
01053056,01053,Hornbek,01,2024,1212.9,published_numeric,DE_ATLAS_HA26_GEM_2024
01053057,01053,Horst,01,2024,776,published_numeric,DE_ATLAS_HA26_GEM_2024
01053058,01053,Juliusburg,01,2024,741.9,published_numeric,DE_ATLAS_HA26_GEM_2024
01053059,01053,Kankelau,01,2024,1144,published_numeric,DE_ATLAS_HA26_GEM_2024
01053060,01053,Kasseburg,01,2024,1165.8,published_numeric,DE_ATLAS_HA26_GEM_2024
01053061,01053,Kastorf,01,2024,3096.1,published_numeric,DE_ATLAS_HA26_GEM_2024
01053062,01053,Kittlitz,01,2024,967.5,published_numeric,DE_ATLAS_HA26_GEM_2024
01053064,01053,Klein Pampau,01,2024,990.3,published_numeric,DE_ATLAS_HA26_GEM_2024
01053066,01053,Klein Zecher,01,2024,1345.7,published_numeric,DE_ATLAS_HA26_GEM_2024
01053067,01053,Klempau,01,2024,1551.2,published_numeric,DE_ATLAS_HA26_GEM_2024
01053068,01053,Klinkrade,01,2024,958.6,published_numeric,DE_ATLAS_HA26_GEM_2024
01053069,01053,Koberg,01,2024,1014.3,published_numeric,DE_ATLAS_HA26_GEM_2024
01053070,01053,Köthel,01,2024,1070.6,published_numeric,DE_ATLAS_HA26_GEM_2024
01053071,01053,Kollow,01,2024,1120.5,published_numeric,DE_ATLAS_HA26_GEM_2024
01053072,01053,Kröppelshagen-Fahrendorf,01,2024,1225.2,published_numeric,DE_ATLAS_HA26_GEM_2024
01053073,01053,Krüzen,01,2024,1042.3,published_numeric,DE_ATLAS_HA26_GEM_2024
01053074,01053,Krukow,01,2024,1341.1,published_numeric,DE_ATLAS_HA26_GEM_2024
01053075,01053,Krummesse,01,2024,1513.2,published_numeric,DE_ATLAS_HA26_GEM_2024
01053076,01053,Kuddewörde,01,2024,975,published_numeric,DE_ATLAS_HA26_GEM_2024
01053077,01053,Kühsen,01,2024,935.5,published_numeric,DE_ATLAS_HA26_GEM_2024
01053078,01053,Kulpin,01,2024,1034.7,published_numeric,DE_ATLAS_HA26_GEM_2024
01053079,01053,Labenz,01,2024,1495.4,published_numeric,DE_ATLAS_HA26_GEM_2024
01053080,01053,Langenlehsten,01,2024,774.9,published_numeric,DE_ATLAS_HA26_GEM_2024
01053081,01053,Lankau,01,2024,897.2,published_numeric,DE_ATLAS_HA26_GEM_2024
01053082,01053,Lanze,01,2024,887.5,published_numeric,DE_ATLAS_HA26_GEM_2024
01053083,01053,"Lauenburg/ Elbe, Stadt",01,2024,950.7,published_numeric,DE_ATLAS_HA26_GEM_2024
01053084,01053,Lehmrade,01,2024,1103.9,published_numeric,DE_ATLAS_HA26_GEM_2024
01053085,01053,Linau,01,2024,1128.7,published_numeric,DE_ATLAS_HA26_GEM_2024
01053086,01053,Lüchow,01,2024,1011.8,published_numeric,DE_ATLAS_HA26_GEM_2024
01053087,01053,Lütau,01,2024,1378.3,published_numeric,DE_ATLAS_HA26_GEM_2024
01053088,01053,Mechow,01,2024,870.4,published_numeric,DE_ATLAS_HA26_GEM_2024
01053089,01053,Möhnsen,01,2024,2970.2,published_numeric,DE_ATLAS_HA26_GEM_2024
01053090,01053,"Mölln, Stadt",01,2024,1173.9,published_numeric,DE_ATLAS_HA26_GEM_2024
01053091,01053,Mühlenrade,01,2024,1638.6,published_numeric,DE_ATLAS_HA26_GEM_2024
01053092,01053,Müssen,01,2024,964.3,published_numeric,DE_ATLAS_HA26_GEM_2024
01053093,01053,Mustin,01,2024,1092.7,published_numeric,DE_ATLAS_HA26_GEM_2024
01053094,01053,Niendorf bei Berkenthin,01,2024,854.8,published_numeric,DE_ATLAS_HA26_GEM_2024
01053095,01053,Niendorf/ Stecknitz,01,2024,1120.8,published_numeric,DE_ATLAS_HA26_GEM_2024
01053096,01053,Nusse,01,2024,1244.5,published_numeric,DE_ATLAS_HA26_GEM_2024
01053097,01053,Panten,01,2024,930.3,published_numeric,DE_ATLAS_HA26_GEM_2024
01053098,01053,Pogeez,01,2024,5039.3,published_numeric,DE_ATLAS_HA26_GEM_2024
01053099,01053,Poggensee,01,2024,1435.1,published_numeric,DE_ATLAS_HA26_GEM_2024
01053100,01053,"Ratzeburg, Stadt",01,2024,1304.9,published_numeric,DE_ATLAS_HA26_GEM_2024
01053101,01053,Ritzerau,01,2024,939.9,published_numeric,DE_ATLAS_HA26_GEM_2024
01053102,01053,Römnitz,01,2024,1184.2,published_numeric,DE_ATLAS_HA26_GEM_2024
01053103,01053,Rondeshagen,01,2024,1089,published_numeric,DE_ATLAS_HA26_GEM_2024
01053104,01053,Roseburg,01,2024,1361,published_numeric,DE_ATLAS_HA26_GEM_2024
01053105,01053,"Sachsenwald (Forstgutsbez.),gemfr.Geb.",01,2024,,published_missing_sentinel,DE_ATLAS_HA26_GEM_2024
01053106,01053,Sahms,01,2024,1021.1,published_numeric,DE_ATLAS_HA26_GEM_2024
01053107,01053,Salem,01,2024,1021.1,published_numeric,DE_ATLAS_HA26_GEM_2024
01053108,01053,Sandesneben,01,2024,1320.7,published_numeric,DE_ATLAS_HA26_GEM_2024
01053109,01053,Schiphorst,01,2024,1031.4,published_numeric,DE_ATLAS_HA26_GEM_2024
01053110,01053,Schmilau,01,2024,1728.2,published_numeric,DE_ATLAS_HA26_GEM_2024
01053111,01053,Schnakenbek,01,2024,1240.1,published_numeric,DE_ATLAS_HA26_GEM_2024
01053112,01053,Schönberg,01,2024,1279.7,published_numeric,DE_ATLAS_HA26_GEM_2024
01053113,01053,Schretstaken,01,2024,1038.4,published_numeric,DE_ATLAS_HA26_GEM_2024
01053114,01053,Schürensöhlen,01,2024,1100.8,published_numeric,DE_ATLAS_HA26_GEM_2024
01053115,01053,Schulendorf,01,2024,1050.8,published_numeric,DE_ATLAS_HA26_GEM_2024
01053116,01053,"Schwarzenbek, Stadt",01,2024,1333.7,published_numeric,DE_ATLAS_HA26_GEM_2024
01053117,01053,Seedorf,01,2024,1223.4,published_numeric,DE_ATLAS_HA26_GEM_2024
01053118,01053,Siebenbäumen,01,2024,940.3,published_numeric,DE_ATLAS_HA26_GEM_2024
01053119,01053,Siebeneichen,01,2024,1639.7,published_numeric,DE_ATLAS_HA26_GEM_2024
01053120,01053,Sierksrade,01,2024,719.5,published_numeric,DE_ATLAS_HA26_GEM_2024
01053121,01053,Sirksfelde,01,2024,798.7,published_numeric,DE_ATLAS_HA26_GEM_2024
01053122,01053,Steinhorst,01,2024,967.3,published_numeric,DE_ATLAS_HA26_GEM_2024
01053123,01053,Sterley,01,2024,1472.3,published_numeric,DE_ATLAS_HA26_GEM_2024
01053124,01053,Stubben,01,2024,1286.6,published_numeric,DE_ATLAS_HA26_GEM_2024
01053125,01053,Talkau,01,2024,1032.6,published_numeric,DE_ATLAS_HA26_GEM_2024
01053126,01053,Tramm,01,2024,1456.6,published_numeric,DE_ATLAS_HA26_GEM_2024
01053127,01053,Walksfelde,01,2024,1106.4,published_numeric,DE_ATLAS_HA26_GEM_2024
01053128,01053,Wangelau,01,2024,3361.4,published_numeric,DE_ATLAS_HA26_GEM_2024
01053129,01053,Wentorf bei Hamburg,01,2024,1541.8,published_numeric,DE_ATLAS_HA26_GEM_2024
01053130,01053,Wentorf (Amt Sandesneben),01,2024,1118.1,published_numeric,DE_ATLAS_HA26_GEM_2024
01053131,01053,Wiershop,01,2024,6135.2,published_numeric,DE_ATLAS_HA26_GEM_2024
01053132,01053,Witzeeze,01,2024,876.5,published_numeric,DE_ATLAS_HA26_GEM_2024
01053133,01053,Wohltorf,01,2024,1358.2,published_numeric,DE_ATLAS_HA26_GEM_2024
01053134,01053,Woltersdorf,01,2024,2020.4,published_numeric,DE_ATLAS_HA26_GEM_2024
01053135,01053,Worth,01,2024,1377.3,published_numeric,DE_ATLAS_HA26_GEM_2024
01053136,01053,Ziethen,01,2024,1016.8,published_numeric,DE_ATLAS_HA26_GEM_2024
01054001,01054,Achtrup,01,2024,1372.1,published_numeric,DE_ATLAS_HA26_GEM_2024
01054002,01054,Ahrenshöft,01,2024,1898.5,published_numeric,DE_ATLAS_HA26_GEM_2024
01054003,01054,Ahrenviöl,01,2024,2807.7,published_numeric,DE_ATLAS_HA26_GEM_2024
01054004,01054,Ahrenviölfeld,01,2024,3013.2,published_numeric,DE_ATLAS_HA26_GEM_2024
01054005,01054,Alkersum,01,2024,2050.3,published_numeric,DE_ATLAS_HA26_GEM_2024
01054006,01054,Almdorf,01,2024,1297.7,published_numeric,DE_ATLAS_HA26_GEM_2024
01054007,01054,Arlewatt,01,2024,1694.2,published_numeric,DE_ATLAS_HA26_GEM_2024
01054009,01054,Aventoft,01,2024,2334.5,published_numeric,DE_ATLAS_HA26_GEM_2024
01054010,01054,Bargum,01,2024,806.3,published_numeric,DE_ATLAS_HA26_GEM_2024
01054011,01054,Behrendorf,01,2024,3108,published_numeric,DE_ATLAS_HA26_GEM_2024
01054012,01054,Bohmstedt,01,2024,1622.4,published_numeric,DE_ATLAS_HA26_GEM_2024
01054013,01054,Bondelum,01,2024,1915.9,published_numeric,DE_ATLAS_HA26_GEM_2024
01054014,01054,Bordelum,01,2024,3031.1,published_numeric,DE_ATLAS_HA26_GEM_2024
01054015,01054,Borgsum,01,2024,1356.2,published_numeric,DE_ATLAS_HA26_GEM_2024
01054016,01054,Bosbüll,01,2024,3792.8,published_numeric,DE_ATLAS_HA26_GEM_2024
01054017,01054,Braderup,01,2024,3107.3,published_numeric,DE_ATLAS_HA26_GEM_2024
01054018,01054,Bramstedtlund,01,2024,2900.2,published_numeric,DE_ATLAS_HA26_GEM_2024
01054019,01054,"Bredstedt, Stadt",01,2024,1236.5,published_numeric,DE_ATLAS_HA26_GEM_2024
01054020,01054,Breklum,01,2024,1449.8,published_numeric,DE_ATLAS_HA26_GEM_2024
01054022,01054,Dagebüll,01,2024,7166.7,published_numeric,DE_ATLAS_HA26_GEM_2024
01054023,01054,Drage,01,2024,1385.8,published_numeric,DE_ATLAS_HA26_GEM_2024
01054024,01054,Drelsdorf,01,2024,1270.4,published_numeric,DE_ATLAS_HA26_GEM_2024
01054025,01054,Dunsum,01,2024,1348.1,published_numeric,DE_ATLAS_HA26_GEM_2024
01054026,01054,Elisabeth-Sophien-Koog,01,2024,8431.5,published_numeric,DE_ATLAS_HA26_GEM_2024
01054027,01054,Ellhöft,01,2024,7019.8,published_numeric,DE_ATLAS_HA26_GEM_2024
01054032,01054,Fresendelf,01,2024,703.8,published_numeric,DE_ATLAS_HA26_GEM_2024
01054033,01054,"Friedrichstadt, Stadt",01,2024,1045.6,published_numeric,DE_ATLAS_HA26_GEM_2024
01054034,01054,Friedrich-Wilhelm-Lübke-Koog,01,2024,29807.9,published_numeric,DE_ATLAS_HA26_GEM_2024
01054035,01054,"Garding, Kirchspiel",01,2024,1821.8,published_numeric,DE_ATLAS_HA26_GEM_2024
01054036,01054,"Garding, Stadt",01,2024,1036.9,published_numeric,DE_ATLAS_HA26_GEM_2024
01054037,01054,Goldebek,01,2024,1188.7,published_numeric,DE_ATLAS_HA26_GEM_2024
01054038,01054,Goldelund,01,2024,1678.3,published_numeric,DE_ATLAS_HA26_GEM_2024
01054039,01054,Gröde,01,2024,2099.8,published_numeric,DE_ATLAS_HA26_GEM_2024
01054040,01054,Grothusenkoog,01,2024,3811.1,published_numeric,DE_ATLAS_HA26_GEM_2024
01054041,01054,Haselund,01,2024,1582.9,published_numeric,DE_ATLAS_HA26_GEM_2024
01054042,01054,Hattstedt,01,2024,1120,published_numeric,DE_ATLAS_HA26_GEM_2024
01054043,01054,Hattstedtermarsch,01,2024,1921.1,published_numeric,DE_ATLAS_HA26_GEM_2024
01054045,01054,Högel,01,2024,1056.4,published_numeric,DE_ATLAS_HA26_GEM_2024
01054046,01054,Hörnum (Sylt),01,2024,2272.6,published_numeric,DE_ATLAS_HA26_GEM_2024
01054048,01054,Holm,01,2024,829.4,published_numeric,DE_ATLAS_HA26_GEM_2024
01054050,01054,Hallig Hooge,01,2024,1977.5,published_numeric,DE_ATLAS_HA26_GEM_2024
01054052,01054,Horstedt,01,2024,2619.6,published_numeric,DE_ATLAS_HA26_GEM_2024
01054054,01054,Hude,01,2024,858.8,published_numeric,DE_ATLAS_HA26_GEM_2024
01054055,01054,Humptrup,01,2024,1054.7,published_numeric,DE_ATLAS_HA26_GEM_2024
01054056,01054,"Husum, Stadt",01,2024,1949.5,published_numeric,DE_ATLAS_HA26_GEM_2024
01054057,01054,Immenstedt,01,2024,828,published_numeric,DE_ATLAS_HA26_GEM_2024
01054059,01054,Joldelund,01,2024,1558.8,published_numeric,DE_ATLAS_HA26_GEM_2024
01054061,01054,Kampen (Sylt),01,2024,7385.6,published_numeric,DE_ATLAS_HA26_GEM_2024
01054062,01054,Karlum,01,2024,3098.9,published_numeric,DE_ATLAS_HA26_GEM_2024
01054063,01054,Katharinenheerd,01,2024,930.2,published_numeric,DE_ATLAS_HA26_GEM_2024
01054065,01054,Klanxbüll,01,2024,1298.4,published_numeric,DE_ATLAS_HA26_GEM_2024
01054068,01054,Klixbüll,01,2024,4238.6,published_numeric,DE_ATLAS_HA26_GEM_2024
01054070,01054,Koldenbüttel,01,2024,926.3,published_numeric,DE_ATLAS_HA26_GEM_2024
01054071,01054,Kolkerheide,01,2024,1118,published_numeric,DE_ATLAS_HA26_GEM_2024
01054072,01054,Kotzenbüll,01,2024,734.3,published_numeric,DE_ATLAS_HA26_GEM_2024
01054073,01054,Ladelund,01,2024,1619.8,published_numeric,DE_ATLAS_HA26_GEM_2024
01054074,01054,Langeneß,01,2024,1061.3,published_numeric,DE_ATLAS_HA26_GEM_2024
01054075,01054,Langenhorn,01,2024,2022,published_numeric,DE_ATLAS_HA26_GEM_2024
01054076,01054,Leck,01,2024,1223.4,published_numeric,DE_ATLAS_HA26_GEM_2024
01054077,01054,Lexgaard,01,2024,7379.8,published_numeric,DE_ATLAS_HA26_GEM_2024
01054078,01054,List auf Sylt,01,2024,2618.1,published_numeric,DE_ATLAS_HA26_GEM_2024
01054079,01054,Löwenstedt,01,2024,2804.5,published_numeric,DE_ATLAS_HA26_GEM_2024
01054080,01054,Lütjenholm,01,2024,1904.1,published_numeric,DE_ATLAS_HA26_GEM_2024
01054083,01054,Midlum,01,2024,1290.4,published_numeric,DE_ATLAS_HA26_GEM_2024
01054084,01054,Mildstedt,01,2024,942.4,published_numeric,DE_ATLAS_HA26_GEM_2024
01054085,01054,Nebel,01,2024,2265.2,published_numeric,DE_ATLAS_HA26_GEM_2024
01054086,01054,Neukirchen,01,2024,1231.2,published_numeric,DE_ATLAS_HA26_GEM_2024
01054087,01054,Nieblum,01,2024,1851.4,published_numeric,DE_ATLAS_HA26_GEM_2024
01054088,01054,"Niebüll, Stadt",01,2024,2131.2,published_numeric,DE_ATLAS_HA26_GEM_2024
01054089,01054,Norddorf auf Amrum,01,2024,2866.3,published_numeric,DE_ATLAS_HA26_GEM_2024
01054090,01054,Norderfriedrichskoog,01,2024,30329.2,published_numeric,DE_ATLAS_HA26_GEM_2024
01054091,01054,Nordstrand,01,2024,1015.6,published_numeric,DE_ATLAS_HA26_GEM_2024
01054092,01054,Norstedt,01,2024,2986.4,published_numeric,DE_ATLAS_HA26_GEM_2024
01054093,01054,Ockholm,01,2024,1889.9,published_numeric,DE_ATLAS_HA26_GEM_2024
01054094,01054,Oevenum,01,2024,2030.2,published_numeric,DE_ATLAS_HA26_GEM_2024
01054095,01054,Oldenswort,01,2024,1212.4,published_numeric,DE_ATLAS_HA26_GEM_2024
01054096,01054,Oldersbek,01,2024,1280.2,published_numeric,DE_ATLAS_HA26_GEM_2024
01054097,01054,Olderup,01,2024,2764.7,published_numeric,DE_ATLAS_HA26_GEM_2024
01054098,01054,Oldsum,01,2024,1507.4,published_numeric,DE_ATLAS_HA26_GEM_2024
01054099,01054,Ostenfeld (Husum),01,2024,2458.3,published_numeric,DE_ATLAS_HA26_GEM_2024
01054100,01054,Osterhever,01,2024,1374.8,published_numeric,DE_ATLAS_HA26_GEM_2024
01054101,01054,Oster-Ohrstedt,01,2024,2423.2,published_numeric,DE_ATLAS_HA26_GEM_2024
01054103,01054,Pellworm,01,2024,1489.7,published_numeric,DE_ATLAS_HA26_GEM_2024
01054104,01054,Poppenbüll,01,2024,1012.3,published_numeric,DE_ATLAS_HA26_GEM_2024
01054105,01054,Ramstedt,01,2024,928.5,published_numeric,DE_ATLAS_HA26_GEM_2024
01054106,01054,Rantrum,01,2024,1345.1,published_numeric,DE_ATLAS_HA26_GEM_2024
01054108,01054,Reußenköge,01,2024,22133.3,published_numeric,DE_ATLAS_HA26_GEM_2024
01054109,01054,Risum-Lindholm,01,2024,1979.6,published_numeric,DE_ATLAS_HA26_GEM_2024
01054110,01054,Rodenäs,01,2024,1439.5,published_numeric,DE_ATLAS_HA26_GEM_2024
01054113,01054,Sankt Peter-Ording,01,2024,2578.2,published_numeric,DE_ATLAS_HA26_GEM_2024
01054116,01054,Schwabstedt,01,2024,887.7,published_numeric,DE_ATLAS_HA26_GEM_2024
01054118,01054,Schwesing,01,2024,1527.1,published_numeric,DE_ATLAS_HA26_GEM_2024
01054119,01054,Seeth,01,2024,207.5,published_numeric,DE_ATLAS_HA26_GEM_2024
01054120,01054,Simonsberg,01,2024,2436.9,published_numeric,DE_ATLAS_HA26_GEM_2024
01054121,01054,Sönnebüll,01,2024,3123.7,published_numeric,DE_ATLAS_HA26_GEM_2024
01054123,01054,Sollwitt,01,2024,2551.5,published_numeric,DE_ATLAS_HA26_GEM_2024
01054124,01054,Sprakebüll,01,2024,4646.2,published_numeric,DE_ATLAS_HA26_GEM_2024
01054125,01054,Stadum,01,2024,1746.9,published_numeric,DE_ATLAS_HA26_GEM_2024
01054126,01054,Stedesand,01,2024,1464.4,published_numeric,DE_ATLAS_HA26_GEM_2024
01054128,01054,Struckum,01,2024,1443.3,published_numeric,DE_ATLAS_HA26_GEM_2024
01054129,01054,Süderende,01,2024,1324,published_numeric,DE_ATLAS_HA26_GEM_2024
01054130,01054,Süderhöft,01,2024,1229.5,published_numeric,DE_ATLAS_HA26_GEM_2024
01054131,01054,Süderlügum,01,2024,2369.7,published_numeric,DE_ATLAS_HA26_GEM_2024
01054132,01054,Südermarsch,01,2024,7561.9,published_numeric,DE_ATLAS_HA26_GEM_2024
01054134,01054,Tating,01,2024,1357,published_numeric,DE_ATLAS_HA26_GEM_2024
01054135,01054,Tetenbüll,01,2024,1232.1,published_numeric,DE_ATLAS_HA26_GEM_2024
01054136,01054,Tinningstedt,01,2024,3556.1,published_numeric,DE_ATLAS_HA26_GEM_2024
01054138,01054,"Tönning, Stadt",01,2024,1295.3,published_numeric,DE_ATLAS_HA26_GEM_2024
01054140,01054,Tümlauer Koog,01,2024,1442,published_numeric,DE_ATLAS_HA26_GEM_2024
01054141,01054,Uelvesbüll,01,2024,2058.2,published_numeric,DE_ATLAS_HA26_GEM_2024
01054142,01054,Uphusum,01,2024,1563.4,published_numeric,DE_ATLAS_HA26_GEM_2024
01054143,01054,Utersum,01,2024,1679.5,published_numeric,DE_ATLAS_HA26_GEM_2024
01054144,01054,Viöl,01,2024,1545.1,published_numeric,DE_ATLAS_HA26_GEM_2024
01054145,01054,Vollerwiek,01,2024,1721.5,published_numeric,DE_ATLAS_HA26_GEM_2024
01054146,01054,Vollstedt,01,2024,3036.2,published_numeric,DE_ATLAS_HA26_GEM_2024
01054148,01054,Welt,01,2024,1875.7,published_numeric,DE_ATLAS_HA26_GEM_2024
01054149,01054,Wenningstedt-Braderup (Sylt),01,2024,3538.7,published_numeric,DE_ATLAS_HA26_GEM_2024
01054150,01054,Westerhever,01,2024,1679.8,published_numeric,DE_ATLAS_HA26_GEM_2024
01054152,01054,Wester-Ohrstedt,01,2024,1822.6,published_numeric,DE_ATLAS_HA26_GEM_2024
01054154,01054,Westre,01,2024,4016.8,published_numeric,DE_ATLAS_HA26_GEM_2024
01054156,01054,Winnert,01,2024,1563.2,published_numeric,DE_ATLAS_HA26_GEM_2024
01054157,01054,Wisch,01,2024,1181.3,published_numeric,DE_ATLAS_HA26_GEM_2024
01054158,01054,Witsum,01,2024,2061.6,published_numeric,DE_ATLAS_HA26_GEM_2024
01054159,01054,Wittbek,01,2024,1115,published_numeric,DE_ATLAS_HA26_GEM_2024
01054160,01054,Wittdün auf Amrum,01,2024,2064.5,published_numeric,DE_ATLAS_HA26_GEM_2024
01054161,01054,Witzwort,01,2024,2308.4,published_numeric,DE_ATLAS_HA26_GEM_2024
01054162,01054,Wobbenbüll,01,2024,987.8,published_numeric,DE_ATLAS_HA26_GEM_2024
01054163,01054,Wrixum,01,2024,1349.7,published_numeric,DE_ATLAS_HA26_GEM_2024
01054164,01054,"Wyk auf Föhr, Stadt",01,2024,2127,published_numeric,DE_ATLAS_HA26_GEM_2024
01054165,01054,Galmsbüll,01,2024,12044.3,published_numeric,DE_ATLAS_HA26_GEM_2024
01054166,01054,Emmelsbüll-Horsbüll,01,2024,4400.1,published_numeric,DE_ATLAS_HA26_GEM_2024
01054167,01054,Enge-Sande,01,2024,1866.8,published_numeric,DE_ATLAS_HA26_GEM_2024
01054168,01054,Sylt,01,2024,3304.5,published_numeric,DE_ATLAS_HA26_GEM_2024
01055001,01055,Ahrensbök,01,2024,1154.8,published_numeric,DE_ATLAS_HA26_GEM_2024
01055002,01055,Altenkrempe,01,2024,1562.7,published_numeric,DE_ATLAS_HA26_GEM_2024
01055004,01055,"Bad Schwartau, Stadt",01,2024,1292.6,published_numeric,DE_ATLAS_HA26_GEM_2024
01055006,01055,Beschendorf,01,2024,1014.1,published_numeric,DE_ATLAS_HA26_GEM_2024
01055007,01055,Bosau,01,2024,2037.4,published_numeric,DE_ATLAS_HA26_GEM_2024
01055010,01055,Dahme,01,2024,1704.9,published_numeric,DE_ATLAS_HA26_GEM_2024
01055011,01055,Damlos,01,2024,892.2,published_numeric,DE_ATLAS_HA26_GEM_2024
01055012,01055,"Eutin, Stadt",01,2024,1502.8,published_numeric,DE_ATLAS_HA26_GEM_2024
01055014,01055,Göhl,01,2024,1352,published_numeric,DE_ATLAS_HA26_GEM_2024
01055015,01055,Gremersdorf,01,2024,2055.2,published_numeric,DE_ATLAS_HA26_GEM_2024
01055016,01055,Grömitz,01,2024,1697.3,published_numeric,DE_ATLAS_HA26_GEM_2024
01055017,01055,Großenbrode,01,2024,889.2,published_numeric,DE_ATLAS_HA26_GEM_2024
01055018,01055,Grube,01,2024,1086.7,published_numeric,DE_ATLAS_HA26_GEM_2024
01055020,01055,Harmsdorf,01,2024,830.5,published_numeric,DE_ATLAS_HA26_GEM_2024
01055021,01055,"Heiligenhafen, Stadt",01,2024,1182.6,published_numeric,DE_ATLAS_HA26_GEM_2024
01055022,01055,Heringsdorf,01,2024,1401.5,published_numeric,DE_ATLAS_HA26_GEM_2024
01055023,01055,Kabelhorst,01,2024,858.6,published_numeric,DE_ATLAS_HA26_GEM_2024
01055024,01055,Kasseedorf,01,2024,950.2,published_numeric,DE_ATLAS_HA26_GEM_2024
01055025,01055,Kellenhusen (Ostsee),01,2024,1472.3,published_numeric,DE_ATLAS_HA26_GEM_2024
01055027,01055,Lensahn,01,2024,1377.6,published_numeric,DE_ATLAS_HA26_GEM_2024
01055028,01055,Malente,01,2024,949.5,published_numeric,DE_ATLAS_HA26_GEM_2024
01055029,01055,Manhagen,01,2024,939.9,published_numeric,DE_ATLAS_HA26_GEM_2024
01055031,01055,Neukirchen,01,2024,2847.4,published_numeric,DE_ATLAS_HA26_GEM_2024
01055032,01055,"Neustadt in Holstein, Stadt",01,2024,1337.2,published_numeric,DE_ATLAS_HA26_GEM_2024
01055033,01055,"Oldenburg in Holstein, Stadt",01,2024,1204.6,published_numeric,DE_ATLAS_HA26_GEM_2024
01055035,01055,Ratekau,01,2024,1193.2,published_numeric,DE_ATLAS_HA26_GEM_2024
01055036,01055,Riepsdorf,01,2024,1242.6,published_numeric,DE_ATLAS_HA26_GEM_2024
01055037,01055,Schashagen,01,2024,1848.7,published_numeric,DE_ATLAS_HA26_GEM_2024
01055038,01055,Schönwalde am Bungsberg,01,2024,1215.3,published_numeric,DE_ATLAS_HA26_GEM_2024
01055039,01055,Sierksdorf,01,2024,2762.8,published_numeric,DE_ATLAS_HA26_GEM_2024
01055040,01055,Stockelsdorf,01,2024,1603,published_numeric,DE_ATLAS_HA26_GEM_2024
01055041,01055,Süsel,01,2024,1136.1,published_numeric,DE_ATLAS_HA26_GEM_2024
01055042,01055,Timmendorfer Strand,01,2024,1967.3,published_numeric,DE_ATLAS_HA26_GEM_2024
01055043,01055,Wangels,01,2024,1462.7,published_numeric,DE_ATLAS_HA26_GEM_2024
01055044,01055,Scharbeutz,01,2024,1589,published_numeric,DE_ATLAS_HA26_GEM_2024
01055046,01055,"Fehmarn, Stadt",01,2024,1984.6,published_numeric,DE_ATLAS_HA26_GEM_2024
01056001,01056,Appen,01,2024,1586.4,published_numeric,DE_ATLAS_HA26_GEM_2024
01056002,01056,"Barmstedt, Stadt",01,2024,1221,published_numeric,DE_ATLAS_HA26_GEM_2024
01056003,01056,Bevern,01,2024,1783,published_numeric,DE_ATLAS_HA26_GEM_2024
01056004,01056,Bilsen,01,2024,1409.8,published_numeric,DE_ATLAS_HA26_GEM_2024
01056005,01056,Bönningstedt,01,2024,1791.7,published_numeric,DE_ATLAS_HA26_GEM_2024
01056006,01056,Bokel,01,2024,1669.4,published_numeric,DE_ATLAS_HA26_GEM_2024
01056008,01056,Bokholt-Hanredder,01,2024,1321.9,published_numeric,DE_ATLAS_HA26_GEM_2024
01056009,01056,Borstel-Hohenraden,01,2024,1679.8,published_numeric,DE_ATLAS_HA26_GEM_2024
01056010,01056,Brande-Hörnerkirchen,01,2024,1131.8,published_numeric,DE_ATLAS_HA26_GEM_2024
01056011,01056,Bullenkuhlen,01,2024,1078.5,published_numeric,DE_ATLAS_HA26_GEM_2024
01056013,01056,Ellerbek,01,2024,2172,published_numeric,DE_ATLAS_HA26_GEM_2024
01056014,01056,Ellerhoop,01,2024,1354.7,published_numeric,DE_ATLAS_HA26_GEM_2024
01056015,01056,"Elmshorn, Stadt",01,2024,1688.8,published_numeric,DE_ATLAS_HA26_GEM_2024
01056016,01056,Groß Nordende,01,2024,1169.1,published_numeric,DE_ATLAS_HA26_GEM_2024
01056017,01056,Groß Offenseth-Aspern,01,2024,1141.1,published_numeric,DE_ATLAS_HA26_GEM_2024
01056018,01056,Halstenbek,01,2024,1645.6,published_numeric,DE_ATLAS_HA26_GEM_2024
01056019,01056,Haselau,01,2024,1302.1,published_numeric,DE_ATLAS_HA26_GEM_2024
01056020,01056,Haseldorf,01,2024,1129.7,published_numeric,DE_ATLAS_HA26_GEM_2024
01056021,01056,Hasloh,01,2024,1258.5,published_numeric,DE_ATLAS_HA26_GEM_2024
01056022,01056,Heede,01,2024,1454.9,published_numeric,DE_ATLAS_HA26_GEM_2024
01056023,01056,Heidgraben,01,2024,1243.9,published_numeric,DE_ATLAS_HA26_GEM_2024
01056024,01056,Heist,01,2024,1299.7,published_numeric,DE_ATLAS_HA26_GEM_2024
01056025,01056,Helgoland,01,2024,19624.6,published_numeric,DE_ATLAS_HA26_GEM_2024
01056026,01056,Hemdingen,01,2024,1275.9,published_numeric,DE_ATLAS_HA26_GEM_2024
01056027,01056,Hetlingen,01,2024,1180.8,published_numeric,DE_ATLAS_HA26_GEM_2024
01056028,01056,Holm,01,2024,1857.6,published_numeric,DE_ATLAS_HA26_GEM_2024
01056029,01056,Klein Nordende,01,2024,1541.2,published_numeric,DE_ATLAS_HA26_GEM_2024
01056030,01056,Klein Offenseth-Sparrieshoop,01,2024,1644.1,published_numeric,DE_ATLAS_HA26_GEM_2024
01056031,01056,Kölln-Reisiek,01,2024,1659.9,published_numeric,DE_ATLAS_HA26_GEM_2024
01056032,01056,Kummerfeld,01,2024,1666.7,published_numeric,DE_ATLAS_HA26_GEM_2024
01056033,01056,Seester,01,2024,1110.2,published_numeric,DE_ATLAS_HA26_GEM_2024
01056034,01056,Langeln,01,2024,1168.9,published_numeric,DE_ATLAS_HA26_GEM_2024
01056035,01056,Lutzhorn,01,2024,1086,published_numeric,DE_ATLAS_HA26_GEM_2024
01056036,01056,Moorrege,01,2024,2127.4,published_numeric,DE_ATLAS_HA26_GEM_2024
01056037,01056,Neuendeich,01,2024,1435,published_numeric,DE_ATLAS_HA26_GEM_2024
01056038,01056,Osterhorn,01,2024,1521.3,published_numeric,DE_ATLAS_HA26_GEM_2024
01056039,01056,"Pinneberg, Stadt",01,2024,1481.6,published_numeric,DE_ATLAS_HA26_GEM_2024
01056040,01056,Prisdorf,01,2024,2275.1,published_numeric,DE_ATLAS_HA26_GEM_2024
01056041,01056,"Quickborn, Stadt",01,2024,1933.8,published_numeric,DE_ATLAS_HA26_GEM_2024
01056042,01056,Raa-Besenbek,01,2024,1736.4,published_numeric,DE_ATLAS_HA26_GEM_2024
01056043,01056,Rellingen,01,2024,2138.2,published_numeric,DE_ATLAS_HA26_GEM_2024
01056044,01056,"Schenefeld, Stadt",01,2024,1717,published_numeric,DE_ATLAS_HA26_GEM_2024
01056045,01056,Seestermühe,01,2024,1879.1,published_numeric,DE_ATLAS_HA26_GEM_2024
01056046,01056,Seeth-Ekholt,01,2024,1244.8,published_numeric,DE_ATLAS_HA26_GEM_2024
01056047,01056,Tangstedt,01,2024,1642.7,published_numeric,DE_ATLAS_HA26_GEM_2024
01056048,01056,"Tornesch, Stadt",01,2024,1677.3,published_numeric,DE_ATLAS_HA26_GEM_2024
01056049,01056,"Uetersen, Stadt",01,2024,1319.3,published_numeric,DE_ATLAS_HA26_GEM_2024
01056050,01056,"Wedel, Stadt",01,2024,1280.6,published_numeric,DE_ATLAS_HA26_GEM_2024
01056051,01056,Westerhorn,01,2024,2194.9,published_numeric,DE_ATLAS_HA26_GEM_2024
01057001,01057,Ascheberg (Holstein),01,2024,958,published_numeric,DE_ATLAS_HA26_GEM_2024
01057002,01057,Barmissen,01,2024,1052.9,published_numeric,DE_ATLAS_HA26_GEM_2024
01057003,01057,Barsbek,01,2024,991.7,published_numeric,DE_ATLAS_HA26_GEM_2024
01057004,01057,Behrensdorf (Ostsee),01,2024,1242.3,published_numeric,DE_ATLAS_HA26_GEM_2024
01057005,01057,Belau,01,2024,1574.8,published_numeric,DE_ATLAS_HA26_GEM_2024
01057006,01057,Bendfeld,01,2024,1250.7,published_numeric,DE_ATLAS_HA26_GEM_2024
01057007,01057,Blekendorf,01,2024,999.4,published_numeric,DE_ATLAS_HA26_GEM_2024
01057008,01057,Bönebüttel,01,2024,1247.9,published_numeric,DE_ATLAS_HA26_GEM_2024
01057009,01057,Bösdorf,01,2024,1125.4,published_numeric,DE_ATLAS_HA26_GEM_2024
01057010,01057,Boksee,01,2024,1022,published_numeric,DE_ATLAS_HA26_GEM_2024
01057011,01057,Bothkamp,01,2024,1051.6,published_numeric,DE_ATLAS_HA26_GEM_2024
01057012,01057,Brodersdorf,01,2024,1051,published_numeric,DE_ATLAS_HA26_GEM_2024
01057013,01057,Dannau,01,2024,1001.5,published_numeric,DE_ATLAS_HA26_GEM_2024
01057015,01057,Dersau,01,2024,949.7,published_numeric,DE_ATLAS_HA26_GEM_2024
01057016,01057,Dobersdorf,01,2024,1214.2,published_numeric,DE_ATLAS_HA26_GEM_2024
01057017,01057,Dörnick,01,2024,951.2,published_numeric,DE_ATLAS_HA26_GEM_2024
01057018,01057,Fahren,01,2024,1177.1,published_numeric,DE_ATLAS_HA26_GEM_2024
01057020,01057,Fiefbergen,01,2024,1016,published_numeric,DE_ATLAS_HA26_GEM_2024
01057021,01057,Giekau,01,2024,1147.7,published_numeric,DE_ATLAS_HA26_GEM_2024
01057022,01057,Grebin,01,2024,1208,published_numeric,DE_ATLAS_HA26_GEM_2024
01057023,01057,Großbarkau,01,2024,1087.4,published_numeric,DE_ATLAS_HA26_GEM_2024
01057024,01057,Großharrie,01,2024,1112.6,published_numeric,DE_ATLAS_HA26_GEM_2024
01057025,01057,Heikendorf,01,2024,1382.7,published_numeric,DE_ATLAS_HA26_GEM_2024
01057026,01057,Helmstorf,01,2024,1034.2,published_numeric,DE_ATLAS_HA26_GEM_2024
01057027,01057,Högsdorf,01,2024,811.2,published_numeric,DE_ATLAS_HA26_GEM_2024
01057028,01057,Höhndorf,01,2024,1140.6,published_numeric,DE_ATLAS_HA26_GEM_2024
01057029,01057,Hohenfelde,01,2024,1009.1,published_numeric,DE_ATLAS_HA26_GEM_2024
01057030,01057,Hohwacht (Ostsee),01,2024,2027.9,published_numeric,DE_ATLAS_HA26_GEM_2024
01057031,01057,Honigsee,01,2024,1078.3,published_numeric,DE_ATLAS_HA26_GEM_2024
01057032,01057,Kalübbe,01,2024,1142.6,published_numeric,DE_ATLAS_HA26_GEM_2024
01057033,01057,Kirchbarkau,01,2024,1042,published_numeric,DE_ATLAS_HA26_GEM_2024
01057034,01057,Kirchnüchel,01,2024,601.8,published_numeric,DE_ATLAS_HA26_GEM_2024
01057035,01057,Klamp,01,2024,845.5,published_numeric,DE_ATLAS_HA26_GEM_2024
01057037,01057,Klein Barkau,01,2024,1247,published_numeric,DE_ATLAS_HA26_GEM_2024
01057038,01057,Kletkamp,01,2024,889.7,published_numeric,DE_ATLAS_HA26_GEM_2024
01057039,01057,Köhn,01,2024,1090.2,published_numeric,DE_ATLAS_HA26_GEM_2024
01057040,01057,Krokau,01,2024,943,published_numeric,DE_ATLAS_HA26_GEM_2024
01057041,01057,Krummbek,01,2024,1360.2,published_numeric,DE_ATLAS_HA26_GEM_2024
01057042,01057,Kühren,01,2024,1236.6,published_numeric,DE_ATLAS_HA26_GEM_2024
01057043,01057,Laboe,01,2024,1130,published_numeric,DE_ATLAS_HA26_GEM_2024
01057044,01057,Lammershagen,01,2024,842.9,published_numeric,DE_ATLAS_HA26_GEM_2024
01057045,01057,Lebrade,01,2024,1128.1,published_numeric,DE_ATLAS_HA26_GEM_2024
01057046,01057,Lehmkuhlen,01,2024,1183,published_numeric,DE_ATLAS_HA26_GEM_2024
01057047,01057,Löptin,01,2024,1475,published_numeric,DE_ATLAS_HA26_GEM_2024
01057048,01057,"Lütjenburg, Stadt",01,2024,1784.7,published_numeric,DE_ATLAS_HA26_GEM_2024
01057049,01057,Lutterbek,01,2024,1188.7,published_numeric,DE_ATLAS_HA26_GEM_2024
01057050,01057,Martensrade,01,2024,963.7,published_numeric,DE_ATLAS_HA26_GEM_2024
01057051,01057,Mönkeberg,01,2024,1194.9,published_numeric,DE_ATLAS_HA26_GEM_2024
01057052,01057,Mucheln,01,2024,809.4,published_numeric,DE_ATLAS_HA26_GEM_2024
01057053,01057,Nehmten,01,2024,1647.6,published_numeric,DE_ATLAS_HA26_GEM_2024
01057054,01057,Nettelsee,01,2024,1002.9,published_numeric,DE_ATLAS_HA26_GEM_2024
01057055,01057,Panker,01,2024,894.9,published_numeric,DE_ATLAS_HA26_GEM_2024
01057056,01057,Passade,01,2024,1217.8,published_numeric,DE_ATLAS_HA26_GEM_2024
01057057,01057,"Plön, Stadt",01,2024,1209.3,published_numeric,DE_ATLAS_HA26_GEM_2024
01057058,01057,Pohnsdorf,01,2024,1297.2,published_numeric,DE_ATLAS_HA26_GEM_2024
01057059,01057,Postfeld,01,2024,1033,published_numeric,DE_ATLAS_HA26_GEM_2024
01057060,01057,Prasdorf,01,2024,984.2,published_numeric,DE_ATLAS_HA26_GEM_2024
01057062,01057,"Preetz, Stadt",01,2024,1006.2,published_numeric,DE_ATLAS_HA26_GEM_2024
01057063,01057,Probsteierhagen,01,2024,902.5,published_numeric,DE_ATLAS_HA26_GEM_2024
01057065,01057,Rantzau,01,2024,1256.6,published_numeric,DE_ATLAS_HA26_GEM_2024
01057066,01057,Rastorf,01,2024,1276.2,published_numeric,DE_ATLAS_HA26_GEM_2024
01057067,01057,Rathjensdorf,01,2024,1426.5,published_numeric,DE_ATLAS_HA26_GEM_2024
01057068,01057,Rendswühren,01,2024,1096.2,published_numeric,DE_ATLAS_HA26_GEM_2024
01057069,01057,Ruhwinkel,01,2024,1283.1,published_numeric,DE_ATLAS_HA26_GEM_2024
01057070,01057,Schellhorn,01,2024,1080.2,published_numeric,DE_ATLAS_HA26_GEM_2024
01057071,01057,Schillsdorf,01,2024,1398,published_numeric,DE_ATLAS_HA26_GEM_2024
01057072,01057,Schlesen,01,2024,941.5,published_numeric,DE_ATLAS_HA26_GEM_2024
01057073,01057,Schönberg (Holstein),01,2024,1280.6,published_numeric,DE_ATLAS_HA26_GEM_2024
01057074,01057,Schönkirchen,01,2024,1506.4,published_numeric,DE_ATLAS_HA26_GEM_2024
01057076,01057,Schwartbuck,01,2024,798.3,published_numeric,DE_ATLAS_HA26_GEM_2024
01057077,01057,Selent,01,2024,1020.3,published_numeric,DE_ATLAS_HA26_GEM_2024
01057078,01057,Stakendorf,01,2024,1064.8,published_numeric,DE_ATLAS_HA26_GEM_2024
01057079,01057,Stein,01,2024,1574.6,published_numeric,DE_ATLAS_HA26_GEM_2024
01057080,01057,Stolpe,01,2024,1271.8,published_numeric,DE_ATLAS_HA26_GEM_2024
01057081,01057,Stoltenberg,01,2024,1181.5,published_numeric,DE_ATLAS_HA26_GEM_2024
01057082,01057,Tröndel,01,2024,1034.6,published_numeric,DE_ATLAS_HA26_GEM_2024
01057083,01057,Tasdorf,01,2024,1080.3,published_numeric,DE_ATLAS_HA26_GEM_2024
01057084,01057,Wahlstorf,01,2024,1643.4,published_numeric,DE_ATLAS_HA26_GEM_2024
01057085,01057,Wankendorf,01,2024,1366.4,published_numeric,DE_ATLAS_HA26_GEM_2024
01057086,01057,Warnau,01,2024,980.8,published_numeric,DE_ATLAS_HA26_GEM_2024
01057087,01057,Wendtorf,01,2024,1343.3,published_numeric,DE_ATLAS_HA26_GEM_2024
01057088,01057,Wisch,01,2024,1307.2,published_numeric,DE_ATLAS_HA26_GEM_2024
01057089,01057,Wittmoldt,01,2024,1144.3,published_numeric,DE_ATLAS_HA26_GEM_2024
01057090,01057,Fargau-Pratjau,01,2024,930.3,published_numeric,DE_ATLAS_HA26_GEM_2024
01057091,01057,"Schwentinental, Stadt",01,2024,1575.4,published_numeric,DE_ATLAS_HA26_GEM_2024
01058001,01058,Achterwehr,01,2024,1242.7,published_numeric,DE_ATLAS_HA26_GEM_2024
01058003,01058,Alt Duvenstedt,01,2024,1033.9,published_numeric,DE_ATLAS_HA26_GEM_2024
01058004,01058,Altenhof,01,2024,1463.5,published_numeric,DE_ATLAS_HA26_GEM_2024
01058005,01058,Altenholz,01,2024,1269.8,published_numeric,DE_ATLAS_HA26_GEM_2024
01058007,01058,Arpsdorf,01,2024,1218.6,published_numeric,DE_ATLAS_HA26_GEM_2024
01058008,01058,Ascheffel,01,2024,1112.6,published_numeric,DE_ATLAS_HA26_GEM_2024
01058009,01058,Aukrug,01,2024,1132.4,published_numeric,DE_ATLAS_HA26_GEM_2024
01058010,01058,Bargstall,01,2024,1572.3,published_numeric,DE_ATLAS_HA26_GEM_2024
01058011,01058,Bargstedt,01,2024,1049.2,published_numeric,DE_ATLAS_HA26_GEM_2024
01058012,01058,Barkelsby,01,2024,985.1,published_numeric,DE_ATLAS_HA26_GEM_2024
01058013,01058,Beldorf,01,2024,3812.1,published_numeric,DE_ATLAS_HA26_GEM_2024
01058014,01058,Bendorf,01,2024,3912.1,published_numeric,DE_ATLAS_HA26_GEM_2024
01058015,01058,Beringstedt,01,2024,1006.6,published_numeric,DE_ATLAS_HA26_GEM_2024
01058016,01058,Bissee,01,2024,1191.9,published_numeric,DE_ATLAS_HA26_GEM_2024
01058018,01058,Blumenthal,01,2024,1135.6,published_numeric,DE_ATLAS_HA26_GEM_2024
01058019,01058,Böhnhusen,01,2024,1723.9,published_numeric,DE_ATLAS_HA26_GEM_2024
01058021,01058,Bokel,01,2024,2744.9,published_numeric,DE_ATLAS_HA26_GEM_2024
01058022,01058,Bordesholm,01,2024,1604.8,published_numeric,DE_ATLAS_HA26_GEM_2024
01058023,01058,Borgdorf-Seedorf,01,2024,936.1,published_numeric,DE_ATLAS_HA26_GEM_2024
01058024,01058,Borgstedt,01,2024,2175.6,published_numeric,DE_ATLAS_HA26_GEM_2024
01058025,01058,Bornholt,01,2024,793.8,published_numeric,DE_ATLAS_HA26_GEM_2024
01058026,01058,Bovenau,01,2024,2078,published_numeric,DE_ATLAS_HA26_GEM_2024
01058027,01058,Brammer,01,2024,1056.6,published_numeric,DE_ATLAS_HA26_GEM_2024
01058028,01058,Bredenbek,01,2024,1419.6,published_numeric,DE_ATLAS_HA26_GEM_2024
01058029,01058,Breiholz,01,2024,1001.6,published_numeric,DE_ATLAS_HA26_GEM_2024
01058030,01058,Brekendorf,01,2024,1049.8,published_numeric,DE_ATLAS_HA26_GEM_2024
01058031,01058,Brinjahe,01,2024,899.2,published_numeric,DE_ATLAS_HA26_GEM_2024
01058032,01058,Brodersby,01,2024,1327.2,published_numeric,DE_ATLAS_HA26_GEM_2024
01058033,01058,Brügge,01,2024,1330.5,published_numeric,DE_ATLAS_HA26_GEM_2024
01058034,01058,"Büdelsdorf, Stadt",01,2024,1815.6,published_numeric,DE_ATLAS_HA26_GEM_2024
01058035,01058,Bünsdorf,01,2024,1389.9,published_numeric,DE_ATLAS_HA26_GEM_2024
01058036,01058,Christiansholm,01,2024,726.6,published_numeric,DE_ATLAS_HA26_GEM_2024
01058037,01058,Dänischenhagen,01,2024,1588.6,published_numeric,DE_ATLAS_HA26_GEM_2024
01058038,01058,Dätgen,01,2024,2586.1,published_numeric,DE_ATLAS_HA26_GEM_2024
01058039,01058,Damendorf,01,2024,1102.8,published_numeric,DE_ATLAS_HA26_GEM_2024
01058040,01058,Damp,01,2024,2079.5,published_numeric,DE_ATLAS_HA26_GEM_2024
01058042,01058,Dörphof,01,2024,1405.3,published_numeric,DE_ATLAS_HA26_GEM_2024
01058043,01058,"Eckernförde, Stadt",01,2024,1357.2,published_numeric,DE_ATLAS_HA26_GEM_2024
01058044,01058,Ehndorf,01,2024,1035.3,published_numeric,DE_ATLAS_HA26_GEM_2024
01058045,01058,Eisendorf,01,2024,1091,published_numeric,DE_ATLAS_HA26_GEM_2024
01058046,01058,Ellerdorf,01,2024,1495.8,published_numeric,DE_ATLAS_HA26_GEM_2024
01058047,01058,Elsdorf-Westermühlen,01,2024,1144.3,published_numeric,DE_ATLAS_HA26_GEM_2024
01058048,01058,Embühren,01,2024,1563.1,published_numeric,DE_ATLAS_HA26_GEM_2024
01058049,01058,Emkendorf,01,2024,1042.6,published_numeric,DE_ATLAS_HA26_GEM_2024
01058050,01058,Felde,01,2024,1483.5,published_numeric,DE_ATLAS_HA26_GEM_2024
01058051,01058,Felm,01,2024,957.3,published_numeric,DE_ATLAS_HA26_GEM_2024
01058052,01058,Fleckeby,01,2024,1152.2,published_numeric,DE_ATLAS_HA26_GEM_2024
01058053,01058,Flintbek,01,2024,1426.5,published_numeric,DE_ATLAS_HA26_GEM_2024
01058054,01058,Fockbek,01,2024,2227.3,published_numeric,DE_ATLAS_HA26_GEM_2024
01058055,01058,Friedrichsgraben,01,2024,560,published_numeric,DE_ATLAS_HA26_GEM_2024
01058056,01058,Friedrichsholm,01,2024,686.8,published_numeric,DE_ATLAS_HA26_GEM_2024
01058057,01058,Gammelby,01,2024,1005.7,published_numeric,DE_ATLAS_HA26_GEM_2024
01058058,01058,Gettorf,01,2024,1456.4,published_numeric,DE_ATLAS_HA26_GEM_2024
01058059,01058,Gnutz,01,2024,1273.7,published_numeric,DE_ATLAS_HA26_GEM_2024
01058061,01058,Gokels,01,2024,886,published_numeric,DE_ATLAS_HA26_GEM_2024
01058062,01058,Grauel,01,2024,1527.6,published_numeric,DE_ATLAS_HA26_GEM_2024
01058063,01058,Grevenkrug,01,2024,1937.7,published_numeric,DE_ATLAS_HA26_GEM_2024
01058064,01058,Groß Buchwald,01,2024,1508.8,published_numeric,DE_ATLAS_HA26_GEM_2024
01058065,01058,Groß Vollstedt,01,2024,1004.3,published_numeric,DE_ATLAS_HA26_GEM_2024
01058066,01058,Groß Wittensee,01,2024,1190.3,published_numeric,DE_ATLAS_HA26_GEM_2024
01058067,01058,Güby,01,2024,916.1,published_numeric,DE_ATLAS_HA26_GEM_2024
01058068,01058,Haale,01,2024,906.5,published_numeric,DE_ATLAS_HA26_GEM_2024
01058069,01058,Haby,01,2024,1299.4,published_numeric,DE_ATLAS_HA26_GEM_2024
01058070,01058,Hamdorf,01,2024,1165.5,published_numeric,DE_ATLAS_HA26_GEM_2024
01058071,01058,Hamweddel,01,2024,1269,published_numeric,DE_ATLAS_HA26_GEM_2024
01058072,01058,Hanerau-Hademarschen,01,2024,1260.6,published_numeric,DE_ATLAS_HA26_GEM_2024
01058073,01058,Haßmoor,01,2024,1133.5,published_numeric,DE_ATLAS_HA26_GEM_2024
01058074,01058,Heinkenborstel,01,2024,761,published_numeric,DE_ATLAS_HA26_GEM_2024
01058075,01058,Hörsten,01,2024,1002.4,published_numeric,DE_ATLAS_HA26_GEM_2024
01058076,01058,Hoffeld,01,2024,1057,published_numeric,DE_ATLAS_HA26_GEM_2024
01058077,01058,Hohenwestedt,01,2024,2951.3,published_numeric,DE_ATLAS_HA26_GEM_2024
01058078,01058,Hohn,01,2024,1012.8,published_numeric,DE_ATLAS_HA26_GEM_2024
01058080,01058,Holtsee,01,2024,2913.7,published_numeric,DE_ATLAS_HA26_GEM_2024
01058081,01058,Holzbunge,01,2024,1797.7,published_numeric,DE_ATLAS_HA26_GEM_2024
01058082,01058,Holzdorf,01,2024,988.4,published_numeric,DE_ATLAS_HA26_GEM_2024
01058083,01058,Hütten,01,2024,1182.7,published_numeric,DE_ATLAS_HA26_GEM_2024
01058084,01058,Hummelfeld,01,2024,1102,published_numeric,DE_ATLAS_HA26_GEM_2024
01058085,01058,Jahrsdorf,01,2024,1228.4,published_numeric,DE_ATLAS_HA26_GEM_2024
01058086,01058,Jevenstedt,01,2024,1072,published_numeric,DE_ATLAS_HA26_GEM_2024
01058087,01058,Karby,01,2024,1379.6,published_numeric,DE_ATLAS_HA26_GEM_2024
01058088,01058,Klein Wittensee,01,2024,1158.1,published_numeric,DE_ATLAS_HA26_GEM_2024
01058089,01058,Königshügel,01,2024,730.2,published_numeric,DE_ATLAS_HA26_GEM_2024
01058090,01058,Kosel,01,2024,1134.5,published_numeric,DE_ATLAS_HA26_GEM_2024
01058091,01058,Krogaspe,01,2024,973.4,published_numeric,DE_ATLAS_HA26_GEM_2024
01058092,01058,Kronshagen,01,2024,1318.2,published_numeric,DE_ATLAS_HA26_GEM_2024
01058093,01058,Krummwisch,01,2024,1098.9,published_numeric,DE_ATLAS_HA26_GEM_2024
01058094,01058,Langwedel,01,2024,1179.3,published_numeric,DE_ATLAS_HA26_GEM_2024
01058096,01058,Lindau,01,2024,1333.4,published_numeric,DE_ATLAS_HA26_GEM_2024
01058097,01058,Lohe-Föhrden,01,2024,1337.5,published_numeric,DE_ATLAS_HA26_GEM_2024
01058098,01058,Loop,01,2024,942.3,published_numeric,DE_ATLAS_HA26_GEM_2024
01058099,01058,Loose,01,2024,1203,published_numeric,DE_ATLAS_HA26_GEM_2024
01058100,01058,Lütjenwestedt,01,2024,1594.2,published_numeric,DE_ATLAS_HA26_GEM_2024
01058101,01058,Luhnstedt,01,2024,932.9,published_numeric,DE_ATLAS_HA26_GEM_2024
01058102,01058,Goosefeld,01,2024,1150.4,published_numeric,DE_ATLAS_HA26_GEM_2024
01058103,01058,Meezen,01,2024,1019.7,published_numeric,DE_ATLAS_HA26_GEM_2024
01058104,01058,Melsdorf,01,2024,2285,published_numeric,DE_ATLAS_HA26_GEM_2024
01058105,01058,Mielkendorf,01,2024,1420.5,published_numeric,DE_ATLAS_HA26_GEM_2024
01058106,01058,Mörel,01,2024,571.2,published_numeric,DE_ATLAS_HA26_GEM_2024
01058107,01058,Molfsee,01,2024,1771.7,published_numeric,DE_ATLAS_HA26_GEM_2024
01058108,01058,Mühbrook,01,2024,2377.3,published_numeric,DE_ATLAS_HA26_GEM_2024
01058109,01058,Negenharrie,01,2024,1654,published_numeric,DE_ATLAS_HA26_GEM_2024
01058110,01058,Neudorf-Bornstein,01,2024,1040.8,published_numeric,DE_ATLAS_HA26_GEM_2024
01058111,01058,Neu Duvenstedt,01,2024,1033.9,published_numeric,DE_ATLAS_HA26_GEM_2024
01058112,01058,Neuwittenbek,01,2024,1051.8,published_numeric,DE_ATLAS_HA26_GEM_2024
01058113,01058,Nienborstel,01,2024,1013.3,published_numeric,DE_ATLAS_HA26_GEM_2024
01058115,01058,Nindorf,01,2024,1180.2,published_numeric,DE_ATLAS_HA26_GEM_2024
01058116,01058,Noer,01,2024,1094.9,published_numeric,DE_ATLAS_HA26_GEM_2024
01058117,01058,"Nortorf, Stadt",01,2024,1377,published_numeric,DE_ATLAS_HA26_GEM_2024
01058118,01058,Nübbel,01,2024,1108.2,published_numeric,DE_ATLAS_HA26_GEM_2024
01058119,01058,Oldenbüttel,01,2024,1610.8,published_numeric,DE_ATLAS_HA26_GEM_2024
01058120,01058,Oldenhütten,01,2024,1935.8,published_numeric,DE_ATLAS_HA26_GEM_2024
01058121,01058,Osdorf,01,2024,1138.3,published_numeric,DE_ATLAS_HA26_GEM_2024
01058122,01058,Ostenfeld (Rendsburg),01,2024,969.1,published_numeric,DE_ATLAS_HA26_GEM_2024
01058123,01058,Osterby,01,2024,952.2,published_numeric,DE_ATLAS_HA26_GEM_2024
01058124,01058,Osterrönfeld,01,2024,1689.5,published_numeric,DE_ATLAS_HA26_GEM_2024
01058125,01058,Osterstedt,01,2024,1400.2,published_numeric,DE_ATLAS_HA26_GEM_2024
01058126,01058,Ottendorf,01,2024,1402.7,published_numeric,DE_ATLAS_HA26_GEM_2024
01058127,01058,Owschlag,01,2024,1286.4,published_numeric,DE_ATLAS_HA26_GEM_2024
01058128,01058,Padenstedt,01,2024,1087,published_numeric,DE_ATLAS_HA26_GEM_2024
01058129,01058,Prinzenmoor,01,2024,1079,published_numeric,DE_ATLAS_HA26_GEM_2024
01058130,01058,Quarnbek,01,2024,1370.6,published_numeric,DE_ATLAS_HA26_GEM_2024
01058131,01058,Rade b. Hohenwestedt,01,2024,1037.3,published_numeric,DE_ATLAS_HA26_GEM_2024
01058132,01058,Rade b. Rendsburg,01,2024,1318.5,published_numeric,DE_ATLAS_HA26_GEM_2024
01058133,01058,Reesdorf,01,2024,2067,published_numeric,DE_ATLAS_HA26_GEM_2024
01058134,01058,Remmels,01,2024,925.2,published_numeric,DE_ATLAS_HA26_GEM_2024
01058135,01058,"Rendsburg, Stadt",01,2024,1395.2,published_numeric,DE_ATLAS_HA26_GEM_2024
01058136,01058,Rickert,01,2024,1071,published_numeric,DE_ATLAS_HA26_GEM_2024
01058137,01058,Rieseby,01,2024,833.2,published_numeric,DE_ATLAS_HA26_GEM_2024
01058138,01058,Rodenbek,01,2024,1065.3,published_numeric,DE_ATLAS_HA26_GEM_2024
01058139,01058,Rumohr,01,2024,1107.7,published_numeric,DE_ATLAS_HA26_GEM_2024
01058140,01058,Schacht-Audorf,01,2024,973,published_numeric,DE_ATLAS_HA26_GEM_2024
01058141,01058,Schierensee,01,2024,1287.9,published_numeric,DE_ATLAS_HA26_GEM_2024
01058142,01058,Schinkel,01,2024,932.5,published_numeric,DE_ATLAS_HA26_GEM_2024
01058143,01058,Schmalstede,01,2024,1361.7,published_numeric,DE_ATLAS_HA26_GEM_2024
01058144,01058,Schönbek,01,2024,1098.6,published_numeric,DE_ATLAS_HA26_GEM_2024
01058145,01058,Schönhorst,01,2024,1016.7,published_numeric,DE_ATLAS_HA26_GEM_2024
01058146,01058,Schülldorf,01,2024,945,published_numeric,DE_ATLAS_HA26_GEM_2024
01058147,01058,Schülp b. Nortorf,01,2024,1557,published_numeric,DE_ATLAS_HA26_GEM_2024
01058148,01058,Schülp b. Rendsburg,01,2024,1233.8,published_numeric,DE_ATLAS_HA26_GEM_2024
01058150,01058,Schwedeneck,01,2024,1155.9,published_numeric,DE_ATLAS_HA26_GEM_2024
01058151,01058,Seefeld,01,2024,1335.3,published_numeric,DE_ATLAS_HA26_GEM_2024
01058152,01058,Sehestedt,01,2024,5390,published_numeric,DE_ATLAS_HA26_GEM_2024
01058153,01058,Sören,01,2024,1150.9,published_numeric,DE_ATLAS_HA26_GEM_2024
01058154,01058,Sophienhamm,01,2024,803.3,published_numeric,DE_ATLAS_HA26_GEM_2024
01058155,01058,Stafstedt,01,2024,1077.5,published_numeric,DE_ATLAS_HA26_GEM_2024
01058156,01058,Steenfeld,01,2024,2319.7,published_numeric,DE_ATLAS_HA26_GEM_2024
01058157,01058,Strande,01,2024,1954.9,published_numeric,DE_ATLAS_HA26_GEM_2024
01058158,01058,Tackesdorf,01,2024,841.7,published_numeric,DE_ATLAS_HA26_GEM_2024
01058159,01058,Tappendorf,01,2024,877.8,published_numeric,DE_ATLAS_HA26_GEM_2024
01058160,01058,Techelsdorf,01,2024,1258.4,published_numeric,DE_ATLAS_HA26_GEM_2024
01058161,01058,Thaden,01,2024,1213.7,published_numeric,DE_ATLAS_HA26_GEM_2024
01058162,01058,Thumby,01,2024,8778.7,published_numeric,DE_ATLAS_HA26_GEM_2024
01058163,01058,Timmaspe,01,2024,1087,published_numeric,DE_ATLAS_HA26_GEM_2024
01058164,01058,Todenbüttel,01,2024,856,published_numeric,DE_ATLAS_HA26_GEM_2024
01058165,01058,Tüttendorf,01,2024,1255,published_numeric,DE_ATLAS_HA26_GEM_2024
01058166,01058,Waabs,01,2024,1472.8,published_numeric,DE_ATLAS_HA26_GEM_2024
01058167,01058,Wapelfeld,01,2024,937.2,published_numeric,DE_ATLAS_HA26_GEM_2024
01058168,01058,Warder,01,2024,1115.3,published_numeric,DE_ATLAS_HA26_GEM_2024
01058169,01058,Wasbek,01,2024,1462.7,published_numeric,DE_ATLAS_HA26_GEM_2024
01058170,01058,Wattenbek,01,2024,1374.5,published_numeric,DE_ATLAS_HA26_GEM_2024
01058171,01058,Westensee,01,2024,1059.2,published_numeric,DE_ATLAS_HA26_GEM_2024
01058172,01058,Westerrönfeld,01,2024,1282.2,published_numeric,DE_ATLAS_HA26_GEM_2024
01058173,01058,Windeby,01,2024,954.7,published_numeric,DE_ATLAS_HA26_GEM_2024
01058174,01058,Winnemark,01,2024,817.1,published_numeric,DE_ATLAS_HA26_GEM_2024
01058175,01058,Ahlefeld-Bistensee,01,2024,1120.1,published_numeric,DE_ATLAS_HA26_GEM_2024
01059001,01059,Alt Bennebek,01,2024,2381,published_numeric,DE_ATLAS_HA26_GEM_2024
01059002,01059,"Arnis, Stadt",01,2024,1471.5,published_numeric,DE_ATLAS_HA26_GEM_2024
01059005,01059,Bergenhusen,01,2024,1017.9,published_numeric,DE_ATLAS_HA26_GEM_2024
01059006,01059,Böel,01,2024,758.5,published_numeric,DE_ATLAS_HA26_GEM_2024
01059008,01059,Böklund,01,2024,2167.3,published_numeric,DE_ATLAS_HA26_GEM_2024
01059009,01059,Börm,01,2024,1888.6,published_numeric,DE_ATLAS_HA26_GEM_2024
01059010,01059,Bollingstedt,01,2024,1557.9,published_numeric,DE_ATLAS_HA26_GEM_2024
01059012,01059,Borgwedel,01,2024,1214.4,published_numeric,DE_ATLAS_HA26_GEM_2024
01059018,01059,Busdorf,01,2024,1437.3,published_numeric,DE_ATLAS_HA26_GEM_2024
01059019,01059,Dannewerk,01,2024,972.9,published_numeric,DE_ATLAS_HA26_GEM_2024
01059020,01059,Dörpstedt,01,2024,1027.8,published_numeric,DE_ATLAS_HA26_GEM_2024
01059023,01059,Ellingstedt,01,2024,2084.6,published_numeric,DE_ATLAS_HA26_GEM_2024
01059024,01059,Erfde,01,2024,1012.6,published_numeric,DE_ATLAS_HA26_GEM_2024
01059026,01059,Fahrdorf,01,2024,1243.8,published_numeric,DE_ATLAS_HA26_GEM_2024
01059032,01059,Geltorf,01,2024,1221.2,published_numeric,DE_ATLAS_HA26_GEM_2024
01059034,01059,Grödersby,01,2024,1397.7,published_numeric,DE_ATLAS_HA26_GEM_2024
01059035,01059,Groß Rheide,01,2024,1006.4,published_numeric,DE_ATLAS_HA26_GEM_2024
01059037,01059,Havetoft,01,2024,743.7,published_numeric,DE_ATLAS_HA26_GEM_2024
01059039,01059,Hollingstedt,01,2024,773.7,published_numeric,DE_ATLAS_HA26_GEM_2024
01059041,01059,Hüsby,01,2024,1316.6,published_numeric,DE_ATLAS_HA26_GEM_2024
01059042,01059,Idstedt,01,2024,1150.5,published_numeric,DE_ATLAS_HA26_GEM_2024
01059043,01059,Jagel,01,2024,1160.1,published_numeric,DE_ATLAS_HA26_GEM_2024
01059044,01059,Jübek,01,2024,1030.1,published_numeric,DE_ATLAS_HA26_GEM_2024
01059045,01059,"Kappeln, Stadt",01,2024,1172.2,published_numeric,DE_ATLAS_HA26_GEM_2024
01059049,01059,Klappholz,01,2024,948.9,published_numeric,DE_ATLAS_HA26_GEM_2024
01059050,01059,Klein Bennebek,01,2024,923.4,published_numeric,DE_ATLAS_HA26_GEM_2024
01059051,01059,Klein Rheide,01,2024,1220.1,published_numeric,DE_ATLAS_HA26_GEM_2024
01059053,01059,Kropp,01,2024,1325.3,published_numeric,DE_ATLAS_HA26_GEM_2024
01059055,01059,Loit,01,2024,1228.2,published_numeric,DE_ATLAS_HA26_GEM_2024
01059056,01059,Lottorf,01,2024,1059.6,published_numeric,DE_ATLAS_HA26_GEM_2024
01059057,01059,Lürschau,01,2024,1722.4,published_numeric,DE_ATLAS_HA26_GEM_2024
01059058,01059,Meggerdorf,01,2024,854.1,published_numeric,DE_ATLAS_HA26_GEM_2024
01059060,01059,Mohrkirch,01,2024,1113.7,published_numeric,DE_ATLAS_HA26_GEM_2024
01059062,01059,Neuberend,01,2024,957.7,published_numeric,DE_ATLAS_HA26_GEM_2024
01059063,01059,Norderbrarup,01,2024,767.5,published_numeric,DE_ATLAS_HA26_GEM_2024
01059065,01059,Nottfeld,01,2024,938.2,published_numeric,DE_ATLAS_HA26_GEM_2024
01059067,01059,Oersberg,01,2024,839.9,published_numeric,DE_ATLAS_HA26_GEM_2024
01059068,01059,Rabenkirchen-Faulück,01,2024,901.7,published_numeric,DE_ATLAS_HA26_GEM_2024
01059070,01059,Rügge,01,2024,966.9,published_numeric,DE_ATLAS_HA26_GEM_2024
01059072,01059,Saustrup,01,2024,1337.5,published_numeric,DE_ATLAS_HA26_GEM_2024
01059073,01059,Schaalby,01,2024,867.7,published_numeric,DE_ATLAS_HA26_GEM_2024
01059074,01059,Scheggerott,01,2024,845.6,published_numeric,DE_ATLAS_HA26_GEM_2024
01059075,01059,"Schleswig, Stadt",01,2024,1474.1,published_numeric,DE_ATLAS_HA26_GEM_2024
01059076,01059,Schnarup-Thumby,01,2024,993.7,published_numeric,DE_ATLAS_HA26_GEM_2024
01059077,01059,Schuby,01,2024,1827.9,published_numeric,DE_ATLAS_HA26_GEM_2024
01059078,01059,Selk,01,2024,1345,published_numeric,DE_ATLAS_HA26_GEM_2024
01059079,01059,Silberstedt,01,2024,1544.4,published_numeric,DE_ATLAS_HA26_GEM_2024
01059080,01059,Steinfeld,01,2024,903.1,published_numeric,DE_ATLAS_HA26_GEM_2024
01059081,01059,Stolk,01,2024,798.9,published_numeric,DE_ATLAS_HA26_GEM_2024
01059082,01059,Struxdorf,01,2024,815.1,published_numeric,DE_ATLAS_HA26_GEM_2024
01059083,01059,Süderbrarup,01,2024,1123.1,published_numeric,DE_ATLAS_HA26_GEM_2024
01059084,01059,Süderfahrenstedt,01,2024,781,published_numeric,DE_ATLAS_HA26_GEM_2024
01059086,01059,Taarstedt,01,2024,1166.9,published_numeric,DE_ATLAS_HA26_GEM_2024
01059087,01059,Tetenhusen,01,2024,1245.6,published_numeric,DE_ATLAS_HA26_GEM_2024
01059088,01059,Tielen,01,2024,811.5,published_numeric,DE_ATLAS_HA26_GEM_2024
01059090,01059,Tolk,01,2024,939.3,published_numeric,DE_ATLAS_HA26_GEM_2024
01059092,01059,Treia,01,2024,2014.8,published_numeric,DE_ATLAS_HA26_GEM_2024
01059093,01059,Uelsby,01,2024,1079.7,published_numeric,DE_ATLAS_HA26_GEM_2024
01059094,01059,Ulsnis,01,2024,829.5,published_numeric,DE_ATLAS_HA26_GEM_2024
01059095,01059,Wagersrott,01,2024,466.1,published_numeric,DE_ATLAS_HA26_GEM_2024
01059096,01059,Wohlde,01,2024,697.2,published_numeric,DE_ATLAS_HA26_GEM_2024
01059097,01059,Twedt,01,2024,2191.4,published_numeric,DE_ATLAS_HA26_GEM_2024
01059098,01059,Nübel,01,2024,1448.1,published_numeric,DE_ATLAS_HA26_GEM_2024
01059102,01059,Ahneby,01,2024,994.5,published_numeric,DE_ATLAS_HA26_GEM_2024
01059103,01059,Ausacker,01,2024,1113.1,published_numeric,DE_ATLAS_HA26_GEM_2024
01059105,01059,Böxlund,01,2024,3343.7,published_numeric,DE_ATLAS_HA26_GEM_2024
01059106,01059,Dollerup,01,2024,1301.8,published_numeric,DE_ATLAS_HA26_GEM_2024
01059107,01059,Eggebek,01,2024,1236.1,published_numeric,DE_ATLAS_HA26_GEM_2024
01059109,01059,Esgrus,01,2024,770.7,published_numeric,DE_ATLAS_HA26_GEM_2024
01059112,01059,Gelting,01,2024,963,published_numeric,DE_ATLAS_HA26_GEM_2024
01059113,01059,"Glücksburg (Ostsee), Stadt",01,2024,1433.5,published_numeric,DE_ATLAS_HA26_GEM_2024
01059115,01059,Großenwiehe,01,2024,1446,published_numeric,DE_ATLAS_HA26_GEM_2024
01059116,01059,Großsolt,01,2024,819.1,published_numeric,DE_ATLAS_HA26_GEM_2024
01059118,01059,Grundhof,01,2024,2033.5,published_numeric,DE_ATLAS_HA26_GEM_2024
01059120,01059,Harrislee,01,2024,1665.6,published_numeric,DE_ATLAS_HA26_GEM_2024
01059121,01059,Hasselberg,01,2024,934.6,published_numeric,DE_ATLAS_HA26_GEM_2024
01059123,01059,Hörup,01,2024,4272.1,published_numeric,DE_ATLAS_HA26_GEM_2024
01059124,01059,Holt,01,2024,10522.9,published_numeric,DE_ATLAS_HA26_GEM_2024
01059126,01059,Hürup,01,2024,1109,published_numeric,DE_ATLAS_HA26_GEM_2024
01059127,01059,Husby,01,2024,1144,published_numeric,DE_ATLAS_HA26_GEM_2024
01059128,01059,Janneby,01,2024,2454.1,published_numeric,DE_ATLAS_HA26_GEM_2024
01059129,01059,Jardelund,01,2024,5754.1,published_numeric,DE_ATLAS_HA26_GEM_2024
01059131,01059,Jerrishoe,01,2024,1517.1,published_numeric,DE_ATLAS_HA26_GEM_2024
01059132,01059,Jörl,01,2024,1695.2,published_numeric,DE_ATLAS_HA26_GEM_2024
01059136,01059,Kronsgaard,01,2024,1025.9,published_numeric,DE_ATLAS_HA26_GEM_2024
01059137,01059,Langballig,01,2024,1180.7,published_numeric,DE_ATLAS_HA26_GEM_2024
01059138,01059,Langstedt,01,2024,1437.8,published_numeric,DE_ATLAS_HA26_GEM_2024
01059142,01059,Maasholm,01,2024,1130.7,published_numeric,DE_ATLAS_HA26_GEM_2024
01059143,01059,Medelby,01,2024,4470.1,published_numeric,DE_ATLAS_HA26_GEM_2024
01059144,01059,Meyn,01,2024,1430.9,published_numeric,DE_ATLAS_HA26_GEM_2024
01059145,01059,Munkbrarup,01,2024,1012.3,published_numeric,DE_ATLAS_HA26_GEM_2024
01059147,01059,Nieby,01,2024,1134.2,published_numeric,DE_ATLAS_HA26_GEM_2024
01059148,01059,Niesgrau,01,2024,1432.6,published_numeric,DE_ATLAS_HA26_GEM_2024
01059149,01059,Nordhackstedt,01,2024,6734.4,published_numeric,DE_ATLAS_HA26_GEM_2024
01059151,01059,Osterby,01,2024,3520.8,published_numeric,DE_ATLAS_HA26_GEM_2024
01059152,01059,Pommerby,01,2024,1407.5,published_numeric,DE_ATLAS_HA26_GEM_2024
01059154,01059,Rabel,01,2024,1179.1,published_numeric,DE_ATLAS_HA26_GEM_2024
01059155,01059,Rabenholz,01,2024,2846,published_numeric,DE_ATLAS_HA26_GEM_2024
01059157,01059,Ringsberg,01,2024,886.5,published_numeric,DE_ATLAS_HA26_GEM_2024
01059158,01059,Schafflund,01,2024,1393.3,published_numeric,DE_ATLAS_HA26_GEM_2024
01059159,01059,Sieverstedt,01,2024,1276.5,published_numeric,DE_ATLAS_HA26_GEM_2024
01059161,01059,Sörup,01,2024,1546.6,published_numeric,DE_ATLAS_HA26_GEM_2024
01059162,01059,Sollerup,01,2024,2130.9,published_numeric,DE_ATLAS_HA26_GEM_2024
01059163,01059,Stangheck,01,2024,864.2,published_numeric,DE_ATLAS_HA26_GEM_2024
01059164,01059,Steinberg,01,2024,1329.5,published_numeric,DE_ATLAS_HA26_GEM_2024
01059167,01059,Sterup,01,2024,1093,published_numeric,DE_ATLAS_HA26_GEM_2024
01059168,01059,Stoltebüll,01,2024,960.2,published_numeric,DE_ATLAS_HA26_GEM_2024
01059169,01059,Süderhackstedt,01,2024,970.5,published_numeric,DE_ATLAS_HA26_GEM_2024
01059171,01059,Tarp,01,2024,2478.4,published_numeric,DE_ATLAS_HA26_GEM_2024
01059173,01059,Wallsbüll,01,2024,703.5,published_numeric,DE_ATLAS_HA26_GEM_2024
01059174,01059,Wanderup,01,2024,2226.9,published_numeric,DE_ATLAS_HA26_GEM_2024
01059176,01059,Wees,01,2024,1381.8,published_numeric,DE_ATLAS_HA26_GEM_2024
01059177,01059,Weesby,01,2024,2951.7,published_numeric,DE_ATLAS_HA26_GEM_2024
01059178,01059,Westerholz,01,2024,1052,published_numeric,DE_ATLAS_HA26_GEM_2024
01059179,01059,Lindewitt,01,2024,2326.9,published_numeric,DE_ATLAS_HA26_GEM_2024
01059182,01059,Freienwill,01,2024,956.9,published_numeric,DE_ATLAS_HA26_GEM_2024
01059183,01059,Handewitt,01,2024,2050.5,published_numeric,DE_ATLAS_HA26_GEM_2024
01059184,01059,Oeversee,01,2024,1173.1,published_numeric,DE_ATLAS_HA26_GEM_2024
01059185,01059,Mittelangeln,01,2024,970.6,published_numeric,DE_ATLAS_HA26_GEM_2024
01059186,01059,Steinbergkirche,01,2024,1117.8,published_numeric,DE_ATLAS_HA26_GEM_2024
01059187,01059,Boren,01,2024,1275.3,published_numeric,DE_ATLAS_HA26_GEM_2024
01059188,01059,Stapel,01,2024,922.7,published_numeric,DE_ATLAS_HA26_GEM_2024
01059189,01059,Brodersby-Goltoft,01,2024,1321.9,published_numeric,DE_ATLAS_HA26_GEM_2024
01060002,01060,Alveslohe,01,2024,1309.7,published_numeric,DE_ATLAS_HA26_GEM_2024
01060003,01060,Armstedt,01,2024,913.1,published_numeric,DE_ATLAS_HA26_GEM_2024
01060004,01060,"Bad Bramstedt, Stadt",01,2024,1109,published_numeric,DE_ATLAS_HA26_GEM_2024
01060005,01060,"Bad Segeberg, Stadt",01,2024,1377.2,published_numeric,DE_ATLAS_HA26_GEM_2024
01060006,01060,Bahrenhof,01,2024,1056.7,published_numeric,DE_ATLAS_HA26_GEM_2024
01060007,01060,Bark,01,2024,943.1,published_numeric,DE_ATLAS_HA26_GEM_2024
01060008,01060,Bebensee,01,2024,2052.8,published_numeric,DE_ATLAS_HA26_GEM_2024
01060009,01060,Bimöhlen,01,2024,1097.1,published_numeric,DE_ATLAS_HA26_GEM_2024
01060010,01060,Blunk,01,2024,1525.5,published_numeric,DE_ATLAS_HA26_GEM_2024
01060011,01060,Boostedt,01,2024,968.9,published_numeric,DE_ATLAS_HA26_GEM_2024
01060012,01060,Bornhöved,01,2024,1646.8,published_numeric,DE_ATLAS_HA26_GEM_2024
01060013,01060,Borstel,01,2024,1055.2,published_numeric,DE_ATLAS_HA26_GEM_2024
01060014,01060,"Buchholz (Forstgutsbez.),gemfr. Gebiet",01,2024,,published_missing_sentinel,DE_ATLAS_HA26_GEM_2024
01060015,01060,Bühnsdorf,01,2024,1063.7,published_numeric,DE_ATLAS_HA26_GEM_2024
01060016,01060,Daldorf,01,2024,2261.2,published_numeric,DE_ATLAS_HA26_GEM_2024
01060017,01060,Damsdorf,01,2024,2552.7,published_numeric,DE_ATLAS_HA26_GEM_2024
01060018,01060,Dreggers,01,2024,823.3,published_numeric,DE_ATLAS_HA26_GEM_2024
01060019,01060,Ellerau,01,2024,1698.4,published_numeric,DE_ATLAS_HA26_GEM_2024
01060020,01060,Fahrenkrug,01,2024,1680.6,published_numeric,DE_ATLAS_HA26_GEM_2024
01060021,01060,Föhrden-Barl,01,2024,924.8,published_numeric,DE_ATLAS_HA26_GEM_2024
01060022,01060,Fredesdorf,01,2024,840.8,published_numeric,DE_ATLAS_HA26_GEM_2024
01060023,01060,Fuhlendorf,01,2024,1428.9,published_numeric,DE_ATLAS_HA26_GEM_2024
01060024,01060,Geschendorf,01,2024,1315.4,published_numeric,DE_ATLAS_HA26_GEM_2024
01060025,01060,Glasau,01,2024,1244.6,published_numeric,DE_ATLAS_HA26_GEM_2024
01060026,01060,Gönnebek,01,2024,2222.6,published_numeric,DE_ATLAS_HA26_GEM_2024
01060027,01060,Großenaspe,01,2024,1233.2,published_numeric,DE_ATLAS_HA26_GEM_2024
01060028,01060,Groß Kummerfeld,01,2024,1088.9,published_numeric,DE_ATLAS_HA26_GEM_2024
01060029,01060,Groß Niendorf,01,2024,996.2,published_numeric,DE_ATLAS_HA26_GEM_2024
01060030,01060,Groß Rönnau,01,2024,1224,published_numeric,DE_ATLAS_HA26_GEM_2024
01060031,01060,Hagen,01,2024,1011.7,published_numeric,DE_ATLAS_HA26_GEM_2024
01060033,01060,Hardebek,01,2024,2042.9,published_numeric,DE_ATLAS_HA26_GEM_2024
01060034,01060,Hartenholm,01,2024,1167.4,published_numeric,DE_ATLAS_HA26_GEM_2024
01060035,01060,Hasenkrug,01,2024,2063,published_numeric,DE_ATLAS_HA26_GEM_2024
01060036,01060,Hasenmoor,01,2024,1130.2,published_numeric,DE_ATLAS_HA26_GEM_2024
01060037,01060,Heidmoor,01,2024,1233.9,published_numeric,DE_ATLAS_HA26_GEM_2024
01060038,01060,Heidmühlen,01,2024,1614.8,published_numeric,DE_ATLAS_HA26_GEM_2024
01060039,01060,Henstedt-Ulzburg,01,2024,1959.6,published_numeric,DE_ATLAS_HA26_GEM_2024
01060040,01060,Hitzhusen,01,2024,1321.5,published_numeric,DE_ATLAS_HA26_GEM_2024
01060041,01060,Högersdorf,01,2024,1429,published_numeric,DE_ATLAS_HA26_GEM_2024
01060042,01060,Hüttblek,01,2024,1051,published_numeric,DE_ATLAS_HA26_GEM_2024
01060043,01060,Itzstedt,01,2024,1208.1,published_numeric,DE_ATLAS_HA26_GEM_2024
01060044,01060,"Kaltenkirchen, Stadt",01,2024,1935.4,published_numeric,DE_ATLAS_HA26_GEM_2024
01060045,01060,Kattendorf,01,2024,1070.5,published_numeric,DE_ATLAS_HA26_GEM_2024
01060046,01060,Kayhude,01,2024,1727.8,published_numeric,DE_ATLAS_HA26_GEM_2024
01060047,01060,Kisdorf,01,2024,1250.8,published_numeric,DE_ATLAS_HA26_GEM_2024
01060048,01060,Klein Gladebrügge,01,2024,982.3,published_numeric,DE_ATLAS_HA26_GEM_2024
01060049,01060,Klein Rönnau,01,2024,1014.3,published_numeric,DE_ATLAS_HA26_GEM_2024
01060050,01060,Krems II,01,2024,1620.3,published_numeric,DE_ATLAS_HA26_GEM_2024
01060051,01060,Kükels,01,2024,1123.4,published_numeric,DE_ATLAS_HA26_GEM_2024
01060052,01060,Latendorf,01,2024,1043.7,published_numeric,DE_ATLAS_HA26_GEM_2024
01060053,01060,Leezen,01,2024,7679.7,published_numeric,DE_ATLAS_HA26_GEM_2024
01060054,01060,Lentföhrden,01,2024,1278.5,published_numeric,DE_ATLAS_HA26_GEM_2024
01060056,01060,Mönkloh,01,2024,1370.2,published_numeric,DE_ATLAS_HA26_GEM_2024
01060057,01060,Mözen,01,2024,1129.7,published_numeric,DE_ATLAS_HA26_GEM_2024
01060058,01060,Nahe,01,2024,1425.2,published_numeric,DE_ATLAS_HA26_GEM_2024
01060059,01060,Negernbötel,01,2024,1080.4,published_numeric,DE_ATLAS_HA26_GEM_2024
01060060,01060,Nehms,01,2024,1073.9,published_numeric,DE_ATLAS_HA26_GEM_2024
01060061,01060,Neuengörs,01,2024,1716.3,published_numeric,DE_ATLAS_HA26_GEM_2024
01060062,01060,Neversdorf,01,2024,1261,published_numeric,DE_ATLAS_HA26_GEM_2024
01060063,01060,"Norderstedt, Stadt",01,2024,2521.2,published_numeric,DE_ATLAS_HA26_GEM_2024
01060064,01060,Nützen,01,2024,6567.3,published_numeric,DE_ATLAS_HA26_GEM_2024
01060065,01060,Oering,01,2024,1240.7,published_numeric,DE_ATLAS_HA26_GEM_2024
01060066,01060,Oersdorf,01,2024,1328.2,published_numeric,DE_ATLAS_HA26_GEM_2024
01060067,01060,Pronstorf,01,2024,1154.2,published_numeric,DE_ATLAS_HA26_GEM_2024
01060068,01060,Rickling,01,2024,1024.9,published_numeric,DE_ATLAS_HA26_GEM_2024
01060069,01060,Rohlstorf,01,2024,1014.5,published_numeric,DE_ATLAS_HA26_GEM_2024
01060070,01060,Schackendorf,01,2024,1047.4,published_numeric,DE_ATLAS_HA26_GEM_2024
01060071,01060,Schieren,01,2024,2119.2,published_numeric,DE_ATLAS_HA26_GEM_2024
01060072,01060,Schmalensee,01,2024,1158.1,published_numeric,DE_ATLAS_HA26_GEM_2024
01060073,01060,Schmalfeld,01,2024,1241,published_numeric,DE_ATLAS_HA26_GEM_2024
01060074,01060,Schwissel,01,2024,1024.1,published_numeric,DE_ATLAS_HA26_GEM_2024
01060075,01060,Seedorf,01,2024,923.9,published_numeric,DE_ATLAS_HA26_GEM_2024
01060076,01060,Seth,01,2024,1171,published_numeric,DE_ATLAS_HA26_GEM_2024
01060077,01060,Sievershütten,01,2024,1133.8,published_numeric,DE_ATLAS_HA26_GEM_2024
01060079,01060,Stipsdorf,01,2024,1037.9,published_numeric,DE_ATLAS_HA26_GEM_2024
01060080,01060,Stocksee,01,2024,1546.5,published_numeric,DE_ATLAS_HA26_GEM_2024
01060081,01060,Strukdorf,01,2024,2978,published_numeric,DE_ATLAS_HA26_GEM_2024
01060082,01060,Struvenhütten,01,2024,1123.9,published_numeric,DE_ATLAS_HA26_GEM_2024
01060084,01060,Stuvenborn,01,2024,1289.1,published_numeric,DE_ATLAS_HA26_GEM_2024
01060085,01060,Sülfeld,01,2024,1120.5,published_numeric,DE_ATLAS_HA26_GEM_2024
01060086,01060,Tarbek,01,2024,2403.6,published_numeric,DE_ATLAS_HA26_GEM_2024
01060087,01060,Tensfeld,01,2024,1516.3,published_numeric,DE_ATLAS_HA26_GEM_2024
01060088,01060,Todesfelde,01,2024,995,published_numeric,DE_ATLAS_HA26_GEM_2024
01060089,01060,Trappenkamp,01,2024,1029.3,published_numeric,DE_ATLAS_HA26_GEM_2024
01060090,01060,Travenhorst,01,2024,701.2,published_numeric,DE_ATLAS_HA26_GEM_2024
01060091,01060,Traventhal,01,2024,976.8,published_numeric,DE_ATLAS_HA26_GEM_2024
01060092,01060,"Wahlstedt, Stadt",01,2024,1348.4,published_numeric,DE_ATLAS_HA26_GEM_2024
01060093,01060,Wakendorf I,01,2024,902.6,published_numeric,DE_ATLAS_HA26_GEM_2024
01060094,01060,Wakendorf II,01,2024,1368.1,published_numeric,DE_ATLAS_HA26_GEM_2024
01060095,01060,Weddelbrook,01,2024,1092.4,published_numeric,DE_ATLAS_HA26_GEM_2024
01060096,01060,Weede,01,2024,1181.6,published_numeric,DE_ATLAS_HA26_GEM_2024
01060097,01060,Wensin,01,2024,795.8,published_numeric,DE_ATLAS_HA26_GEM_2024
01060098,01060,Westerrade,01,2024,1175.9,published_numeric,DE_ATLAS_HA26_GEM_2024
01060099,01060,Wiemersdorf,01,2024,1568.3,published_numeric,DE_ATLAS_HA26_GEM_2024
01060100,01060,Winsen,01,2024,1995.6,published_numeric,DE_ATLAS_HA26_GEM_2024
01060101,01060,Wittenborn,01,2024,1244,published_numeric,DE_ATLAS_HA26_GEM_2024
01061001,01061,Aasbüttel,01,2024,684.6,published_numeric,DE_ATLAS_HA26_GEM_2024
01061002,01061,Aebtissinwisch,01,2024,1849.9,published_numeric,DE_ATLAS_HA26_GEM_2024
01061003,01061,Agethorst,01,2024,915.9,published_numeric,DE_ATLAS_HA26_GEM_2024
01061004,01061,Altenmoor,01,2024,1098.9,published_numeric,DE_ATLAS_HA26_GEM_2024
01061005,01061,Auufer,01,2024,740.2,published_numeric,DE_ATLAS_HA26_GEM_2024
01061006,01061,Bahrenfleth,01,2024,1345.8,published_numeric,DE_ATLAS_HA26_GEM_2024
01061007,01061,Beidenfleth,01,2024,2184.1,published_numeric,DE_ATLAS_HA26_GEM_2024
01061008,01061,Bekdorf,01,2024,696.5,published_numeric,DE_ATLAS_HA26_GEM_2024
01061010,01061,Bekmünde,01,2024,1384.3,published_numeric,DE_ATLAS_HA26_GEM_2024
01061011,01061,Besdorf,01,2024,2223.5,published_numeric,DE_ATLAS_HA26_GEM_2024
01061012,01061,Blomesche Wildnis,01,2024,1435.1,published_numeric,DE_ATLAS_HA26_GEM_2024
01061013,01061,Bokelrehm,01,2024,2113.3,published_numeric,DE_ATLAS_HA26_GEM_2024
01061014,01061,Bokhorst,01,2024,2168.9,published_numeric,DE_ATLAS_HA26_GEM_2024
01061015,01061,Borsfleth,01,2024,1051,published_numeric,DE_ATLAS_HA26_GEM_2024
01061016,01061,Breitenberg,01,2024,1025.5,published_numeric,DE_ATLAS_HA26_GEM_2024
01061017,01061,Breitenburg,01,2024,1592.2,published_numeric,DE_ATLAS_HA26_GEM_2024
01061018,01061,Brokdorf,01,2024,1364.6,published_numeric,DE_ATLAS_HA26_GEM_2024
01061019,01061,Brokstedt,01,2024,1124.7,published_numeric,DE_ATLAS_HA26_GEM_2024
01061020,01061,Büttel,01,2024,165024.8,published_numeric,DE_ATLAS_HA26_GEM_2024
01061021,01061,Christinenthal,01,2024,2156,published_numeric,DE_ATLAS_HA26_GEM_2024
01061022,01061,Dägeling,01,2024,6362.1,published_numeric,DE_ATLAS_HA26_GEM_2024
01061023,01061,Dammfleth,01,2024,11066.1,published_numeric,DE_ATLAS_HA26_GEM_2024
01061024,01061,Drage,01,2024,964.2,published_numeric,DE_ATLAS_HA26_GEM_2024
01061025,01061,Ecklak,01,2024,1313.1,published_numeric,DE_ATLAS_HA26_GEM_2024
01061026,01061,Elskop,01,2024,1546,published_numeric,DE_ATLAS_HA26_GEM_2024
01061027,01061,Engelbrechtsche Wildnis,01,2024,1386,published_numeric,DE_ATLAS_HA26_GEM_2024
01061028,01061,Fitzbek,01,2024,965,published_numeric,DE_ATLAS_HA26_GEM_2024
01061029,01061,"Glückstadt, Stadt",01,2024,1394.6,published_numeric,DE_ATLAS_HA26_GEM_2024
01061030,01061,Grevenkop,01,2024,2951.1,published_numeric,DE_ATLAS_HA26_GEM_2024
01061031,01061,Gribbohm,01,2024,2000.2,published_numeric,DE_ATLAS_HA26_GEM_2024
01061033,01061,Hadenfeld,01,2024,1183.7,published_numeric,DE_ATLAS_HA26_GEM_2024
01061034,01061,Heiligenstedten,01,2024,1562.5,published_numeric,DE_ATLAS_HA26_GEM_2024
01061035,01061,Heiligenstedtenerkamp,01,2024,956.8,published_numeric,DE_ATLAS_HA26_GEM_2024
01061036,01061,Hennstedt,01,2024,1170.7,published_numeric,DE_ATLAS_HA26_GEM_2024
01061037,01061,Herzhorn,01,2024,937.3,published_numeric,DE_ATLAS_HA26_GEM_2024
01061038,01061,Hingstheide,01,2024,2686.4,published_numeric,DE_ATLAS_HA26_GEM_2024
01061039,01061,Hodorf,01,2024,1119.1,published_numeric,DE_ATLAS_HA26_GEM_2024
01061040,01061,Hohenaspe,01,2024,1319.3,published_numeric,DE_ATLAS_HA26_GEM_2024
01061041,01061,Hohenfelde,01,2024,1085.7,published_numeric,DE_ATLAS_HA26_GEM_2024
01061042,01061,Hohenlockstedt,01,2024,2085.1,published_numeric,DE_ATLAS_HA26_GEM_2024
01061043,01061,Holstenniendorf,01,2024,1693,published_numeric,DE_ATLAS_HA26_GEM_2024
01061044,01061,Horst (Holstein),01,2024,1668.7,published_numeric,DE_ATLAS_HA26_GEM_2024
01061045,01061,Huje,01,2024,3297.8,published_numeric,DE_ATLAS_HA26_GEM_2024
01061046,01061,"Itzehoe, Stadt",01,2024,1970.7,published_numeric,DE_ATLAS_HA26_GEM_2024
01061047,01061,Kaaks,01,2024,1507.3,published_numeric,DE_ATLAS_HA26_GEM_2024
01061048,01061,Kaisborstel,01,2024,1139,published_numeric,DE_ATLAS_HA26_GEM_2024
01061049,01061,"Kellinghusen, Stadt",01,2024,1092.6,published_numeric,DE_ATLAS_HA26_GEM_2024
01061050,01061,Kiebitzreihe,01,2024,1547.2,published_numeric,DE_ATLAS_HA26_GEM_2024
01061052,01061,Kleve,01,2024,1112.3,published_numeric,DE_ATLAS_HA26_GEM_2024
01061053,01061,Kollmoor,01,2024,1878.1,published_numeric,DE_ATLAS_HA26_GEM_2024
01061054,01061,Krempdorf,01,2024,2184.5,published_numeric,DE_ATLAS_HA26_GEM_2024
01061055,01061,"Krempe, Stadt",01,2024,946,published_numeric,DE_ATLAS_HA26_GEM_2024
01061056,01061,Kremperheide,01,2024,988.7,published_numeric,DE_ATLAS_HA26_GEM_2024
01061057,01061,Krempermoor,01,2024,799.6,published_numeric,DE_ATLAS_HA26_GEM_2024
01061058,01061,Kronsmoor,01,2024,947.8,published_numeric,DE_ATLAS_HA26_GEM_2024
01061059,01061,Krummendiek,01,2024,1140.3,published_numeric,DE_ATLAS_HA26_GEM_2024
01061060,01061,Kudensee,01,2024,897.7,published_numeric,DE_ATLAS_HA26_GEM_2024
01061061,01061,Lägerdorf,01,2024,1019.3,published_numeric,DE_ATLAS_HA26_GEM_2024
01061062,01061,Landrecht,01,2024,2158.4,published_numeric,DE_ATLAS_HA26_GEM_2024
01061063,01061,Landscheide,01,2024,3599.9,published_numeric,DE_ATLAS_HA26_GEM_2024
01061064,01061,Lockstedt,01,2024,5190.9,published_numeric,DE_ATLAS_HA26_GEM_2024
01061065,01061,Lohbarbek,01,2024,1219.9,published_numeric,DE_ATLAS_HA26_GEM_2024
01061066,01061,Looft,01,2024,2251,published_numeric,DE_ATLAS_HA26_GEM_2024
01061067,01061,Mehlbek,01,2024,959.6,published_numeric,DE_ATLAS_HA26_GEM_2024
01061068,01061,Moordiek,01,2024,875.9,published_numeric,DE_ATLAS_HA26_GEM_2024
01061070,01061,Moorhusen,01,2024,1215.8,published_numeric,DE_ATLAS_HA26_GEM_2024
01061071,01061,Mühlenbarbek,01,2024,1170.9,published_numeric,DE_ATLAS_HA26_GEM_2024
01061072,01061,Münsterdorf,01,2024,1091.2,published_numeric,DE_ATLAS_HA26_GEM_2024
01061073,01061,Neuenbrook,01,2024,2656.2,published_numeric,DE_ATLAS_HA26_GEM_2024
01061074,01061,Neuendorf b. Elmshorn,01,2024,1607.4,published_numeric,DE_ATLAS_HA26_GEM_2024
01061076,01061,Nienbüttel,01,2024,1984.7,published_numeric,DE_ATLAS_HA26_GEM_2024
01061077,01061,Nortorf,01,2024,3949.8,published_numeric,DE_ATLAS_HA26_GEM_2024
01061078,01061,Nutteln,01,2024,1279.4,published_numeric,DE_ATLAS_HA26_GEM_2024
01061079,01061,Oelixdorf,01,2024,1025.4,published_numeric,DE_ATLAS_HA26_GEM_2024
01061080,01061,Oeschebüttel,01,2024,1138.2,published_numeric,DE_ATLAS_HA26_GEM_2024
01061081,01061,Oldenborstel,01,2024,1889.1,published_numeric,DE_ATLAS_HA26_GEM_2024
01061082,01061,Oldendorf,01,2024,1687,published_numeric,DE_ATLAS_HA26_GEM_2024
01061083,01061,Ottenbüttel,01,2024,1318,published_numeric,DE_ATLAS_HA26_GEM_2024
01061084,01061,Peissen,01,2024,1099.9,published_numeric,DE_ATLAS_HA26_GEM_2024
01061085,01061,Pöschendorf,01,2024,888.7,published_numeric,DE_ATLAS_HA26_GEM_2024
01061086,01061,Poyenberg,01,2024,1303.6,published_numeric,DE_ATLAS_HA26_GEM_2024
01061087,01061,Puls,01,2024,1176.3,published_numeric,DE_ATLAS_HA26_GEM_2024
01061088,01061,Quarnstedt,01,2024,4972.7,published_numeric,DE_ATLAS_HA26_GEM_2024
01061089,01061,Rade,01,2024,991.4,published_numeric,DE_ATLAS_HA26_GEM_2024
01061091,01061,Reher,01,2024,1447.5,published_numeric,DE_ATLAS_HA26_GEM_2024
01061092,01061,Rethwisch,01,2024,4483.2,published_numeric,DE_ATLAS_HA26_GEM_2024
01061093,01061,Rosdorf,01,2024,2033.3,published_numeric,DE_ATLAS_HA26_GEM_2024
01061095,01061,Sankt Margarethen,01,2024,922.6,published_numeric,DE_ATLAS_HA26_GEM_2024
01061096,01061,Sarlhusen,01,2024,1466.8,published_numeric,DE_ATLAS_HA26_GEM_2024
01061097,01061,Schenefeld,01,2024,1719.4,published_numeric,DE_ATLAS_HA26_GEM_2024
01061098,01061,Schlotfeld,01,2024,1101,published_numeric,DE_ATLAS_HA26_GEM_2024
01061100,01061,Silzen,01,2024,2022.3,published_numeric,DE_ATLAS_HA26_GEM_2024
01061101,01061,Sommerland,01,2024,1157.5,published_numeric,DE_ATLAS_HA26_GEM_2024
01061102,01061,Stördorf,01,2024,1325,published_numeric,DE_ATLAS_HA26_GEM_2024
01061103,01061,Störkathen,01,2024,1104.6,published_numeric,DE_ATLAS_HA26_GEM_2024
01061104,01061,Süderau,01,2024,2281.3,published_numeric,DE_ATLAS_HA26_GEM_2024
01061105,01061,Vaale,01,2024,953.8,published_numeric,DE_ATLAS_HA26_GEM_2024
01061106,01061,Vaalermoor,01,2024,804.6,published_numeric,DE_ATLAS_HA26_GEM_2024
01061107,01061,Wacken,01,2024,1996.3,published_numeric,DE_ATLAS_HA26_GEM_2024
01061108,01061,Warringholz,01,2024,1069.6,published_numeric,DE_ATLAS_HA26_GEM_2024
01061109,01061,Westermoor,01,2024,919.5,published_numeric,DE_ATLAS_HA26_GEM_2024
01061110,01061,Wewelsfleth,01,2024,1320.4,published_numeric,DE_ATLAS_HA26_GEM_2024
01061111,01061,Wiedenborstel,01,2024,4158.6,published_numeric,DE_ATLAS_HA26_GEM_2024
01061112,01061,Willenscharen,01,2024,962.9,published_numeric,DE_ATLAS_HA26_GEM_2024
01061113,01061,"Wilster, Stadt",01,2024,1182.7,published_numeric,DE_ATLAS_HA26_GEM_2024
01061114,01061,Winseldorf,01,2024,884.4,published_numeric,DE_ATLAS_HA26_GEM_2024
01061115,01061,Wittenbergen,01,2024,1000.5,published_numeric,DE_ATLAS_HA26_GEM_2024
01061116,01061,Wrist,01,2024,956.8,published_numeric,DE_ATLAS_HA26_GEM_2024
01061117,01061,Wulfsmoor,01,2024,1090.3,published_numeric,DE_ATLAS_HA26_GEM_2024
01061118,01061,Kollmar,01,2024,1242.9,published_numeric,DE_ATLAS_HA26_GEM_2024
01061119,01061,Neuendorf-Sachsenbande,01,2024,1378.1,published_numeric,DE_ATLAS_HA26_GEM_2024
01062001,01062,"Ahrensburg, Stadt",01,2024,2053.1,published_numeric,DE_ATLAS_HA26_GEM_2024
01062003,01062,Badendorf,01,2024,1182.8,published_numeric,DE_ATLAS_HA26_GEM_2024
01062004,01062,"Bad Oldesloe, Stadt",01,2024,1969.1,published_numeric,DE_ATLAS_HA26_GEM_2024
01062005,01062,Bargfeld-Stegen,01,2024,1204.7,published_numeric,DE_ATLAS_HA26_GEM_2024
01062006,01062,"Bargteheide, Stadt",01,2024,2912,published_numeric,DE_ATLAS_HA26_GEM_2024
01062008,01062,Barnitz,01,2024,1131.2,published_numeric,DE_ATLAS_HA26_GEM_2024
01062009,01062,Barsbüttel,01,2024,2215.2,published_numeric,DE_ATLAS_HA26_GEM_2024
01062011,01062,Braak,01,2024,10938.4,published_numeric,DE_ATLAS_HA26_GEM_2024
01062014,01062,Delingsdorf,01,2024,1316.4,published_numeric,DE_ATLAS_HA26_GEM_2024
01062016,01062,Elmenhorst,01,2024,1207.9,published_numeric,DE_ATLAS_HA26_GEM_2024
01062018,01062,"Glinde, Stadt",01,2024,1778.6,published_numeric,DE_ATLAS_HA26_GEM_2024
01062019,01062,Grabau,01,2024,1094,published_numeric,DE_ATLAS_HA26_GEM_2024
01062020,01062,Grande,01,2024,1291.1,published_numeric,DE_ATLAS_HA26_GEM_2024
01062021,01062,Grönwohld,01,2024,1103.4,published_numeric,DE_ATLAS_HA26_GEM_2024
01062022,01062,Großensee,01,2024,1294.7,published_numeric,DE_ATLAS_HA26_GEM_2024
01062023,01062,Großhansdorf,01,2024,1414.3,published_numeric,DE_ATLAS_HA26_GEM_2024
01062025,01062,Hamberge,01,2024,985.8,published_numeric,DE_ATLAS_HA26_GEM_2024
01062026,01062,Hamfelde,01,2024,1194.6,published_numeric,DE_ATLAS_HA26_GEM_2024
01062027,01062,Hammoor,01,2024,1080,published_numeric,DE_ATLAS_HA26_GEM_2024
01062031,01062,Heidekamp,01,2024,932.5,published_numeric,DE_ATLAS_HA26_GEM_2024
01062032,01062,Heilshoop,01,2024,859.8,published_numeric,DE_ATLAS_HA26_GEM_2024
01062033,01062,Hohenfelde,01,2024,926.9,published_numeric,DE_ATLAS_HA26_GEM_2024
01062035,01062,Hoisdorf,01,2024,1229.6,published_numeric,DE_ATLAS_HA26_GEM_2024
01062036,01062,Jersbek,01,2024,1411.4,published_numeric,DE_ATLAS_HA26_GEM_2024
01062039,01062,Klein Wesenberg,01,2024,1033.7,published_numeric,DE_ATLAS_HA26_GEM_2024
01062040,01062,Köthel,01,2024,1530.8,published_numeric,DE_ATLAS_HA26_GEM_2024
01062045,01062,Lütjensee,01,2024,2593.8,published_numeric,DE_ATLAS_HA26_GEM_2024
01062046,01062,Meddewade,01,2024,1154.2,published_numeric,DE_ATLAS_HA26_GEM_2024
01062048,01062,Mönkhagen,01,2024,1017.2,published_numeric,DE_ATLAS_HA26_GEM_2024
01062050,01062,Neritz,01,2024,1226.9,published_numeric,DE_ATLAS_HA26_GEM_2024
01062051,01062,Nienwohld,01,2024,1058.5,published_numeric,DE_ATLAS_HA26_GEM_2024
01062053,01062,Oststeinbek,01,2024,2973,published_numeric,DE_ATLAS_HA26_GEM_2024
01062056,01062,Pölitz,01,2024,917.6,published_numeric,DE_ATLAS_HA26_GEM_2024
01062058,01062,Rausdorf,01,2024,1215.4,published_numeric,DE_ATLAS_HA26_GEM_2024
01062059,01062,Rehhorst,01,2024,1037.4,published_numeric,DE_ATLAS_HA26_GEM_2024
01062060,01062,"Reinbek, Stadt",01,2024,2056.5,published_numeric,DE_ATLAS_HA26_GEM_2024
01062061,01062,"Reinfeld (Holstein), Stadt",01,2024,1561.4,published_numeric,DE_ATLAS_HA26_GEM_2024
01062062,01062,Rethwisch,01,2024,1333,published_numeric,DE_ATLAS_HA26_GEM_2024
01062065,01062,Rümpel,01,2024,932.1,published_numeric,DE_ATLAS_HA26_GEM_2024
01062069,01062,Siek,01,2024,3646.6,published_numeric,DE_ATLAS_HA26_GEM_2024
01062071,01062,Stapelfeld,01,2024,3844.3,published_numeric,DE_ATLAS_HA26_GEM_2024
01062076,01062,Tangstedt,01,2024,1950.9,published_numeric,DE_ATLAS_HA26_GEM_2024
01062078,01062,Todendorf,01,2024,1207,published_numeric,DE_ATLAS_HA26_GEM_2024
01062081,01062,Tremsbüttel,01,2024,1280.7,published_numeric,DE_ATLAS_HA26_GEM_2024
01062082,01062,Trittau,01,2024,1861.7,published_numeric,DE_ATLAS_HA26_GEM_2024
01062083,01062,Westerau,01,2024,947.6,published_numeric,DE_ATLAS_HA26_GEM_2024
01062086,01062,Witzhave,01,2024,1472.2,published_numeric,DE_ATLAS_HA26_GEM_2024
01062087,01062,Zarpen,01,2024,990.2,published_numeric,DE_ATLAS_HA26_GEM_2024
01062088,01062,Brunsbek,01,2024,1246.1,published_numeric,DE_ATLAS_HA26_GEM_2024
01062089,01062,Lasbek,01,2024,1400.8,published_numeric,DE_ATLAS_HA26_GEM_2024
01062090,01062,Ammersbek,01,2024,1321.8,published_numeric,DE_ATLAS_HA26_GEM_2024
01062091,01062,Steinburg,01,2024,1273.2,published_numeric,DE_ATLAS_HA26_GEM_2024
01062092,01062,Travenbrück,01,2024,1084,published_numeric,DE_ATLAS_HA26_GEM_2024
01062093,01062,Feldhorst,01,2024,1259.9,published_numeric,DE_ATLAS_HA26_GEM_2024
01062094,01062,Wesenberg,01,2024,1.9,published_numeric,DE_ATLAS_HA26_GEM_2024
