report_year,state_code,county_ags5,reporting_unit_class,original_region_key,municipality_ags8_candidate,ags_match_2024_atlas,name_de,legal_form_de,population_2024_06_30,total_integrated_debt_eur,integrated_debt_eur_per_person,core_budget_debt_eur,extra_budget_proportional_debt_eur,public_enterprise_proportional_debt_eur,source_id
2024,05,05111,municipality,051110000000,05111000,matched,Düsseldorf,kreisfreie Stadt,617904,2437544717.90,3944.86,545315029.00,516475969.32,1375753719.58,STATISTIKPORTAL_INTEGRATED_2024_T1
2024,05,05112,municipality,051120000000,05112000,matched,Duisburg,kreisfreie Stadt,502636,3327965001.58,6621.02,1228478010.00,832161277.45,1267325714.13,STATISTIKPORTAL_INTEGRATED_2024_T1
2024,05,05113,municipality,051130000000,05113000,matched,Essen,kreisfreie Stadt,574631,3962048883.76,6894.94,2940433693.00,163357975.23,858257215.53,STATISTIKPORTAL_INTEGRATED_2024_T1
2024,05,05114,municipality,051140000000,05114000,matched,Krefeld,kreisfreie Stadt,230843,1119619471.20,4850.13,636715452.00,177301376.83,305602642.37,STATISTIKPORTAL_INTEGRATED_2024_T1
2024,05,05116,municipality,051160000000,05116000,matched,Mönchengladbach,kreisfreie Stadt,267285,1242176199.52,4647.38,765769207.00,52701497.94,423705494.58,STATISTIKPORTAL_INTEGRATED_2024_T1
2024,05,05117,municipality,051170000000,05117000,matched,Mülheim an der Ruhr,kreisfreie Stadt,172971,2086948659.10,12065.31,1611192739.00,210546607.45,265209312.65,STATISTIKPORTAL_INTEGRATED_2024_T1
2024,05,05119,municipality,051190000000,05119000,matched,Oberhausen,kreisfreie Stadt,213714,2237452153.68,10469.38,2086860874.00,87426026.01,63165253.67,STATISTIKPORTAL_INTEGRATED_2024_T1
2024,05,05120,municipality,051200000000,05120000,matched,Remscheid,kreisfreie Stadt,114024,1057649145.32,9275.67,764277349.00,45434527.01,247937269.31,STATISTIKPORTAL_INTEGRATED_2024_T1
2024,05,05122,municipality,051220000000,05122000,matched,Solingen,kreisfreie Stadt,165796,1329217254.60,8017.19,916786980.00,43018048.16,369412226.44,STATISTIKPORTAL_INTEGRATED_2024_T1
2024,05,05124,municipality,051240000000,05124000,matched,Wuppertal,kreisfreie Stadt,358730,2105093975.12,5868.18,1569865701.00,116782492.83,418445781.29,STATISTIKPORTAL_INTEGRATED_2024_T1
2024,05,05154,county_administration,05154,,not_applicable,"Kleve, Kreisverwaltung",Kreisverwaltung,321938,208523440.91,647.71,156150673.00,16697088.51,35675679.40,STATISTIKPORTAL_INTEGRATED_2024_T1
2024,05,05154,municipality,051540004004,05154004,matched,Bedburg-Hau,kreisangehörige Gemeinde,13671,7437754.56,544.05,3534958.00,739225.83,3163570.73,STATISTIKPORTAL_INTEGRATED_2024_T1
2024,05,05154,municipality,051540008008,05154008,matched,Emmerich am Rhein,kreisangehörige Gemeinde,31886,45566562.05,1429.05,20302890.00,1027.88,25262644.17,STATISTIKPORTAL_INTEGRATED_2024_T1
2024,05,05154,municipality,051540012012,05154012,matched,Geldern,kreisangehörige Gemeinde,35261,153735636.34,4359.93,111664137.00,30349167.70,11722331.64,STATISTIKPORTAL_INTEGRATED_2024_T1
2024,05,05154,municipality,051540016016,05154016,matched,Goch,kreisangehörige Gemeinde,34953,160547288.92,4593.23,8292006.00,67158642.39,85096640.53,STATISTIKPORTAL_INTEGRATED_2024_T1
2024,05,05154,municipality,051540020020,05154020,matched,Issum,kreisangehörige Gemeinde,12402,359561.93,28.99,359306.00,255.93,0.00,STATISTIKPORTAL_INTEGRATED_2024_T1
2024,05,05154,municipality,051540024024,05154024,matched,Kalkar,kreisangehörige Gemeinde,14413,19688181.49,1366.00,5855476.00,492927.16,13339778.33,STATISTIKPORTAL_INTEGRATED_2024_T1
2024,05,05154,municipality,051540028028,05154028,matched,Kerken,kreisangehörige Gemeinde,13158,4411015.93,335.23,4410760.00,255.93,0.00,STATISTIKPORTAL_INTEGRATED_2024_T1
2024,05,05154,municipality,051540032032,05154032,matched,Kevelaer,kreisangehörige Gemeinde,28272,78241282.96,2767.45,36621922.00,1478729.09,40140631.87,STATISTIKPORTAL_INTEGRATED_2024_T1
2024,05,05154,municipality,051540036036,05154036,matched,Kleve,kreisangehörige Gemeinde,52972,165259293.49,3119.75,8308277.00,123143793.70,33807222.79,STATISTIKPORTAL_INTEGRATED_2024_T1
2024,05,05154,municipality,051540040040,05154040,matched,Kranenburg,kreisangehörige Gemeinde,11201,779767.90,69.62,526340.00,255.93,253171.97,STATISTIKPORTAL_INTEGRATED_2024_T1
2024,05,05154,municipality,051540044044,05154044,matched,Rees,kreisangehörige Gemeinde,21824,20498039.05,939.24,10283209.00,2690997.77,7523832.28,STATISTIKPORTAL_INTEGRATED_2024_T1
2024,05,05154,municipality,051540048048,05154048,matched,Rheurdt,kreisangehörige Gemeinde,6423,397293.93,61.85,397038.00,255.93,0.00,STATISTIKPORTAL_INTEGRATED_2024_T1
2024,05,05154,municipality,051540052052,05154052,matched,Straelen,kreisangehörige Gemeinde,16668,6415683.39,384.91,2624810.00,660.84,3790212.55,STATISTIKPORTAL_INTEGRATED_2024_T1
2024,05,05154,municipality,051540056056,05154056,matched,Uedem,kreisangehörige Gemeinde,8185,2728567.16,333.36,2235640.00,492927.16,0.00,STATISTIKPORTAL_INTEGRATED_2024_T1
2024,05,05154,municipality,051540060060,05154060,matched,Wachtendonk,kreisangehörige Gemeinde,8238,5568374.93,675.94,5568119.00,255.93,0.00,STATISTIKPORTAL_INTEGRATED_2024_T1
2024,05,05154,municipality,051540064064,05154064,matched,Weeze,kreisangehörige Gemeinde,12411,5733961.02,462.01,3710511.00,1689294.77,334155.25,STATISTIKPORTAL_INTEGRATED_2024_T1
2024,05,05158,county_administration,05158,,not_applicable,"Mettmann, Kreisverwaltung",Kreisverwaltung,490381,54334061.24,110.80,3099826.00,49662445.57,1571789.67,STATISTIKPORTAL_INTEGRATED_2024_T1
2024,05,05158,municipality,051580004004,05158004,matched,Erkrath,kreisangehörige Gemeinde,43789,192741698.27,4401.60,179765655.00,0.00,12976043.27,STATISTIKPORTAL_INTEGRATED_2024_T1
2024,05,05158,municipality,051580008008,05158008,matched,Haan,kreisangehörige Gemeinde,30132,81922581.42,2718.79,75010846.00,6851.06,6904884.36,STATISTIKPORTAL_INTEGRATED_2024_T1
2024,05,05158,municipality,051580012012,05158012,matched,Heiligenhaus,kreisangehörige Gemeinde,26356,133378685.48,5060.66,77850586.00,6851.06,55521248.42,STATISTIKPORTAL_INTEGRATED_2024_T1
2024,05,05158,municipality,051580016016,05158016,matched,Hilden,kreisangehörige Gemeinde,55057,55595469.10,1009.78,25305006.00,4563574.06,25726889.04,STATISTIKPORTAL_INTEGRATED_2024_T1
2024,05,05158,municipality,051580020020,05158020,matched,Langenfeld,kreisangehörige Gemeinde,59872,37278430.90,622.64,1908656.00,146837.06,35222937.84,STATISTIKPORTAL_INTEGRATED_2024_T1
2024,05,05158,municipality,051580024024,05158024,matched,Mettmann,kreisangehörige Gemeinde,39512,173905406.10,4401.33,162965758.00,0.00,10939648.10,STATISTIKPORTAL_INTEGRATED_2024_T1
2024,05,05158,municipality,051580026026,05158026,matched,Monheim am Rhein,kreisangehörige Gemeinde,43304,1045667049.62,24147.12,582489426.00,91497242.50,371680381.12,STATISTIKPORTAL_INTEGRATED_2024_T1
2024,05,05158,municipality,051580028028,05158028,matched,Ratingen,kreisangehörige Gemeinde,89206,88661448.48,993.90,38964768.00,6851.06,49689829.42,STATISTIKPORTAL_INTEGRATED_2024_T1
2024,05,05158,municipality,051580032032,05158032,matched,Velbert,kreisangehörige Gemeinde,82477,853951727.88,10353.82,490495129.00,56086020.06,307370578.82,STATISTIKPORTAL_INTEGRATED_2024_T1
2024,05,05158,municipality,051580036036,05158036,matched,Wülfrath,kreisangehörige Gemeinde,20676,90560699.70,4379.99,73207940.00,6851.06,17345908.64,STATISTIKPORTAL_INTEGRATED_2024_T1
2024,05,05162,county_administration,05162,,not_applicable,"Rhein-Kreis Neuss, Kreisverwaltung",Kreisverwaltung,456860,143468508.12,314.03,18826624.00,44283481.41,80358402.71,STATISTIKPORTAL_INTEGRATED_2024_T1
2024,05,05162,municipality,051620004004,05162004,matched,Dormagen,kreisangehörige Gemeinde,63914,387662213.87,6065.37,309488465.00,8073525.59,70100223.28,STATISTIKPORTAL_INTEGRATED_2024_T1
2024,05,05162,municipality,051620008008,05162008,matched,Grevenbroich,kreisangehörige Gemeinde,65537,146660081.80,2237.82,66420798.00,2077742.20,78161541.60,STATISTIKPORTAL_INTEGRATED_2024_T1
2024,05,05162,municipality,051620012012,05162012,matched,Jüchen,kreisangehörige Gemeinde,24039,69431900.35,2888.30,69352944.00,2677.26,76279.09,STATISTIKPORTAL_INTEGRATED_2024_T1
2024,05,05162,municipality,051620016016,05162016,matched,Kaarst,kreisangehörige Gemeinde,43247,67521679.04,1561.30,55757939.00,4864569.18,6899170.86,STATISTIKPORTAL_INTEGRATED_2024_T1
2024,05,05162,municipality,051620020020,05162020,matched,Korschenbroich,kreisangehörige Gemeinde,34621,111238347.59,3213.03,74435732.00,2284.59,36800331.00,STATISTIKPORTAL_INTEGRATED_2024_T1
2024,05,05162,municipality,051620022022,05162022,matched,Meerbusch,kreisangehörige Gemeinde,57084,115221537.90,2018.46,84915907.00,4570.47,30301060.43,STATISTIKPORTAL_INTEGRATED_2024_T1
2024,05,05162,municipality,051620024024,05162024,matched,Neuss,kreisangehörige Gemeinde,154325,952445798.16,6171.69,200750020.00,46729956.71,704965821.45,STATISTIKPORTAL_INTEGRATED_2024_T1
2024,05,05162,municipality,051620028028,05162028,matched,Rommerskirchen,kreisangehörige Gemeinde,14093,50952032.46,3615.41,36191931.00,10844926.59,3915174.87,STATISTIKPORTAL_INTEGRATED_2024_T1
2024,05,05166,county_administration,05166,,not_applicable,"Viersen, Kreisverwaltung",Kreisverwaltung,297898,214766936.62,720.94,76933998.00,39803643.26,98029295.36,STATISTIKPORTAL_INTEGRATED_2024_T1
2024,05,05166,municipality,051660004004,05166004,matched,Brüggen,kreisangehörige Gemeinde,16211,50911945.35,3140.58,33592116.00,310082.39,17009746.96,STATISTIKPORTAL_INTEGRATED_2024_T1
2024,05,05166,municipality,051660008008,05166008,matched,Grefrath,kreisangehörige Gemeinde,15072,39395327.99,2613.81,37201672.00,49.05,2193606.94,STATISTIKPORTAL_INTEGRATED_2024_T1
2024,05,05166,municipality,051660012012,05166012,matched,Kempen,kreisangehörige Gemeinde,34208,131481338.98,3843.58,94090956.00,85.31,37390297.67,STATISTIKPORTAL_INTEGRATED_2024_T1
2024,05,05166,municipality,051660016016,05166016,matched,Nettetal,kreisangehörige Gemeinde,42037,207089477.09,4926.36,86014108.00,123.70,121075245.39,STATISTIKPORTAL_INTEGRATED_2024_T1
2024,05,05166,municipality,051660020020,05166020,matched,Niederkrüchten,kreisangehörige Gemeinde,14758,14826660.53,1004.65,12560607.00,16319.08,2249734.45,STATISTIKPORTAL_INTEGRATED_2024_T1
2024,05,05166,municipality,051660024024,05166024,matched,Schwalmtal,kreisangehörige Gemeinde,18839,22391442.77,1188.57,10075467.00,49.05,12315926.72,STATISTIKPORTAL_INTEGRATED_2024_T1
2024,05,05166,municipality,051660028028,05166028,matched,Tönisvorst,kreisangehörige Gemeinde,29243,25583080.22,874.84,23300123.00,68.25,2282888.97,STATISTIKPORTAL_INTEGRATED_2024_T1
2024,05,05166,municipality,051660032032,05166032,matched,Viersen,kreisangehörige Gemeinde,78022,344435909.65,4414.60,95163956.00,47785903.28,201486050.37,STATISTIKPORTAL_INTEGRATED_2024_T1
2024,05,05166,municipality,051660036036,05166036,matched,Willich,kreisangehörige Gemeinde,49508,260880550.68,5269.46,134695621.00,9476281.87,116708647.81,STATISTIKPORTAL_INTEGRATED_2024_T1
2024,05,05170,county_administration,05170,,not_applicable,"Wesel, Kreisverwaltung",Kreisverwaltung,457344,76116791.87,166.43,8945377.00,1016625.99,66154788.88,STATISTIKPORTAL_INTEGRATED_2024_T1
2024,05,05170,municipality,051700004004,05170004,matched,Alpen,kreisangehörige Gemeinde,12474,25304757.19,2028.60,22034727.00,2771926.77,498103.42,STATISTIKPORTAL_INTEGRATED_2024_T1
2024,05,05170,municipality,051700008008,05170008,matched,Dinslaken,kreisangehörige Gemeinde,67214,505614106.75,7522.45,220741435.00,25646667.75,259226004.00,STATISTIKPORTAL_INTEGRATED_2024_T1
2024,05,05170,municipality,051700012012,05170012,matched,Hamminkeln,kreisangehörige Gemeinde,26830,84362861.35,3144.35,81028580.00,0.00,3334281.35,STATISTIKPORTAL_INTEGRATED_2024_T1
2024,05,05170,municipality,051700016016,05170016,matched,Hünxe,kreisangehörige Gemeinde,13681,21290969.62,1556.24,13156016.00,0.00,8134953.62,STATISTIKPORTAL_INTEGRATED_2024_T1
2024,05,05170,municipality,051700020020,05170020,matched,Kamp-Lintfort,kreisangehörige Gemeinde,37938,158808672.24,4186.01,132890379.00,0.00,25918293.24,STATISTIKPORTAL_INTEGRATED_2024_T1
2024,05,05170,municipality,051700024024,05170024,matched,Moers,kreisangehörige Gemeinde,101339,722017977.14,7124.78,465900627.00,0.00,256117350.14,STATISTIKPORTAL_INTEGRATED_2024_T1
2024,05,05170,municipality,051700028028,05170028,matched,Neukirchen-Vluyn,kreisangehörige Gemeinde,27096,56600060.88,2088.87,49226166.00,0.00,7373894.88,STATISTIKPORTAL_INTEGRATED_2024_T1
2024,05,05170,municipality,051700032032,05170032,matched,Rheinberg,kreisangehörige Gemeinde,31212,30613496.88,980.82,22331001.00,6001973.84,2280522.04,STATISTIKPORTAL_INTEGRATED_2024_T1
2024,05,05170,municipality,051700036036,05170036,matched,Schermbeck,kreisangehörige Gemeinde,13538,12490951.53,922.66,10540665.00,0.00,1950286.53,STATISTIKPORTAL_INTEGRATED_2024_T1
2024,05,05170,municipality,051700040040,05170040,matched,Sonsbeck,kreisangehörige Gemeinde,8670,2662162.17,307.05,335728.00,1972332.51,354101.66,STATISTIKPORTAL_INTEGRATED_2024_T1
2024,05,05170,municipality,051700044044,05170044,matched,Voerde,kreisangehörige Gemeinde,35606,95821757.32,2691.17,74978443.00,0.00,20843314.32,STATISTIKPORTAL_INTEGRATED_2024_T1
2024,05,05170,municipality,051700048048,05170048,matched,Wesel,kreisangehörige Gemeinde,60606,293238489.25,4838.44,246020368.00,203930.00,47014191.25,STATISTIKPORTAL_INTEGRATED_2024_T1
2024,05,05170,municipality,051700052052,05170052,matched,Xanten,kreisangehörige Gemeinde,21140,70632255.88,3341.17,50562029.00,17601074.89,2469151.99,STATISTIKPORTAL_INTEGRATED_2024_T1
2024,05,05314,municipality,053140000000,05314000,matched,Bonn,kreisfreie Stadt,321711,2846366511.76,8847.59,2314480051.00,33951536.27,497934924.49,STATISTIKPORTAL_INTEGRATED_2024_T1
2024,05,05315,municipality,053150000000,05315000,matched,Köln,kreisfreie Stadt,1024021,10386472386.85,10142.83,3212235858.00,3574712723.91,3599523804.94,STATISTIKPORTAL_INTEGRATED_2024_T1
2024,05,05316,municipality,053160000000,05316000,matched,Leverkusen,kreisfreie Stadt,168396,1360545169.28,8079.44,864249580.00,25705154.73,470590434.55,STATISTIKPORTAL_INTEGRATED_2024_T1
2024,05,05334,county_administration,05334,,not_applicable,Städteregion Aachen,Kreisverwaltung,581339,225077880.99,387.17,72503712.00,41816288.16,110757880.83,STATISTIKPORTAL_INTEGRATED_2024_T1
2024,05,05334,municipality,053340002002,05334002,matched,Aachen,kreisangehörige Gemeinde,262564,1764547922.17,6720.45,874293508.00,57411695.23,832842718.94,STATISTIKPORTAL_INTEGRATED_2024_T1
2024,05,05334,municipality,053340004004,05334004,matched,Alsdorf,kreisangehörige Gemeinde,48733,174829185.23,3587.49,90386905.00,14400021.49,70042258.74,STATISTIKPORTAL_INTEGRATED_2024_T1
2024,05,05334,municipality,053340008008,05334008,matched,Baesweiler,kreisangehörige Gemeinde,29174,55165884.46,1890.93,46557059.00,147126.61,8461698.85,STATISTIKPORTAL_INTEGRATED_2024_T1
2024,05,05334,municipality,053340012012,05334012,matched,Eschweiler,kreisangehörige Gemeinde,57456,269026204.33,4682.30,219350108.00,4735309.17,44940787.16,STATISTIKPORTAL_INTEGRATED_2024_T1
2024,05,05334,municipality,053340016016,05334016,matched,Herzogenrath,kreisangehörige Gemeinde,48279,141706328.57,2935.15,109170597.00,147126.61,32388604.96,STATISTIKPORTAL_INTEGRATED_2024_T1
2024,05,05334,municipality,053340020020,05334020,matched,Monschau,kreisangehörige Gemeinde,12369,71355959.39,5768.94,49444766.00,336447.36,21574746.03,STATISTIKPORTAL_INTEGRATED_2024_T1
2024,05,05334,municipality,053340024024,05334024,matched,Roetgen,kreisangehörige Gemeinde,8751,23783461.09,2717.80,8581483.00,986447.36,14215530.73,STATISTIKPORTAL_INTEGRATED_2024_T1
2024,05,05334,municipality,053340028028,05334028,matched,Simmerath,kreisangehörige Gemeinde,16617,62737004.92,3775.47,40087231.00,336447.36,22313326.56,STATISTIKPORTAL_INTEGRATED_2024_T1
2024,05,05334,municipality,053340032032,05334032,matched,Stolberg,kreisangehörige Gemeinde,57411,151916771.12,2646.13,133409755.00,330014.77,18177001.35,STATISTIKPORTAL_INTEGRATED_2024_T1
2024,05,05334,municipality,053340036036,05334036,matched,Würselen,kreisangehörige Gemeinde,39985,165938146.84,4150.01,129453746.00,217468.21,36266932.63,STATISTIKPORTAL_INTEGRATED_2024_T1
2024,05,05358,county_administration,05358,,not_applicable,"Düren, Kreisverwaltung",Kreisverwaltung,278808,256343922.55,919.43,75983378.00,44208574.16,136151970.39,STATISTIKPORTAL_INTEGRATED_2024_T1
2024,05,05358,municipality,053580004004,05358004,matched,Aldenhoven,kreisangehörige Gemeinde,14242,29378483.46,2062.81,11283467.00,491805.80,17603210.66,STATISTIKPORTAL_INTEGRATED_2024_T1
2024,05,05358,municipality,053580008008,05358008,matched,Düren,kreisangehörige Gemeinde,94405,297220773.01,3148.36,157212589.00,14900552.55,125107631.46,STATISTIKPORTAL_INTEGRATED_2024_T1
2024,05,05358,municipality,053580012012,05358012,matched,Heimbach,kreisangehörige Gemeinde,4494,36744567.44,8176.36,22611768.00,456635.00,13676164.44,STATISTIKPORTAL_INTEGRATED_2024_T1
2024,05,05358,municipality,053580016016,05358016,matched,Hürtgenwald,kreisangehörige Gemeinde,9166,42852342.52,4675.14,27248601.00,645955.75,14957785.77,STATISTIKPORTAL_INTEGRATED_2024_T1
2024,05,05358,municipality,053580020020,05358020,matched,Inden,kreisangehörige Gemeinde,7621,52328354.71,6866.34,46809428.00,456635.00,5062291.71,STATISTIKPORTAL_INTEGRATED_2024_T1
2024,05,05358,municipality,053580024024,05358024,matched,Jülich,kreisangehörige Gemeinde,34656,240082356.16,6927.58,175046059.00,456635.00,64579662.16,STATISTIKPORTAL_INTEGRATED_2024_T1
2024,05,05358,municipality,053580028028,05358028,matched,Kreuzau,kreisangehörige Gemeinde,18253,82902478.62,4541.85,65655470.00,456635.00,16790373.62,STATISTIKPORTAL_INTEGRATED_2024_T1
2024,05,05358,municipality,053580032032,05358032,matched,Langerwehe,kreisangehörige Gemeinde,14892,60903957.76,4089.71,44275675.00,456635.00,16171647.76,STATISTIKPORTAL_INTEGRATED_2024_T1
2024,05,05358,municipality,053580036036,05358036,matched,Linnich,kreisangehörige Gemeinde,13566,45863577.99,3380.77,39003976.00,456635.00,6402966.99,STATISTIKPORTAL_INTEGRATED_2024_T1
2024,05,05358,municipality,053580040040,05358040,matched,Merzenich,kreisangehörige Gemeinde,10529,28242572.69,2682.36,20008641.00,770723.00,7463208.69,STATISTIKPORTAL_INTEGRATED_2024_T1
2024,05,05358,municipality,053580044044,05358044,matched,Nideggen,kreisangehörige Gemeinde,10855,40011068.44,3685.96,20685153.00,456635.00,18869280.44,STATISTIKPORTAL_INTEGRATED_2024_T1
2024,05,05358,municipality,053580048048,05358048,matched,Niederzier,kreisangehörige Gemeinde,15053,38788192.42,2576.77,13750669.00,770723.00,24266800.42,STATISTIKPORTAL_INTEGRATED_2024_T1
2024,05,05358,municipality,053580052052,05358052,matched,Nörvenich,kreisangehörige Gemeinde,12034,28289531.37,2350.80,15424504.00,456635.00,12408392.37,STATISTIKPORTAL_INTEGRATED_2024_T1
2024,05,05358,municipality,053580056056,05358056,matched,Titz,kreisangehörige Gemeinde,9051,54878329.40,6063.23,29933068.00,1007732.79,23937528.61,STATISTIKPORTAL_INTEGRATED_2024_T1
2024,05,05358,municipality,053580060060,05358060,matched,Vettweiß,kreisangehörige Gemeinde,9991,18133662.94,1815.00,7445768.00,456635.00,10231259.94,STATISTIKPORTAL_INTEGRATED_2024_T1
2024,05,05362,county_administration,05362,,not_applicable,"Rhein-Erft-Kreis, Kreisverwaltung",Kreisverwaltung,476893,85124386.31,178.50,6667817.00,29191755.42,49264813.89,STATISTIKPORTAL_INTEGRATED_2024_T1
2024,05,05362,municipality,053620004004,05362004,matched,Bedburg,kreisangehörige Gemeinde,25273,152499735.74,6034.10,136616921.00,1260471.71,14622343.03,STATISTIKPORTAL_INTEGRATED_2024_T1
2024,05,05362,municipality,053620008008,05362008,matched,Bergheim,kreisangehörige Gemeinde,61581,265305801.99,4308.24,211722748.00,1670581.84,51912472.15,STATISTIKPORTAL_INTEGRATED_2024_T1
2024,05,05362,municipality,053620012012,05362012,matched,Brühl,kreisangehörige Gemeinde,45514,349414492.38,7677.08,254040043.00,1952579.78,93421869.60,STATISTIKPORTAL_INTEGRATED_2024_T1
2024,05,05362,municipality,053620016016,05362016,matched,Elsdorf,kreisangehörige Gemeinde,21422,113264961.98,5287.32,101150200.00,957346.84,11157415.14,STATISTIKPORTAL_INTEGRATED_2024_T1
2024,05,05362,municipality,053620020020,05362020,matched,Erftstadt,kreisangehörige Gemeinde,48484,233511225.19,4816.25,84111654.00,85403.06,149314168.13,STATISTIKPORTAL_INTEGRATED_2024_T1
2024,05,05362,municipality,053620024024,05362024,matched,Frechen,kreisangehörige Gemeinde,52192,79590339.37,1524.95,37564465.00,2986942.06,39038932.31,STATISTIKPORTAL_INTEGRATED_2024_T1
2024,05,05362,municipality,053620028028,05362028,matched,Hürth,kreisangehörige Gemeinde,61717,387188681.11,6273.61,116568574.00,2321935.78,268298171.33,STATISTIKPORTAL_INTEGRATED_2024_T1
2024,05,05362,municipality,053620032032,05362032,matched,Kerpen,kreisangehörige Gemeinde,66496,98207262.47,1476.89,67672954.00,1351395.19,29182913.28,STATISTIKPORTAL_INTEGRATED_2024_T1
2024,05,05362,municipality,053620036036,05362036,matched,Pulheim,kreisangehörige Gemeinde,56132,69507121.07,1238.28,58505760.00,85403.06,10915958.01,STATISTIKPORTAL_INTEGRATED_2024_T1
2024,05,05362,municipality,053620040040,05362040,matched,Wesseling,kreisangehörige Gemeinde,38082,85160901.20,2236.25,32064793.00,1952579.78,51143528.42,STATISTIKPORTAL_INTEGRATED_2024_T1
2024,05,05366,county_administration,05366,,not_applicable,"Euskirchen, Kreisverwaltung",Kreisverwaltung,202587,82865693.58,409.04,9575488.00,35365716.88,37924488.70,STATISTIKPORTAL_INTEGRATED_2024_T1
2024,05,05366,municipality,053660004004,05366004,matched,Bad Münstereifel,kreisangehörige Gemeinde,18372,54649882.66,2974.63,41084511.00,85403.06,13479968.60,STATISTIKPORTAL_INTEGRATED_2024_T1
2024,05,05366,municipality,053660008008,05366008,matched,Blankenheim,kreisangehörige Gemeinde,8436,25743918.00,3051.67,13345845.00,4206651.00,8191422.00,STATISTIKPORTAL_INTEGRATED_2024_T1
2024,05,05366,municipality,053660012012,05366012,matched,Dahlem,kreisangehörige Gemeinde,4427,10011318.69,2261.42,3132842.00,85403.06,6793073.63,STATISTIKPORTAL_INTEGRATED_2024_T1
2024,05,05366,municipality,053660016016,05366016,matched,Euskirchen,kreisangehörige Gemeinde,59875,183156835.72,3058.99,43000726.00,99183652.22,40972457.50,STATISTIKPORTAL_INTEGRATED_2024_T1
2024,05,05366,municipality,053660020020,05366020,matched,Hellenthal,kreisangehörige Gemeinde,7818,11870276.99,1518.33,4623799.00,85403.06,7161074.93,STATISTIKPORTAL_INTEGRATED_2024_T1
2024,05,05366,municipality,053660024024,05366024,matched,Kall,kreisangehörige Gemeinde,11238,25064978.30,2230.38,16610261.00,85403.06,8369314.24,STATISTIKPORTAL_INTEGRATED_2024_T1
2024,05,05366,municipality,053660028028,05366028,matched,Mechernich,kreisangehörige Gemeinde,29317,170424487.80,5813.16,89964408.00,0.00,80460079.80,STATISTIKPORTAL_INTEGRATED_2024_T1
2024,05,05366,municipality,053660032032,05366032,matched,Nettersheim,kreisangehörige Gemeinde,8876,37103729.17,4180.23,12867910.00,4292054.06,19943765.11,STATISTIKPORTAL_INTEGRATED_2024_T1
2024,05,05366,municipality,053660036036,05366036,matched,Schleiden,kreisangehörige Gemeinde,13570,32747955.03,2413.26,22834877.00,208867.27,9704210.76,STATISTIKPORTAL_INTEGRATED_2024_T1
2024,05,05366,municipality,053660040040,05366040,matched,Weilerswist,kreisangehörige Gemeinde,18921,19370307.07,1023.75,13052390.00,4626063.26,1691853.81,STATISTIKPORTAL_INTEGRATED_2024_T1
2024,05,05366,municipality,053660044044,05366044,matched,Zülpich,kreisangehörige Gemeinde,21737,26690234.36,1227.87,16631842.00,85403.06,9972989.30,STATISTIKPORTAL_INTEGRATED_2024_T1
2024,05,05370,county_administration,05370,,not_applicable,"Heinsberg, Kreisverwaltung",Kreisverwaltung,262665,86321409.92,328.64,5765172.00,43142757.72,37413480.20,STATISTIKPORTAL_INTEGRATED_2024_T1
2024,05,05370,municipality,053700004004,05370004,matched,Erkelenz,kreisangehörige Gemeinde,45080,13729641.63,304.56,4373506.00,348187.34,9007948.29,STATISTIKPORTAL_INTEGRATED_2024_T1
2024,05,05370,municipality,053700008008,05370008,matched,Gangelt,kreisangehörige Gemeinde,13291,5674007.00,426.91,561382.00,272002.86,4840622.14,STATISTIKPORTAL_INTEGRATED_2024_T1
2024,05,05370,municipality,053700012012,05370012,matched,Geilenkirchen,kreisangehörige Gemeinde,28531,45497141.81,1594.66,31218869.00,645659.14,13632613.67,STATISTIKPORTAL_INTEGRATED_2024_T1
2024,05,05370,municipality,053700016016,05370016,matched,Heinsberg,kreisangehörige Gemeinde,43068,43305999.33,1005.53,17478549.00,355650.53,25471799.80,STATISTIKPORTAL_INTEGRATED_2024_T1
2024,05,05370,municipality,053700020020,05370020,matched,Hückelhoven,kreisangehörige Gemeinde,41264,87617293.80,2123.33,72821172.00,583609.95,14212511.85,STATISTIKPORTAL_INTEGRATED_2024_T1
2024,05,05370,municipality,053700024024,05370024,matched,Selfkant,kreisangehörige Gemeinde,10714,7284474.81,679.90,4690285.00,231295.84,2362893.97,STATISTIKPORTAL_INTEGRATED_2024_T1
2024,05,05370,municipality,053700028028,05370028,matched,Übach-Palenberg,kreisangehörige Gemeinde,24217,63915556.01,2639.28,40922283.00,596810.70,22396462.31,STATISTIKPORTAL_INTEGRATED_2024_T1
2024,05,05370,municipality,053700032032,05370032,matched,Waldfeucht,kreisangehörige Gemeinde,9201,30666618.95,3332.97,25129908.00,223842.34,5312868.61,STATISTIKPORTAL_INTEGRATED_2024_T1
2024,05,05370,municipality,053700036036,05370036,matched,Wassenberg,kreisangehörige Gemeinde,19637,20576827.20,1047.86,11539794.00,354104.86,8682928.34,STATISTIKPORTAL_INTEGRATED_2024_T1
2024,05,05370,municipality,053700040040,05370040,matched,Wegberg,kreisangehörige Gemeinde,27662,40898910.15,1478.52,40173589.00,115177.29,610143.86,STATISTIKPORTAL_INTEGRATED_2024_T1
2024,05,05374,county_administration,05374,,not_applicable,"Oberbergischer Kreis, Kreisverwaltung",Kreisverwaltung,274100,122815908.34,448.07,56546048.00,28047761.20,38222099.14,STATISTIKPORTAL_INTEGRATED_2024_T1
2024,05,05374,municipality,053740004004,05374004,matched,Bergneustadt,kreisangehörige Gemeinde,18575,58689414.37,3159.59,49376479.00,721323.87,8591611.50,STATISTIKPORTAL_INTEGRATED_2024_T1
2024,05,05374,municipality,053740008008,05374008,matched,Engelskirchen,kreisangehörige Gemeinde,19704,75233186.51,3818.17,48747612.00,1003688.44,25481886.07,STATISTIKPORTAL_INTEGRATED_2024_T1
2024,05,05374,municipality,053740012012,05374012,matched,Gummersbach,kreisangehörige Gemeinde,51382,182177915.34,3545.56,112661408.00,4623808.25,64892699.09,STATISTIKPORTAL_INTEGRATED_2024_T1
2024,05,05374,municipality,053740016016,05374016,matched,Hückeswagen,kreisangehörige Gemeinde,14437,78237095.47,5419.21,60893649.00,1094566.22,16248880.25,STATISTIKPORTAL_INTEGRATED_2024_T1
2024,05,05374,municipality,053740020020,05374020,matched,Lindlar,kreisangehörige Gemeinde,21582,118069798.31,5470.75,78657150.00,1124691.68,38287956.63,STATISTIKPORTAL_INTEGRATED_2024_T1
2024,05,05374,municipality,053740024024,05374024,matched,Marienheide,kreisangehörige Gemeinde,13409,55313663.41,4125.11,54972597.00,305981.78,35084.63,STATISTIKPORTAL_INTEGRATED_2024_T1
2024,05,05374,municipality,053740028028,05374028,matched,Morsbach,kreisangehörige Gemeinde,10567,30674694.23,2902.88,20136113.00,296826.35,10241754.88,STATISTIKPORTAL_INTEGRATED_2024_T1
2024,05,05374,municipality,053740032032,05374032,matched,Nümbrecht,kreisangehörige Gemeinde,17675,134635738.25,7617.30,109187584.00,277275.47,25170878.78,STATISTIKPORTAL_INTEGRATED_2024_T1
2024,05,05374,municipality,053740036036,05374036,matched,Radevormwald,kreisangehörige Gemeinde,21508,109296201.14,5081.65,96276314.00,5935630.83,7084256.31,STATISTIKPORTAL_INTEGRATED_2024_T1
2024,05,05374,municipality,053740040040,05374040,matched,Reichshof,kreisangehörige Gemeinde,18733,60306699.46,3219.28,16713193.00,438893.44,43154613.02,STATISTIKPORTAL_INTEGRATED_2024_T1
2024,05,05374,municipality,053740044044,05374044,matched,Waldbröl,kreisangehörige Gemeinde,19724,96693101.71,4902.31,59182689.00,2980511.33,34529901.38,STATISTIKPORTAL_INTEGRATED_2024_T1
2024,05,05374,municipality,053740048048,05374048,matched,Wiehl,kreisangehörige Gemeinde,25204,79718955.58,3162.95,34756511.00,739294.09,44223150.49,STATISTIKPORTAL_INTEGRATED_2024_T1
2024,05,05374,municipality,053740052052,05374052,matched,Wipperfürth,kreisangehörige Gemeinde,21600,90137998.11,4173.06,83938620.00,346993.69,5852384.42,STATISTIKPORTAL_INTEGRATED_2024_T1
2024,05,05378,county_administration,05378,,not_applicable,"Rheinisch-Bergischer Kreis, Kreisverwaltung",Kreisverwaltung,284129,95798658.61,337.17,3550430.00,34978248.47,57269980.14,STATISTIKPORTAL_INTEGRATED_2024_T1
2024,05,05378,municipality,053780004004,05378004,matched,Bergisch Gladbach,kreisangehörige Gemeinde,111225,488961004.78,4396.14,354016140.00,27720977.06,107223887.72,STATISTIKPORTAL_INTEGRATED_2024_T1
2024,05,05378,municipality,053780008008,05378008,matched,Burscheid,kreisangehörige Gemeinde,19277,59365085.33,3079.58,31590148.00,193448.48,27581488.85,STATISTIKPORTAL_INTEGRATED_2024_T1
2024,05,05378,municipality,053780012012,05378012,matched,Kürten,kreisangehörige Gemeinde,19971,19133828.14,958.08,1949705.00,53462.48,17130660.66,STATISTIKPORTAL_INTEGRATED_2024_T1
2024,05,05378,municipality,053780016016,05378016,matched,Leichlingen,kreisangehörige Gemeinde,28054,78764513.00,2807.60,59963278.00,15802599.96,2998635.04,STATISTIKPORTAL_INTEGRATED_2024_T1
2024,05,05378,municipality,053780020020,05378020,matched,Odenthal,kreisangehörige Gemeinde,15825,37509392.05,2370.26,31461926.00,53462.48,5994003.57,STATISTIKPORTAL_INTEGRATED_2024_T1
2024,05,05378,municipality,053780024024,05378024,matched,Overath,kreisangehörige Gemeinde,26694,151155866.51,5662.54,109221090.00,106924.96,41827851.55,STATISTIKPORTAL_INTEGRATED_2024_T1
2024,05,05378,municipality,053780028028,05378028,matched,Rösrath,kreisangehörige Gemeinde,28677,124173908.61,4330.09,69292330.00,106924.96,54774653.65,STATISTIKPORTAL_INTEGRATED_2024_T1
2024,05,05378,municipality,053780032032,05378032,matched,Wermelskirchen,kreisangehörige Gemeinde,34406,87713647.39,2549.37,70624732.00,106924.96,16981990.43,STATISTIKPORTAL_INTEGRATED_2024_T1
2024,05,05382,county_administration,05382,,not_applicable,"Rhein-Sieg-Kreis, Kreisverwaltung",Kreisverwaltung,605164,319241588.05,527.53,127020147.00,40104128.61,152117312.44,STATISTIKPORTAL_INTEGRATED_2024_T1
2024,05,05382,municipality,053820004004,05382004,matched,Alfter,kreisangehörige Gemeinde,23780,69287568.86,2913.69,44002265.00,36960.81,25248343.05,STATISTIKPORTAL_INTEGRATED_2024_T1
2024,05,05382,municipality,053820008008,05382008,matched,Bad Honnef,kreisangehörige Gemeinde,25033,119021219.27,4754.57,69757477.00,32429.34,49231312.93,STATISTIKPORTAL_INTEGRATED_2024_T1
2024,05,05382,municipality,053820012012,05382012,matched,Bornheim,kreisangehörige Gemeinde,48196,336528262.51,6982.49,282227969.00,972652.77,53327640.74,STATISTIKPORTAL_INTEGRATED_2024_T1
2024,05,05382,municipality,053820016016,05382016,matched,Eitorf,kreisangehörige Gemeinde,19049,63850825.15,3351.93,26699026.00,36220.98,37115578.17,STATISTIKPORTAL_INTEGRATED_2024_T1
2024,05,05382,municipality,053820020020,05382020,matched,Hennef,kreisangehörige Gemeinde,48269,299774219.53,6210.49,172097794.00,34833.79,127641591.74,STATISTIKPORTAL_INTEGRATED_2024_T1
2024,05,05382,municipality,053820024024,05382024,matched,Königswinter,kreisangehörige Gemeinde,40592,91610254.77,2256.85,54770794.00,73181.79,36766278.98,STATISTIKPORTAL_INTEGRATED_2024_T1
2024,05,05382,municipality,053820028028,05382028,matched,Lohmar,kreisangehörige Gemeinde,31052,152798218.42,4920.72,137340959.00,108662.93,15348596.49,STATISTIKPORTAL_INTEGRATED_2024_T1
2024,05,05382,municipality,053820032032,05382032,matched,Meckenheim,kreisangehörige Gemeinde,24845,83399718.84,3356.80,66178221.00,79885.05,17141612.79,STATISTIKPORTAL_INTEGRATED_2024_T1
2024,05,05382,municipality,053820036036,05382036,matched,Much,kreisangehörige Gemeinde,14586,82438824.99,5651.91,64256681.00,43311.04,18138832.95,STATISTIKPORTAL_INTEGRATED_2024_T1
2024,05,05382,municipality,053820040040,05382040,matched,Neunkirchen-Seelscheid,kreisangehörige Gemeinde,20217,82570856.35,4084.23,82482660.00,65536.85,22659.50,STATISTIKPORTAL_INTEGRATED_2024_T1
2024,05,05382,municipality,053820044044,05382044,matched,Niederkassel,kreisangehörige Gemeinde,38569,153056073.42,3968.37,102773046.00,720048.68,49562978.74,STATISTIKPORTAL_INTEGRATED_2024_T1
2024,05,05382,municipality,053820048048,05382048,matched,Rheinbach,kreisangehörige Gemeinde,26904,83420963.08,3100.69,80463800.00,91984.50,2865178.58,STATISTIKPORTAL_INTEGRATED_2024_T1
2024,05,05382,municipality,053820052052,05382052,matched,Ruppichteroth,kreisangehörige Gemeinde,10922,53300381.19,4880.09,49140778.00,28051.99,4131551.20,STATISTIKPORTAL_INTEGRATED_2024_T1
2024,05,05382,municipality,053820056056,05382056,matched,Sankt Augustin,kreisangehörige Gemeinde,56381,188655509.82,3346.08,162811272.00,1447900.16,24396337.66,STATISTIKPORTAL_INTEGRATED_2024_T1
2024,05,05382,municipality,053820060060,05382060,matched,Siegburg,kreisangehörige Gemeinde,42275,570901382.56,13504.47,404414147.00,22924953.35,143562282.21,STATISTIKPORTAL_INTEGRATED_2024_T1
2024,05,05382,municipality,053820064064,05382064,matched,Swisttal,kreisangehörige Gemeinde,18550,14329375.77,772.47,7420948.00,842558.62,6065869.15,STATISTIKPORTAL_INTEGRATED_2024_T1
2024,05,05382,municipality,053820068068,05382068,matched,Troisdorf,kreisangehörige Gemeinde,75778,302780034.99,3995.62,101436623.00,15224669.17,186118742.82,STATISTIKPORTAL_INTEGRATED_2024_T1
2024,05,05382,municipality,053820072072,05382072,matched,Wachtberg,kreisangehörige Gemeinde,20544,114629788.94,5579.72,68948632.00,32028.59,45649128.35,STATISTIKPORTAL_INTEGRATED_2024_T1
2024,05,05382,municipality,053820076076,05382076,matched,Windeck,kreisangehörige Gemeinde,19622,110190285.89,5615.65,59822787.00,31288.76,50336210.13,STATISTIKPORTAL_INTEGRATED_2024_T1
2024,05,05512,municipality,055120000000,05512000,matched,Bottrop,kreisfreie Stadt,118573,480226877.43,4050.05,394949692.00,49908632.62,35368552.81,STATISTIKPORTAL_INTEGRATED_2024_T1
2024,05,05513,municipality,055130000000,05513000,matched,Gelsenkirchen,kreisfreie Stadt,267208,1741611081.13,6517.81,1248136297.00,111157612.37,382317171.76,STATISTIKPORTAL_INTEGRATED_2024_T1
2024,05,05515,municipality,055150000000,05515000,matched,Münster,kreisfreie Stadt,306817,2049480924.93,6679.82,1312198884.00,9607488.27,727674552.66,STATISTIKPORTAL_INTEGRATED_2024_T1
2024,05,05554,county_administration,05554,,not_applicable,"Borken, Kreisverwaltung",Kreisverwaltung,380467,45226185.75,118.87,25482356.00,11600838.33,8142991.42,STATISTIKPORTAL_INTEGRATED_2024_T1
2024,05,05554,municipality,055540004004,05554004,matched,Ahaus,kreisangehörige Gemeinde,40152,46685094.26,1162.71,33483330.00,2995937.00,10205827.26,STATISTIKPORTAL_INTEGRATED_2024_T1
2024,05,05554,municipality,055540008008,05554008,matched,Bocholt,kreisangehörige Gemeinde,73040,194649040.38,2664.96,96222922.00,58927252.00,39498866.38,STATISTIKPORTAL_INTEGRATED_2024_T1
2024,05,05554,municipality,055540012012,05554012,matched,Borken,kreisangehörige Gemeinde,42988,47542692.31,1105.95,10036005.00,0.00,37506687.31,STATISTIKPORTAL_INTEGRATED_2024_T1
2024,05,05554,municipality,055540016016,05554016,matched,Gescher,kreisangehörige Gemeinde,17514,21294024.84,1215.83,13342176.00,0.00,7951848.84,STATISTIKPORTAL_INTEGRATED_2024_T1
2024,05,05554,municipality,055540020020,05554020,matched,Gronau,kreisangehörige Gemeinde,50354,279503152.64,5550.76,204041099.00,700743.00,74761310.64,STATISTIKPORTAL_INTEGRATED_2024_T1
2024,05,05554,municipality,055540024024,05554024,matched,Heek,kreisangehörige Gemeinde,8792,7546626.00,858.35,6833420.00,0.00,713206.00,STATISTIKPORTAL_INTEGRATED_2024_T1
2024,05,05554,municipality,055540028028,05554028,matched,Heiden,kreisangehörige Gemeinde,8654,5644845.69,652.28,5443176.00,0.00,201669.69,STATISTIKPORTAL_INTEGRATED_2024_T1
2024,05,05554,municipality,055540032032,05554032,matched,Isselburg,kreisangehörige Gemeinde,11273,8271815.84,733.77,7135664.00,0.00,1136151.84,STATISTIKPORTAL_INTEGRATED_2024_T1
2024,05,05554,municipality,055540036036,05554036,matched,Legden,kreisangehörige Gemeinde,7520,8363564.00,1112.18,1572205.00,970440.00,5820919.00,STATISTIKPORTAL_INTEGRATED_2024_T1
2024,05,05554,municipality,055540040040,05554040,matched,Raesfeld,kreisangehörige Gemeinde,11721,646406.59,55.15,343902.00,0.00,302504.59,STATISTIKPORTAL_INTEGRATED_2024_T1
2024,05,05554,municipality,055540044044,05554044,matched,Reken,kreisangehörige Gemeinde,15142,876842.32,57.91,466522.00,0.00,410320.32,STATISTIKPORTAL_INTEGRATED_2024_T1
2024,05,05554,municipality,055540048048,05554048,matched,Rhede,kreisangehörige Gemeinde,19645,82473268.00,4198.18,31860518.00,0.00,50612750.00,STATISTIKPORTAL_INTEGRATED_2024_T1
2024,05,05554,municipality,055540052052,05554052,matched,Schöppingen,kreisangehörige Gemeinde,7035,3553418.00,505.11,906610.00,0.00,2646808.00,STATISTIKPORTAL_INTEGRATED_2024_T1
2024,05,05554,municipality,055540056056,05554056,matched,Stadtlohn,kreisangehörige Gemeinde,20934,46436446.21,2218.23,40190969.00,0.00,6245477.21,STATISTIKPORTAL_INTEGRATED_2024_T1
2024,05,05554,municipality,055540060060,05554060,matched,Südlohn,kreisangehörige Gemeinde,9827,13300013.81,1353.42,10886193.00,0.00,2413820.81,STATISTIKPORTAL_INTEGRATED_2024_T1
2024,05,05554,municipality,055540064064,05554064,matched,Velen,kreisangehörige Gemeinde,12741,946445.18,74.28,584991.00,0.00,361454.18,STATISTIKPORTAL_INTEGRATED_2024_T1
2024,05,05554,municipality,055540068068,05554068,matched,Vreden,kreisangehörige Gemeinde,23135,43260904.09,1869.93,36987390.00,0.00,6273514.09,STATISTIKPORTAL_INTEGRATED_2024_T1
2024,05,05558,county_administration,05558,,not_applicable,"Coesfeld, Kreisverwaltung",Kreisverwaltung,227128,41651138.99,183.38,28374326.00,13048451.03,228361.96,STATISTIKPORTAL_INTEGRATED_2024_T1
2024,05,05558,municipality,055580004004,05558004,matched,Ascheberg,kreisangehörige Gemeinde,15874,8252823.00,519.90,6749340.00,0.00,1503483.00,STATISTIKPORTAL_INTEGRATED_2024_T1
2024,05,05558,municipality,055580008008,05558008,matched,Billerbeck,kreisangehörige Gemeinde,11853,8001271.29,675.04,3107412.00,0.00,4893859.29,STATISTIKPORTAL_INTEGRATED_2024_T1
2024,05,05558,municipality,055580012012,05558012,matched,Coesfeld,kreisangehörige Gemeinde,38188,56119081.17,1469.55,11243368.00,4822285.00,40053428.17,STATISTIKPORTAL_INTEGRATED_2024_T1
2024,05,05558,municipality,055580016016,05558016,matched,Dülmen,kreisangehörige Gemeinde,47969,127866695.15,2665.61,75212216.00,9470606.00,43183873.15,STATISTIKPORTAL_INTEGRATED_2024_T1
2024,05,05558,municipality,055580020020,05558020,matched,Havixbeck,kreisangehörige Gemeinde,12266,12761758.00,1040.42,12761758.00,0.00,0.00,STATISTIKPORTAL_INTEGRATED_2024_T1
2024,05,05558,municipality,055580024024,05558024,matched,Lüdinghausen,kreisangehörige Gemeinde,24994,5145918.42,205.89,2429290.00,254634.42,2461994.00,STATISTIKPORTAL_INTEGRATED_2024_T1
2024,05,05558,municipality,055580028028,05558028,matched,Nordkirchen,kreisangehörige Gemeinde,10701,10434716.00,975.12,10434716.00,0.00,0.00,STATISTIKPORTAL_INTEGRATED_2024_T1
2024,05,05558,municipality,055580032032,05558032,matched,Nottuln,kreisangehörige Gemeinde,20258,41848628.00,2065.78,35227246.00,16673.00,6604709.00,STATISTIKPORTAL_INTEGRATED_2024_T1
2024,05,05558,municipality,055580036036,05558036,matched,Olfen,kreisangehörige Gemeinde,13099,7487623.81,571.62,812252.00,354166.50,6321205.31,STATISTIKPORTAL_INTEGRATED_2024_T1
2024,05,05558,municipality,055580040040,05558040,matched,Rosendahl,kreisangehörige Gemeinde,11222,8829204.00,786.78,7307151.00,1522053.00,0.00,STATISTIKPORTAL_INTEGRATED_2024_T1
2024,05,05558,municipality,055580044044,05558044,matched,Senden,kreisangehörige Gemeinde,20704,1695029.00,81.87,1695029.00,0.00,0.00,STATISTIKPORTAL_INTEGRATED_2024_T1
2024,05,05562,county_administration,05562,,not_applicable,"Recklinghausen, Kreisverwaltung",Kreisverwaltung,621642,129816103.12,208.83,74789953.00,54978842.56,47307.56,STATISTIKPORTAL_INTEGRATED_2024_T1
2024,05,05562,municipality,055620004004,05562004,matched,Castrop-Rauxel,kreisangehörige Gemeinde,73487,326738168.16,4446.20,202923839.00,8397.05,123805932.11,STATISTIKPORTAL_INTEGRATED_2024_T1
2024,05,05562,municipality,055620008008,05562008,matched,Datteln,kreisangehörige Gemeinde,35612,87439867.82,2455.35,83982618.00,3441482.00,15767.82,STATISTIKPORTAL_INTEGRATED_2024_T1
2024,05,05562,municipality,055620012012,05562012,matched,Dorsten,kreisangehörige Gemeinde,75441,183176470.91,2428.08,174142968.00,8397.05,9025105.86,STATISTIKPORTAL_INTEGRATED_2024_T1
2024,05,05562,municipality,055620014014,05562014,matched,Gladbeck,kreisangehörige Gemeinde,75661,381408476.86,5041.02,331529005.00,1513006.00,48366465.86,STATISTIKPORTAL_INTEGRATED_2024_T1
2024,05,05562,municipality,055620016016,05562016,matched,Haltern am See,kreisangehörige Gemeinde,38169,78042757.88,2044.66,58915527.00,299.59,19126931.29,STATISTIKPORTAL_INTEGRATED_2024_T1
2024,05,05562,municipality,055620020020,05562020,matched,Herten,kreisangehörige Gemeinde,60979,428049773.91,7019.63,343682697.00,47732715.05,36634361.86,STATISTIKPORTAL_INTEGRATED_2024_T1
2024,05,05562,municipality,055620024024,05562024,matched,Marl,kreisangehörige Gemeinde,86408,420512993.03,4866.60,238689223.00,8397.05,181815372.98,STATISTIKPORTAL_INTEGRATED_2024_T1
2024,05,05562,municipality,055620028028,05562028,matched,Oer-Erkenschwick,kreisangehörige Gemeinde,31424,163354576.23,5198.40,162716513.00,8397.05,629666.18,STATISTIKPORTAL_INTEGRATED_2024_T1
2024,05,05562,municipality,055620032032,05562032,matched,Recklinghausen,kreisangehörige Gemeinde,115247,521788415.90,4527.57,418057447.00,25193.34,103705775.56,STATISTIKPORTAL_INTEGRATED_2024_T1
2024,05,05562,municipality,055620036036,05562036,matched,Waltrop,kreisangehörige Gemeinde,29214,157339779.87,5385.77,119957537.00,8397.05,37373845.82,STATISTIKPORTAL_INTEGRATED_2024_T1
2024,05,05566,county_administration,05566,,not_applicable,"Steinfurt, Kreisverwaltung",Kreisverwaltung,451339,82116758.04,181.94,61690566.00,13475209.12,6950982.92,STATISTIKPORTAL_INTEGRATED_2024_T1
2024,05,05566,municipality,055660004004,05566004,matched,Altenberge,kreisangehörige Gemeinde,10332,27717674.00,2682.70,27717674.00,0.00,0.00,STATISTIKPORTAL_INTEGRATED_2024_T1
2024,05,05566,municipality,055660008008,05566008,matched,Emsdetten,kreisangehörige Gemeinde,36054,112131635.73,3110.10,74197437.00,6851.06,37927347.67,STATISTIKPORTAL_INTEGRATED_2024_T1
2024,05,05566,municipality,055660012012,05566012,matched,Greven,kreisangehörige Gemeinde,38151,108687002.26,2848.86,66737329.00,0.00,41949673.26,STATISTIKPORTAL_INTEGRATED_2024_T1
2024,05,05566,municipality,055660016016,05566016,matched,Hörstel,kreisangehörige Gemeinde,20182,36419249.08,1804.54,24883999.00,0.00,11535250.08,STATISTIKPORTAL_INTEGRATED_2024_T1
2024,05,05566,municipality,055660020020,05566020,matched,Hopsten,kreisangehörige Gemeinde,7719,9751767.73,1263.35,5342446.00,0.00,4409321.73,STATISTIKPORTAL_INTEGRATED_2024_T1
2024,05,05566,municipality,055660024024,05566024,matched,Horstmar,kreisangehörige Gemeinde,7545,15816367.00,2096.27,14101981.00,0.00,1714386.00,STATISTIKPORTAL_INTEGRATED_2024_T1
2024,05,05566,municipality,055660028028,05566028,matched,Ibbenbüren,kreisangehörige Gemeinde,51880,66644753.27,1284.59,24783623.00,3246000.00,38615130.27,STATISTIKPORTAL_INTEGRATED_2024_T1
2024,05,05566,municipality,055660032032,05566032,matched,Ladbergen,kreisangehörige Gemeinde,6954,12670964.08,1822.11,6661365.00,0.00,6009599.08,STATISTIKPORTAL_INTEGRATED_2024_T1
2024,05,05566,municipality,055660036036,05566036,matched,Laer,kreisangehörige Gemeinde,6962,18696062.00,2685.44,9562484.00,0.00,9133578.00,STATISTIKPORTAL_INTEGRATED_2024_T1
2024,05,05566,municipality,055660040040,05566040,matched,Lengerich,kreisangehörige Gemeinde,22495,72554549.76,3225.36,16433801.00,0.00,56120748.76,STATISTIKPORTAL_INTEGRATED_2024_T1
2024,05,05566,municipality,055660044044,05566044,matched,Lienen,kreisangehörige Gemeinde,8525,9573314.47,1122.97,3789459.00,0.00,5783855.47,STATISTIKPORTAL_INTEGRATED_2024_T1
2024,05,05566,municipality,055660048048,05566048,matched,Lotte,kreisangehörige Gemeinde,13798,24640945.42,1785.83,15051958.00,0.00,9588987.42,STATISTIKPORTAL_INTEGRATED_2024_T1
2024,05,05566,municipality,055660052052,05566052,matched,Metelen,kreisangehörige Gemeinde,6562,4084522.00,622.45,2032443.00,0.00,2052079.00,STATISTIKPORTAL_INTEGRATED_2024_T1
2024,05,05566,municipality,055660056056,05566056,matched,Mettingen,kreisangehörige Gemeinde,11634,27160320.43,2334.56,14490111.00,0.00,12670209.43,STATISTIKPORTAL_INTEGRATED_2024_T1
2024,05,05566,municipality,055660060060,05566060,matched,Neuenkirchen,kreisangehörige Gemeinde,13923,7512965.00,539.61,7512965.00,0.00,0.00,STATISTIKPORTAL_INTEGRATED_2024_T1
2024,05,05566,municipality,055660064064,05566064,matched,Nordwalde,kreisangehörige Gemeinde,10065,43337034.00,4305.72,27489535.00,0.00,15847499.00,STATISTIKPORTAL_INTEGRATED_2024_T1
2024,05,05566,municipality,055660068068,05566068,matched,Ochtrup,kreisangehörige Gemeinde,20304,108160378.00,5327.05,61281097.00,0.00,46879281.00,STATISTIKPORTAL_INTEGRATED_2024_T1
2024,05,05566,municipality,055660072072,05566072,matched,Recke,kreisangehörige Gemeinde,11389,46813299.22,4110.40,37507349.00,0.00,9305950.22,STATISTIKPORTAL_INTEGRATED_2024_T1
2024,05,05566,municipality,055660076076,05566076,matched,Rheine,kreisangehörige Gemeinde,76969,200351528.57,2603.02,120383902.00,110406.00,79857220.57,STATISTIKPORTAL_INTEGRATED_2024_T1
2024,05,05566,municipality,055660080080,05566080,matched,Saerbeck,kreisangehörige Gemeinde,6855,18021972.00,2629.03,16351322.00,0.00,1670650.00,STATISTIKPORTAL_INTEGRATED_2024_T1
2024,05,05566,municipality,055660084084,05566084,matched,Steinfurt,kreisangehörige Gemeinde,34685,41648328.08,1200.76,29406491.00,1185231.00,11056606.08,STATISTIKPORTAL_INTEGRATED_2024_T1
2024,05,05566,municipality,055660088088,05566088,matched,Tecklenburg,kreisangehörige Gemeinde,9106,25294774.47,2777.81,14469265.00,0.00,10825509.47,STATISTIKPORTAL_INTEGRATED_2024_T1
2024,05,05566,municipality,055660092092,05566092,matched,Westerkappeln,kreisangehörige Gemeinde,10925,34218481.14,3132.13,27697801.00,0.00,6520680.14,STATISTIKPORTAL_INTEGRATED_2024_T1
2024,05,05566,municipality,055660096096,05566096,matched,Wettringen,kreisangehörige Gemeinde,8325,6877833.00,826.17,6166753.00,0.00,711080.00,STATISTIKPORTAL_INTEGRATED_2024_T1
2024,05,05570,county_administration,05570,,not_applicable,"Warendorf, Kreisverwaltung",Kreisverwaltung,282227,24645669.20,87.33,9254828.00,12032015.34,3358825.86,STATISTIKPORTAL_INTEGRATED_2024_T1
2024,05,05570,municipality,055700004004,05570004,matched,Ahlen,kreisangehörige Gemeinde,52744,172394452.40,3268.51,111872810.00,1709322.61,58812319.79,STATISTIKPORTAL_INTEGRATED_2024_T1
2024,05,05570,municipality,055700008008,05570008,matched,Beckum,kreisangehörige Gemeinde,37079,78902024.26,2127.94,9101070.00,17127958.09,52672996.17,STATISTIKPORTAL_INTEGRATED_2024_T1
2024,05,05570,municipality,055700012012,05570012,matched,Beelen,kreisangehörige Gemeinde,5977,10863673.56,1817.58,1843003.00,0.00,9020670.56,STATISTIKPORTAL_INTEGRATED_2024_T1
2024,05,05570,municipality,055700016016,05570016,matched,Drensteinfurt,kreisangehörige Gemeinde,16153,16864519.24,1044.05,6781775.00,0.00,10082744.24,STATISTIKPORTAL_INTEGRATED_2024_T1
2024,05,05570,municipality,055700020020,05570020,matched,Ennigerloh,kreisangehörige Gemeinde,19721,72406445.47,3671.54,19953494.00,3313977.00,49138974.47,STATISTIKPORTAL_INTEGRATED_2024_T1
2024,05,05570,municipality,055700024024,05570024,matched,Everswinkel,kreisangehörige Gemeinde,9737,14270096.57,1465.55,3447371.00,25356.51,10797369.06,STATISTIKPORTAL_INTEGRATED_2024_T1
2024,05,05570,municipality,055700028028,05570028,matched,Oelde,kreisangehörige Gemeinde,30082,76956015.38,2558.21,58807172.00,0.00,18148843.38,STATISTIKPORTAL_INTEGRATED_2024_T1
2024,05,05570,municipality,055700032032,05570032,matched,Ostbevern,kreisangehörige Gemeinde,11399,19989602.26,1753.63,8571597.00,331535.00,11086470.26,STATISTIKPORTAL_INTEGRATED_2024_T1
2024,05,05570,municipality,055700036036,05570036,matched,Sassenberg,kreisangehörige Gemeinde,14597,2718212.81,186.22,1571564.00,0.00,1146648.81,STATISTIKPORTAL_INTEGRATED_2024_T1
2024,05,05570,municipality,055700040040,05570040,matched,Sendenhorst,kreisangehörige Gemeinde,14098,17667429.22,1253.19,9501212.00,37729.28,8128487.94,STATISTIKPORTAL_INTEGRATED_2024_T1
2024,05,05570,municipality,055700044044,05570044,matched,Telgte,kreisangehörige Gemeinde,20037,34388575.02,1716.25,17018165.00,2355824.60,15014585.42,STATISTIKPORTAL_INTEGRATED_2024_T1
2024,05,05570,municipality,055700048048,05570048,matched,Wadersloh,kreisangehörige Gemeinde,12890,33817449.58,2623.54,28580171.00,0.00,5237278.58,STATISTIKPORTAL_INTEGRATED_2024_T1
2024,05,05570,municipality,055700052052,05570052,matched,Warendorf,kreisangehörige Gemeinde,37713,115586355.26,3064.89,40772761.00,0.00,74813594.26,STATISTIKPORTAL_INTEGRATED_2024_T1
2024,05,05711,municipality,057110000000,05711000,matched,Bielefeld,kreisfreie Stadt,331213,1359289224.06,4103.97,251797566.00,449206158.45,658285499.61,STATISTIKPORTAL_INTEGRATED_2024_T1
2024,05,05754,county_administration,05754,,not_applicable,"Gütersloh, Kreisverwaltung",Kreisverwaltung,363428,116236981.75,319.83,77436304.00,7644308.81,31156368.94,STATISTIKPORTAL_INTEGRATED_2024_T1
2024,05,05754,municipality,057540004004,05754004,matched,Borgholzhausen,kreisangehörige Gemeinde,8865,10068505.43,1135.76,1289091.00,59624.71,8719789.72,STATISTIKPORTAL_INTEGRATED_2024_T1
2024,05,05754,municipality,057540008008,05754008,matched,Gütersloh,kreisangehörige Gemeinde,99837,189514251.32,1898.24,125889495.00,417350.88,63207405.44,STATISTIKPORTAL_INTEGRATED_2024_T1
2024,05,05754,municipality,057540012012,05754012,matched,Halle,kreisangehörige Gemeinde,21475,27655638.97,1287.81,9852008.00,119227.35,17684403.62,STATISTIKPORTAL_INTEGRATED_2024_T1
2024,05,05754,municipality,057540016016,05754016,matched,Harsewinkel,kreisangehörige Gemeinde,25479,21867228.38,858.25,9568077.00,119227.35,12179924.03,STATISTIKPORTAL_INTEGRATED_2024_T1
2024,05,05754,municipality,057540020020,05754020,matched,Herzebrock-Clarholz,kreisangehörige Gemeinde,16409,37822259.15,2304.97,15548016.00,119227.35,22155015.80,STATISTIKPORTAL_INTEGRATED_2024_T1
2024,05,05754,municipality,057540024024,05754024,matched,Langenberg,kreisangehörige Gemeinde,8291,20397547.34,2460.20,8487074.00,59624.71,11850848.63,STATISTIKPORTAL_INTEGRATED_2024_T1
2024,05,05754,municipality,057540028028,05754028,matched,Rheda-Wiedenbrück,kreisangehörige Gemeinde,48146,33114096.06,687.78,4837026.00,3212852.76,25064217.30,STATISTIKPORTAL_INTEGRATED_2024_T1
2024,05,05754,municipality,057540032032,05754032,matched,Rietberg,kreisangehörige Gemeinde,30004,94947142.46,3164.48,72156704.00,119227.35,22671211.11,STATISTIKPORTAL_INTEGRATED_2024_T1
2024,05,05754,municipality,057540036036,05754036,matched,Schloß Holte-Stukenbrock,kreisangehörige Gemeinde,26323,23085542.32,877.01,8357313.00,119227.35,14609001.97,STATISTIKPORTAL_INTEGRATED_2024_T1
2024,05,05754,municipality,057540040040,05754040,matched,Steinhagen,kreisangehörige Gemeinde,20207,34272844.44,1696.09,12771326.00,119227.35,21382291.09,STATISTIKPORTAL_INTEGRATED_2024_T1
2024,05,05754,municipality,057540044044,05754044,matched,Verl,kreisangehörige Gemeinde,25682,7361125.23,286.63,977492.00,119227.35,6264405.88,STATISTIKPORTAL_INTEGRATED_2024_T1
2024,05,05754,municipality,057540048048,05754048,matched,Versmold,kreisangehörige Gemeinde,21612,60834021.56,2814.83,15501134.00,119227.35,45213660.21,STATISTIKPORTAL_INTEGRATED_2024_T1
2024,05,05754,municipality,057540052052,05754052,matched,Werther,kreisangehörige Gemeinde,11098,33021547.43,2975.45,411410.00,59624.71,32550512.72,STATISTIKPORTAL_INTEGRATED_2024_T1
2024,05,05758,county_administration,05758,,not_applicable,"Herford, Kreisverwaltung",Kreisverwaltung,254621,230471069.65,905.15,71314858.00,7808948.58,151347263.07,STATISTIKPORTAL_INTEGRATED_2024_T1
2024,05,05758,municipality,057580004004,05758004,matched,Bünde,kreisangehörige Gemeinde,46512,109470382.82,2353.59,91017693.00,194962.90,18257726.92,STATISTIKPORTAL_INTEGRATED_2024_T1
2024,05,05758,municipality,057580008008,05758008,matched,Enger,kreisangehörige Gemeinde,20750,63696655.87,3069.72,46037297.00,188261.09,17471097.78,STATISTIKPORTAL_INTEGRATED_2024_T1
2024,05,05758,municipality,057580012012,05758012,matched,Herford,kreisangehörige Gemeinde,67387,576061863.99,8548.56,244102819.00,39981672.46,291977372.53,STATISTIKPORTAL_INTEGRATED_2024_T1
2024,05,05758,municipality,057580016016,05758016,matched,Hiddenhausen,kreisangehörige Gemeinde,19597,90778359.81,4632.26,31607224.00,103836.20,59067299.61,STATISTIKPORTAL_INTEGRATED_2024_T1
2024,05,05758,municipality,057580020020,05758020,matched,Kirchlengern,kreisangehörige Gemeinde,16471,49040992.92,2977.41,44139605.00,94949.84,4806438.08,STATISTIKPORTAL_INTEGRATED_2024_T1
2024,05,05758,municipality,057580024024,05758024,matched,Löhne,kreisangehörige Gemeinde,40801,118694850.72,2909.12,58828198.00,174882.11,59691770.61,STATISTIKPORTAL_INTEGRATED_2024_T1
2024,05,05758,municipality,057580028028,05758028,matched,Rödinghausen,kreisangehörige Gemeinde,10044,31906708.70,3176.69,22006338.00,93170.30,9807200.40,STATISTIKPORTAL_INTEGRATED_2024_T1
2024,05,05758,municipality,057580032032,05758032,matched,Spenge,kreisangehörige Gemeinde,14668,72837347.42,4965.73,30106054.00,1923372.82,40807920.60,STATISTIKPORTAL_INTEGRATED_2024_T1
2024,05,05758,municipality,057580036036,05758036,matched,Vlotho,kreisangehörige Gemeinde,18391,77668385.31,4223.17,44907725.00,93331.85,32667328.46,STATISTIKPORTAL_INTEGRATED_2024_T1
2024,05,05762,county_administration,05762,,not_applicable,"Höxter, Kreisverwaltung",Kreisverwaltung,139314,15639429.99,112.26,3976193.00,6845895.86,4817341.13,STATISTIKPORTAL_INTEGRATED_2024_T1
2024,05,05762,municipality,057620004004,05762004,matched,Bad Driburg,kreisangehörige Gemeinde,19053,68094287.24,3573.94,35900455.00,84855.78,32108976.46,STATISTIKPORTAL_INTEGRATED_2024_T1
2024,05,05762,municipality,057620008008,05762008,matched,Beverungen,kreisangehörige Gemeinde,12748,44070426.51,3457.05,10151998.00,9201815.78,24716612.73,STATISTIKPORTAL_INTEGRATED_2024_T1
2024,05,05762,municipality,057620012012,05762012,matched,Borgentreich,kreisangehörige Gemeinde,8625,21007309.10,2435.63,9881387.00,253323.10,10872599.00,STATISTIKPORTAL_INTEGRATED_2024_T1
2024,05,05762,municipality,057620016016,05762016,matched,Brakel,kreisangehörige Gemeinde,16144,39744198.25,2461.86,3652441.00,20247743.33,15844013.92,STATISTIKPORTAL_INTEGRATED_2024_T1
2024,05,05762,municipality,057620020020,05762020,matched,Höxter,kreisangehörige Gemeinde,28219,130945975.15,4640.35,89964876.00,10364461.55,30616637.60,STATISTIKPORTAL_INTEGRATED_2024_T1
2024,05,05762,municipality,057620024024,05762024,matched,Marienmünster,kreisangehörige Gemeinde,4803,4315800.15,898.56,2217961.00,1315761.00,782078.15,STATISTIKPORTAL_INTEGRATED_2024_T1
2024,05,05762,municipality,057620028028,05762028,matched,Nieheim,kreisangehörige Gemeinde,6088,8128985.81,1335.25,7475779.00,84855.78,568351.03,STATISTIKPORTAL_INTEGRATED_2024_T1
2024,05,05762,municipality,057620032032,05762032,matched,Steinheim,kreisangehörige Gemeinde,12140,20463248.61,1685.61,14063350.00,84776.03,6315122.58,STATISTIKPORTAL_INTEGRATED_2024_T1
2024,05,05762,municipality,057620036036,05762036,matched,Warburg,kreisangehörige Gemeinde,23257,49147020.42,2113.21,9783151.00,0.00,39363869.42,STATISTIKPORTAL_INTEGRATED_2024_T1
2024,05,05762,municipality,057620040040,05762040,matched,Willebadessen,kreisangehörige Gemeinde,8237,4339688.09,526.85,1984083.00,293122.09,2062483.00,STATISTIKPORTAL_INTEGRATED_2024_T1
2024,05,05766,county_administration,05766,,not_applicable,"Lippe, Kreisverwaltung",Kreisverwaltung,347090,375822697.45,1082.78,248925587.00,30727688.83,96169421.62,STATISTIKPORTAL_INTEGRATED_2024_T1
2024,05,05766,municipality,057660004004,05766004,matched,Augustdorf,kreisangehörige Gemeinde,9789,10441647.73,1066.67,5087641.00,2883746.28,2470260.45,STATISTIKPORTAL_INTEGRATED_2024_T1
2024,05,05766,municipality,057660008008,05766008,matched,Bad Salzuflen,kreisangehörige Gemeinde,53979,181932958.78,3370.44,67320270.00,5429849.58,109182839.20,STATISTIKPORTAL_INTEGRATED_2024_T1
2024,05,05766,municipality,057660012012,05766012,matched,Barntrup,kreisangehörige Gemeinde,8330,23306715.20,2797.92,21294766.00,84855.78,1927093.42,STATISTIKPORTAL_INTEGRATED_2024_T1
2024,05,05766,municipality,057660016016,05766016,matched,Blomberg,kreisangehörige Gemeinde,15558,62239006.16,4000.45,13037270.00,84855.78,49116880.38,STATISTIKPORTAL_INTEGRATED_2024_T1
2024,05,05766,municipality,057660020020,05766020,matched,Detmold,kreisangehörige Gemeinde,74142,274901386.46,3707.77,217907791.00,1208987.58,55784607.88,STATISTIKPORTAL_INTEGRATED_2024_T1
2024,05,05766,municipality,057660024024,05766024,matched,Dörentrup,kreisangehörige Gemeinde,7562,10729973.73,1418.93,7751353.00,2883746.28,94874.45,STATISTIKPORTAL_INTEGRATED_2024_T1
2024,05,05766,municipality,057660028028,05766028,matched,Extertal,kreisangehörige Gemeinde,11253,18391109.23,1634.33,18211379.00,84855.78,94874.45,STATISTIKPORTAL_INTEGRATED_2024_T1
2024,05,05766,municipality,057660032032,05766032,matched,Horn-Bad Meinberg,kreisangehörige Gemeinde,17347,31521845.64,1817.14,10410579.00,84855.78,21026410.86,STATISTIKPORTAL_INTEGRATED_2024_T1
2024,05,05766,municipality,057660036036,05766036,matched,Kalletal,kreisangehörige Gemeinde,13313,27063470.73,2032.86,21173149.00,2883746.28,3006575.45,STATISTIKPORTAL_INTEGRATED_2024_T1
2024,05,05766,municipality,057660040040,05766040,matched,Lage,kreisangehörige Gemeinde,34892,167366755.18,4796.71,104126487.00,169711.55,63070556.63,STATISTIKPORTAL_INTEGRATED_2024_T1
2024,05,05766,municipality,057660044044,05766044,matched,Lemgo,kreisangehörige Gemeinde,39812,168624050.58,4235.51,48922828.00,78377621.55,41323601.03,STATISTIKPORTAL_INTEGRATED_2024_T1
2024,05,05766,municipality,057660048048,05766048,matched,Leopoldshöhe,kreisangehörige Gemeinde,17292,61914841.73,3580.55,24849221.00,23092371.28,13973249.45,STATISTIKPORTAL_INTEGRATED_2024_T1
2024,05,05766,municipality,057660052052,05766052,matched,Lügde,kreisangehörige Gemeinde,9255,14391283.47,1554.97,12916987.00,84855.78,1389440.69,STATISTIKPORTAL_INTEGRATED_2024_T1
2024,05,05766,municipality,057660056056,05766056,matched,Oerlinghausen,kreisangehörige Gemeinde,17217,41421011.23,2405.82,18712006.00,84855.78,22624149.45,STATISTIKPORTAL_INTEGRATED_2024_T1
2024,05,05766,municipality,057660060060,05766060,matched,Schieder-Schwalenberg,kreisangehörige Gemeinde,8110,14017085.48,1728.37,13184317.00,84776.03,747992.45,STATISTIKPORTAL_INTEGRATED_2024_T1
2024,05,05766,municipality,057660064064,05766064,matched,Schlangen,kreisangehörige Gemeinde,9239,15255439.75,1651.20,13752822.00,399276.03,1103341.72,STATISTIKPORTAL_INTEGRATED_2024_T1
2024,05,05770,county_administration,05770,,not_applicable,"Minden-Lübbecke, Kreisverwaltung",Kreisverwaltung,320737,218903518.88,682.50,55284607.00,10634539.59,152984372.29,STATISTIKPORTAL_INTEGRATED_2024_T1
2024,05,05770,municipality,057700004004,05770004,matched,Bad Oeynhausen,kreisangehörige Gemeinde,50555,126142963.52,2495.16,84302744.00,169711.55,41670507.97,STATISTIKPORTAL_INTEGRATED_2024_T1
2024,05,05770,municipality,057700008008,05770008,matched,Espelkamp,kreisangehörige Gemeinde,25681,29785982.00,1159.85,3158455.00,169711.55,26457815.45,STATISTIKPORTAL_INTEGRATED_2024_T1
2024,05,05770,municipality,057700012012,05770012,matched,Hille,kreisangehörige Gemeinde,16294,44206562.14,2713.06,23274223.00,961841.78,19970497.36,STATISTIKPORTAL_INTEGRATED_2024_T1
2024,05,05770,municipality,057700016016,05770016,matched,Hüllhorst,kreisangehörige Gemeinde,13298,13751710.78,1034.12,11227015.00,84855.78,2439840.00,STATISTIKPORTAL_INTEGRATED_2024_T1
2024,05,05770,municipality,057700020020,05770020,matched,Lübbecke,kreisangehörige Gemeinde,26851,35585089.55,1325.28,8299093.00,3263587.55,24022409.00,STATISTIKPORTAL_INTEGRATED_2024_T1
2024,05,05770,municipality,057700024024,05770024,matched,Minden,kreisangehörige Gemeinde,83968,205549585.66,2447.95,104438506.00,254487.58,100856592.08,STATISTIKPORTAL_INTEGRATED_2024_T1
2024,05,05770,municipality,057700028028,05770028,matched,Petershagen,kreisangehörige Gemeinde,25389,14965518.41,589.45,6346101.00,169711.55,8449705.86,STATISTIKPORTAL_INTEGRATED_2024_T1
2024,05,05770,municipality,057700032032,05770032,matched,Porta Westfalica,kreisangehörige Gemeinde,36526,40461208.19,1107.74,30269312.00,10471.98,10181424.21,STATISTIKPORTAL_INTEGRATED_2024_T1
2024,05,05770,municipality,057700036036,05770036,matched,Preußisch Oldendorf,kreisangehörige Gemeinde,12453,51788673.36,4158.73,31325446.00,147664.36,20315563.00,STATISTIKPORTAL_INTEGRATED_2024_T1
2024,05,05770,municipality,057700040040,05770040,matched,Rahden,kreisangehörige Gemeinde,16183,18800359.78,1161.74,10189436.00,5265986.78,3344937.00,STATISTIKPORTAL_INTEGRATED_2024_T1
2024,05,05770,municipality,057700044044,05770044,matched,Stemwede,kreisangehörige Gemeinde,13539,11088851.03,819.03,1135433.00,84776.03,9868642.00,STATISTIKPORTAL_INTEGRATED_2024_T1
2024,05,05774,county_administration,05774,,not_applicable,"Paderborn, Kreisverwaltung",Kreisverwaltung,315621,39067629.39,123.78,5997523.00,16986527.68,16083578.71,STATISTIKPORTAL_INTEGRATED_2024_T1
2024,05,05774,municipality,057740004004,05774004,matched,Altenbeken,kreisangehörige Gemeinde,9097,31056038.06,3413.88,29250086.00,84855.78,1721096.28,STATISTIKPORTAL_INTEGRATED_2024_T1
2024,05,05774,municipality,057740008008,05774008,matched,Bad Lippspringe,kreisangehörige Gemeinde,17309,82170255.98,4747.26,30156659.00,4591632.78,47421964.20,STATISTIKPORTAL_INTEGRATED_2024_T1
2024,05,05774,municipality,057740012012,05774012,matched,Borchen,kreisangehörige Gemeinde,13741,20720685.21,1507.95,18604577.00,84855.78,2031252.43,STATISTIKPORTAL_INTEGRATED_2024_T1
2024,05,05774,municipality,057740016016,05774016,matched,Büren,kreisangehörige Gemeinde,21296,7452950.47,349.97,5685128.00,169711.55,1598110.92,STATISTIKPORTAL_INTEGRATED_2024_T1
2024,05,05774,municipality,057740020020,05774020,matched,Delbrück,kreisangehörige Gemeinde,32074,24709973.00,770.41,19510001.00,169711.55,5030260.45,STATISTIKPORTAL_INTEGRATED_2024_T1
2024,05,05774,municipality,057740024024,05774024,matched,Hövelhof,kreisangehörige Gemeinde,16749,9806897.65,585.52,2990692.00,84855.78,6731349.87,STATISTIKPORTAL_INTEGRATED_2024_T1
2024,05,05774,municipality,057740028028,05774028,matched,Lichtenau,kreisangehörige Gemeinde,10905,54189799.29,4969.26,32534272.00,84855.78,21570671.51,STATISTIKPORTAL_INTEGRATED_2024_T1
2024,05,05774,municipality,057740032032,05774032,matched,Paderborn,kreisangehörige Gemeinde,156682,416847189.17,2660.47,250116302.00,44704348.28,122026538.89,STATISTIKPORTAL_INTEGRATED_2024_T1
2024,05,05774,municipality,057740036036,05774036,matched,Salzkotten,kreisangehörige Gemeinde,25320,5128097.52,202.53,954276.00,169711.55,4004109.97,STATISTIKPORTAL_INTEGRATED_2024_T1
2024,05,05774,municipality,057740040040,05774040,matched,Bad Wünnenberg,kreisangehörige Gemeinde,12448,17683603.04,1420.60,5047705.00,3980657.34,8655240.70,STATISTIKPORTAL_INTEGRATED_2024_T1
2024,05,05911,municipality,059110000000,05911000,matched,Bochum,kreisfreie Stadt,357466,3144266189.12,8795.99,1987868899.00,164073867.62,992323422.50,STATISTIKPORTAL_INTEGRATED_2024_T1
2024,05,05913,municipality,059130000000,05913000,matched,Dortmund,kreisfreie Stadt,602605,4628612557.95,7681.01,2362611132.00,690232790.52,1575768635.43,STATISTIKPORTAL_INTEGRATED_2024_T1
2024,05,05914,municipality,059140000000,05914000,matched,Hagen,kreisfreie Stadt,190309,1335106139.38,7015.47,926018038.00,59008518.95,350079582.43,STATISTIKPORTAL_INTEGRATED_2024_T1
2024,05,05915,municipality,059150000000,05915000,matched,Hamm,kreisfreie Stadt,179798,595892056.01,3314.23,407391233.00,10704021.46,177796801.55,STATISTIKPORTAL_INTEGRATED_2024_T1
2024,05,05916,municipality,059160000000,05916000,matched,Herne,kreisfreie Stadt,156510,1330295709.43,8499.75,715800846.00,103868049.80,510626813.63,STATISTIKPORTAL_INTEGRATED_2024_T1
2024,05,05954,county_administration,05954,,not_applicable,"Ennepe-Ruhr-Kreis, Kreisverwaltung",Kreisverwaltung,314533,127894303.49,406.62,49655351.00,41883294.70,36355657.79,STATISTIKPORTAL_INTEGRATED_2024_T1
2024,05,05954,municipality,059540004004,05954004,matched,Breckerfeld,kreisangehörige Gemeinde,8865,467606.39,52.75,295684.00,9237.91,162684.48,STATISTIKPORTAL_INTEGRATED_2024_T1
2024,05,05954,municipality,059540008008,05954008,matched,Ennepetal,kreisangehörige Gemeinde,29457,96360747.92,3271.23,91987741.00,223108.38,4149898.54,STATISTIKPORTAL_INTEGRATED_2024_T1
2024,05,05954,municipality,059540012012,05954012,matched,Gevelsberg,kreisangehörige Gemeinde,30161,132516386.87,4393.63,99813528.00,32336604.00,366254.87,STATISTIKPORTAL_INTEGRATED_2024_T1
2024,05,05954,municipality,059540016016,05954016,matched,Hattingen,kreisangehörige Gemeinde,52939,77826458.80,1470.12,68486203.00,0.00,9340255.80,STATISTIKPORTAL_INTEGRATED_2024_T1
2024,05,05954,municipality,059540020020,05954020,matched,Herdecke,kreisangehörige Gemeinde,22831,71191758.35,3118.21,43577709.00,0.00,27614049.35,STATISTIKPORTAL_INTEGRATED_2024_T1
2024,05,05954,municipality,059540024024,05954024,matched,Schwelm,kreisangehörige Gemeinde,28021,141976155.07,5066.78,96320380.00,0.00,45655775.07,STATISTIKPORTAL_INTEGRATED_2024_T1
2024,05,05954,municipality,059540028028,05954028,matched,Sprockhövel,kreisangehörige Gemeinde,24348,88432590.35,3632.03,38921983.00,47246177.00,2264430.35,STATISTIKPORTAL_INTEGRATED_2024_T1
2024,05,05954,municipality,059540032032,05954032,matched,Wetter,kreisangehörige Gemeinde,26132,82808460.35,3168.85,69046559.00,0.00,13761901.35,STATISTIKPORTAL_INTEGRATED_2024_T1
2024,05,05954,municipality,059540036036,05954036,matched,Witten,kreisangehörige Gemeinde,91779,734302800.77,8000.77,444247626.00,34209077.02,255846097.75,STATISTIKPORTAL_INTEGRATED_2024_T1
2024,05,05958,county_administration,05958,,not_applicable,"Hochsauerlandkreis, Kreisverwaltung",Kreisverwaltung,261119,58727965.25,224.91,22455893.00,20658907.46,15613164.79,STATISTIKPORTAL_INTEGRATED_2024_T1
2024,05,05958,municipality,059580004004,05958004,matched,Arnsberg,kreisangehörige Gemeinde,74868,336407723.26,4493.34,205317223.00,2607370.89,128483129.37,STATISTIKPORTAL_INTEGRATED_2024_T1
2024,05,05958,municipality,059580008008,05958008,matched,Bestwig,kreisangehörige Gemeinde,10233,24991364.39,2442.23,2462636.00,438288.23,22090440.16,STATISTIKPORTAL_INTEGRATED_2024_T1
2024,05,05958,municipality,059580012012,05958012,matched,Brilon,kreisangehörige Gemeinde,25408,68148974.86,2682.19,17042172.00,437438.57,50669364.29,STATISTIKPORTAL_INTEGRATED_2024_T1
2024,05,05958,municipality,059580016016,05958016,matched,Eslohe,kreisangehörige Gemeinde,8781,4573706.15,520.86,739948.00,246125.57,3587632.58,STATISTIKPORTAL_INTEGRATED_2024_T1
2024,05,05958,municipality,059580020020,05958020,matched,Hallenberg,kreisangehörige Gemeinde,4404,12989443.58,2949.46,1193727.00,329246.78,11466469.80,STATISTIKPORTAL_INTEGRATED_2024_T1
2024,05,05958,municipality,059580024024,05958024,matched,Marsberg,kreisangehörige Gemeinde,19584,32620930.68,1665.69,1389748.00,103400.91,31127781.77,STATISTIKPORTAL_INTEGRATED_2024_T1
2024,05,05958,municipality,059580028028,05958028,matched,Medebach,kreisangehörige Gemeinde,7980,23652263.96,2963.94,16548625.00,619972.16,6483666.80,STATISTIKPORTAL_INTEGRATED_2024_T1
2024,05,05958,municipality,059580032032,05958032,matched,Meschede,kreisangehörige Gemeinde,29614,30891491.70,1043.14,4962774.00,1459073.29,24469644.41,STATISTIKPORTAL_INTEGRATED_2024_T1
2024,05,05958,municipality,059580036036,05958036,matched,Olsberg,kreisangehörige Gemeinde,14693,60468437.06,4115.46,31041017.00,2224667.66,27202752.40,STATISTIKPORTAL_INTEGRATED_2024_T1
2024,05,05958,municipality,059580040040,05958040,matched,Schmallenberg,kreisangehörige Gemeinde,24723,8738766.94,353.47,6556978.00,684413.79,1497375.15,STATISTIKPORTAL_INTEGRATED_2024_T1
2024,05,05958,municipality,059580044044,05958044,matched,Sundern,kreisangehörige Gemeinde,27715,48811847.97,1761.21,22256155.00,1720601.77,24835091.20,STATISTIKPORTAL_INTEGRATED_2024_T1
2024,05,05958,municipality,059580048048,05958048,matched,Winterberg,kreisangehörige Gemeinde,13116,43997813.01,3354.51,25536021.00,862902.21,17598889.80,STATISTIKPORTAL_INTEGRATED_2024_T1
2024,05,05962,county_administration,05962,,not_applicable,"Märkischer Kreis, Kreisverwaltung",Kreisverwaltung,408629,310130687.72,758.95,238996670.00,12745328.52,58388689.20,STATISTIKPORTAL_INTEGRATED_2024_T1
2024,05,05962,municipality,059620004004,05962004,matched,Altena,kreisangehörige Gemeinde,16689,85115213.73,5100.08,40117852.00,6382785.66,38614576.07,STATISTIKPORTAL_INTEGRATED_2024_T1
2024,05,05962,municipality,059620008008,05962008,matched,Balve,kreisangehörige Gemeinde,11238,22380242.74,1991.48,12952869.00,219105.88,9208267.86,STATISTIKPORTAL_INTEGRATED_2024_T1
2024,05,05962,municipality,059620012012,05962012,matched,Halver,kreisangehörige Gemeinde,16383,58201432.48,3552.55,52581821.00,88452.07,5531159.41,STATISTIKPORTAL_INTEGRATED_2024_T1
2024,05,05962,municipality,059620016016,05962016,matched,Hemer,kreisangehörige Gemeinde,35038,159214517.11,4544.05,144619514.00,5015495.31,9579507.80,STATISTIKPORTAL_INTEGRATED_2024_T1
2024,05,05962,municipality,059620020020,05962020,matched,Herscheid,kreisangehörige Gemeinde,6816,17215704.57,2525.78,14598163.00,65778.70,2551762.87,STATISTIKPORTAL_INTEGRATED_2024_T1
2024,05,05962,municipality,059620024024,05962024,matched,Iserlohn,kreisangehörige Gemeinde,91962,540236743.58,5874.56,226438812.00,158096215.12,155701716.46,STATISTIKPORTAL_INTEGRATED_2024_T1
2024,05,05962,municipality,059620028028,05962028,matched,Kierspe,kreisangehörige Gemeinde,16507,45883065.83,2779.61,37044718.00,83021.40,8755326.43,STATISTIKPORTAL_INTEGRATED_2024_T1
2024,05,05962,municipality,059620032032,05962032,matched,Lüdenscheid,kreisangehörige Gemeinde,71195,152261152.12,2138.65,49452928.00,7193409.58,95614814.54,STATISTIKPORTAL_INTEGRATED_2024_T1
2024,05,05962,municipality,059620036036,05962036,matched,Meinerzhagen,kreisangehörige Gemeinde,20088,49294921.46,2453.95,43456652.00,206686.31,5631583.15,STATISTIKPORTAL_INTEGRATED_2024_T1
2024,05,05962,municipality,059620040040,05962040,matched,Menden,kreisangehörige Gemeinde,52253,217894761.99,4170.00,125297586.00,54810303.64,37786872.35,STATISTIKPORTAL_INTEGRATED_2024_T1
2024,05,05962,municipality,059620044044,05962044,matched,Nachrodt-Wiblingwerde,kreisangehörige Gemeinde,6177,18443973.59,2985.91,18242727.00,63315.46,137931.13,STATISTIKPORTAL_INTEGRATED_2024_T1
2024,05,05962,municipality,059620048048,05962048,matched,Neuenrade,kreisangehörige Gemeinde,11618,6280569.96,540.59,2179633.00,103343.16,3997593.80,STATISTIKPORTAL_INTEGRATED_2024_T1
2024,05,05962,municipality,059620052052,05962052,matched,Plettenberg,kreisangehörige Gemeinde,24503,34562073.66,1410.52,19636727.00,507201.98,14418144.68,STATISTIKPORTAL_INTEGRATED_2024_T1
2024,05,05962,municipality,059620056056,05962056,matched,Schalksmühle,kreisangehörige Gemeinde,10445,10700858.15,1024.50,8269048.00,125680.90,2306129.25,STATISTIKPORTAL_INTEGRATED_2024_T1
2024,05,05962,municipality,059620060060,05962060,matched,Werdohl,kreisangehörige Gemeinde,17717,62148567.98,3507.85,37589343.00,2501693.53,22057531.45,STATISTIKPORTAL_INTEGRATED_2024_T1
2024,05,05966,county_administration,05966,,not_applicable,"Olpe, Kreisverwaltung",Kreisverwaltung,132495,41244747.55,311.29,15404554.00,5575248.15,20264945.40,STATISTIKPORTAL_INTEGRATED_2024_T1
2024,05,05966,municipality,059660004004,05966004,matched,Attendorn,kreisangehörige Gemeinde,23627,11001512.12,465.63,2986992.00,3105402.96,4909117.16,STATISTIKPORTAL_INTEGRATED_2024_T1
2024,05,05966,municipality,059660008008,05966008,matched,Drolshagen,kreisangehörige Gemeinde,11899,16283588.56,1368.48,15642134.00,53462.48,587992.08,STATISTIKPORTAL_INTEGRATED_2024_T1
2024,05,05966,municipality,059660012012,05966012,matched,Finnentrop,kreisangehörige Gemeinde,16966,15862626.35,934.97,10461076.00,53462.48,5348087.87,STATISTIKPORTAL_INTEGRATED_2024_T1
2024,05,05966,municipality,059660016016,05966016,matched,Kirchhundem,kreisangehörige Gemeinde,11544,10357930.28,897.26,2551922.00,53462.48,7752545.80,STATISTIKPORTAL_INTEGRATED_2024_T1
2024,05,05966,municipality,059660020020,05966020,matched,Lennestadt,kreisangehörige Gemeinde,24303,36467382.56,1500.53,32004314.00,106924.96,4356143.60,STATISTIKPORTAL_INTEGRATED_2024_T1
2024,05,05966,municipality,059660024024,05966024,matched,Olpe,kreisangehörige Gemeinde,24735,15385397.48,622.01,6632410.00,2454399.96,6298587.52,STATISTIKPORTAL_INTEGRATED_2024_T1
2024,05,05966,municipality,059660028028,05966028,matched,Wenden,kreisangehörige Gemeinde,19421,3268807.21,168.31,2502095.00,53462.48,713249.73,STATISTIKPORTAL_INTEGRATED_2024_T1
2024,05,05970,county_administration,05970,,not_applicable,"Siegen-Wittgenstein, Kreisverwaltung",Kreisverwaltung,274389,99059830.04,361.02,20763507.00,16549968.52,61746354.52,STATISTIKPORTAL_INTEGRATED_2024_T1
2024,05,05970,municipality,059700004004,05970004,matched,Bad Berleburg,kreisangehörige Gemeinde,18334,35979451.44,1962.44,2371943.00,3523214.82,30084293.62,STATISTIKPORTAL_INTEGRATED_2024_T1
2024,05,05970,municipality,059700008008,05970008,matched,Burbach,kreisangehörige Gemeinde,14668,17459199.42,1190.29,1347630.00,1478462.48,14633106.94,STATISTIKPORTAL_INTEGRATED_2024_T1
2024,05,05970,municipality,059700012012,05970012,matched,Erndtebrück,kreisangehörige Gemeinde,6830,29705308.68,4349.24,17648896.00,1331526.41,10724886.27,STATISTIKPORTAL_INTEGRATED_2024_T1
2024,05,05970,municipality,059700016016,05970016,matched,Freudenberg,kreisangehörige Gemeinde,17434,32920812.88,1888.31,6596391.00,53462.48,26270959.40,STATISTIKPORTAL_INTEGRATED_2024_T1
2024,05,05970,municipality,059700020020,05970020,matched,Hilchenbach,kreisangehörige Gemeinde,14500,56857946.09,3921.24,39329327.00,53462.48,17475156.61,STATISTIKPORTAL_INTEGRATED_2024_T1
2024,05,05970,municipality,059700024024,05970024,matched,Kreuztal,kreisangehörige Gemeinde,30901,76683379.06,2481.58,53740634.00,106924.96,22835820.10,STATISTIKPORTAL_INTEGRATED_2024_T1
2024,05,05970,municipality,059700028028,05970028,matched,Bad Laasphe,kreisangehörige Gemeinde,13111,49215317.90,3753.74,30423883.00,3870477.35,14920957.55,STATISTIKPORTAL_INTEGRATED_2024_T1
2024,05,05970,municipality,059700032032,05970032,matched,Netphen,kreisangehörige Gemeinde,23218,58100579.30,2502.39,37333048.00,106924.96,20660606.34,STATISTIKPORTAL_INTEGRATED_2024_T1
2024,05,05970,municipality,059700036036,05970036,matched,Neunkirchen,kreisangehörige Gemeinde,12726,20144572.33,1582.95,9555025.00,1478462.48,9111084.85,STATISTIKPORTAL_INTEGRATED_2024_T1
2024,05,05970,municipality,059700040040,05970040,matched,Siegen,kreisangehörige Gemeinde,102571,466134884.48,4544.51,295755238.00,213849.92,170165796.56,STATISTIKPORTAL_INTEGRATED_2024_T1
2024,05,05970,municipality,059700044044,05970044,matched,Wilnsdorf,kreisangehörige Gemeinde,20096,72666236.50,3615.96,30570130.00,106924.96,41989181.54,STATISTIKPORTAL_INTEGRATED_2024_T1
2024,05,05974,county_administration,05974,,not_applicable,"Soest, Kreisverwaltung",Kreisverwaltung,300159,149738288.04,498.86,105204335.00,20915695.43,23618257.61,STATISTIKPORTAL_INTEGRATED_2024_T1
2024,05,05974,municipality,059740004004,05974004,matched,Anröchte,kreisangehörige Gemeinde,10319,16505520.49,1599.53,16368920.00,136583.69,16.80,STATISTIKPORTAL_INTEGRATED_2024_T1
2024,05,05974,municipality,059740008008,05974008,matched,Bad Sassendorf,kreisangehörige Gemeinde,12203,55788764.36,4571.73,43532126.00,53462.48,12203175.88,STATISTIKPORTAL_INTEGRATED_2024_T1
2024,05,05974,municipality,059740012012,05974012,matched,Ense,kreisangehörige Gemeinde,12367,15976314.49,1291.85,13794944.00,136583.69,2044786.80,STATISTIKPORTAL_INTEGRATED_2024_T1
2024,05,05974,municipality,059740016016,05974016,matched,Erwitte,kreisangehörige Gemeinde,16289,20721080.49,1272.09,504278.00,11224280.69,8992521.80,STATISTIKPORTAL_INTEGRATED_2024_T1
2024,05,05974,municipality,059740020020,05974020,matched,Geseke,kreisangehörige Gemeinde,20929,31530192.89,1506.53,20181478.00,106924.96,11241789.93,STATISTIKPORTAL_INTEGRATED_2024_T1
2024,05,05974,municipality,059740024024,05974024,matched,Lippetal,kreisangehörige Gemeinde,11970,10664553.66,890.94,5387046.00,136583.69,5140923.97,STATISTIKPORTAL_INTEGRATED_2024_T1
2024,05,05974,municipality,059740028028,05974028,matched,Lippstadt,kreisangehörige Gemeinde,68579,106358265.43,1550.89,15771322.00,1999620.64,88587322.79,STATISTIKPORTAL_INTEGRATED_2024_T1
2024,05,05974,municipality,059740032032,05974032,matched,Möhnesee,kreisangehörige Gemeinde,11313,4997046.49,441.71,4860446.00,136583.69,16.80,STATISTIKPORTAL_INTEGRATED_2024_T1
2024,05,05974,municipality,059740036036,05974036,matched,Rüthen,kreisangehörige Gemeinde,10329,11833975.63,1145.70,2057423.00,136583.69,9639968.94,STATISTIKPORTAL_INTEGRATED_2024_T1
2024,05,05974,municipality,059740040040,05974040,matched,Soest,kreisangehörige Gemeinde,47475,285854930.08,6021.17,102280570.00,1417151.87,182157208.21,STATISTIKPORTAL_INTEGRATED_2024_T1
2024,05,05974,municipality,059740044044,05974044,matched,Warstein,kreisangehörige Gemeinde,25033,16700171.51,667.13,8174518.00,233742.31,8291911.20,STATISTIKPORTAL_INTEGRATED_2024_T1
2024,05,05974,municipality,059740048048,05974048,matched,Welver,kreisangehörige Gemeinde,11997,10912192.49,909.58,8655012.00,136583.69,2120596.80,STATISTIKPORTAL_INTEGRATED_2024_T1
2024,05,05974,municipality,059740052052,05974052,matched,Werl,kreisangehörige Gemeinde,29738,120350143.81,4047.02,66348010.00,3773064.26,50229069.55,STATISTIKPORTAL_INTEGRATED_2024_T1
2024,05,05974,municipality,059740056056,05974056,matched,Wickede,kreisangehörige Gemeinde,11618,31838640.29,2740.46,26152651.00,53462.48,5632526.81,STATISTIKPORTAL_INTEGRATED_2024_T1
2024,05,05978,county_administration,05978,,not_applicable,"Unna, Kreisverwaltung",Kreisverwaltung,394819,186913113.77,473.41,107743783.00,14580579.60,64588751.17,STATISTIKPORTAL_INTEGRATED_2024_T1
2024,05,05978,municipality,059780004004,05978004,matched,Bergkamen,kreisangehörige Gemeinde,49087,192485914.52,3921.32,79004049.00,726627.05,112755238.47,STATISTIKPORTAL_INTEGRATED_2024_T1
2024,05,05978,municipality,059780008008,05978008,matched,Bönen,kreisangehörige Gemeinde,17868,49677528.79,2780.25,38900848.00,130616.82,10646063.97,STATISTIKPORTAL_INTEGRATED_2024_T1
2024,05,05978,municipality,059780012012,05978012,matched,Fröndenberg,kreisangehörige Gemeinde,20523,52716020.01,2568.63,14174000.00,0.00,38542020.01,STATISTIKPORTAL_INTEGRATED_2024_T1
2024,05,05978,municipality,059780016016,05978016,matched,Holzwickede,kreisangehörige Gemeinde,17723,55166694.19,3112.72,49793077.00,103736.26,5269880.93,STATISTIKPORTAL_INTEGRATED_2024_T1
2024,05,05978,municipality,059780020020,05978020,matched,Kamen,kreisangehörige Gemeinde,42348,185777265.08,4386.92,114140351.00,764108.40,70872805.68,STATISTIKPORTAL_INTEGRATED_2024_T1
2024,05,05978,municipality,059780024024,05978024,matched,Lünen,kreisangehörige Gemeinde,85930,523603930.68,6093.38,282773558.00,135662551.02,105167821.66,STATISTIKPORTAL_INTEGRATED_2024_T1
2024,05,05978,municipality,059780028028,05978028,matched,Schwerte,kreisangehörige Gemeinde,46097,224750775.01,4875.61,144138305.00,2905489.96,77706980.05,STATISTIKPORTAL_INTEGRATED_2024_T1
2024,05,05978,municipality,059780032032,05978032,matched,Selm,kreisangehörige Gemeinde,26073,108993041.70,4180.30,103293287.00,3082471.61,2617283.09,STATISTIKPORTAL_INTEGRATED_2024_T1
2024,05,05978,municipality,059780036036,05978036,matched,Unna,kreisangehörige Gemeinde,58714,118258704.21,2014.15,101305690.00,875547.57,16077466.64,STATISTIKPORTAL_INTEGRATED_2024_T1
2024,05,05978,municipality,059780040040,05978040,matched,Werne,kreisangehörige Gemeinde,30456,106992280.71,3513.01,56311895.00,13720309.43,36960076.28,STATISTIKPORTAL_INTEGRATED_2024_T1
