event_id,source_role,source_id,institution,source_title,published_date,url_from_case,url_from_sources,source_page_from_case,page_locator_from_sources
DE-FB-0001,primary,JEN,Stadt Jena,Haushaltssperre 2026: konkrete Maßnahmen,2025-12-17,https://rathaus.jena.de/de/haushaltssperre-2026-stadt-jena-legt-konkrete-massnahmen-fest,https://rathaus.jena.de/de/haushaltssperre-2026-stadt-jena-legt-konkrete-massnahmen-fest,,
DE-FB-0002,primary,JEN,Stadt Jena,Haushaltssperre 2026: konkrete Maßnahmen,2025-12-17,https://rathaus.jena.de/de/haushaltssperre-2026-stadt-jena-legt-konkrete-massnahmen-fest,https://rathaus.jena.de/de/haushaltssperre-2026-stadt-jena-legt-konkrete-massnahmen-fest,,
DE-FB-0003,primary,JEN,Stadt Jena,Haushaltssperre 2026: konkrete Maßnahmen,2025-12-17,https://rathaus.jena.de/de/haushaltssperre-2026-stadt-jena-legt-konkrete-massnahmen-fest,https://rathaus.jena.de/de/haushaltssperre-2026-stadt-jena-legt-konkrete-massnahmen-fest,,
DE-FB-0004,primary,NUE,Stadt Nürnberg,Haushaltssperre 2026,2026-07-29,https://www.nuernberg.de/internet/stadtportal/haushaltssperre.html,https://www.nuernberg.de/internet/stadtportal/haushaltssperre.html,,
DE-FB-0005,primary,NUE2,Stadt Nürnberg,Haushalt 2026 Kommunalaufsicht,2026,https://www.nuernberg.de/internet/stadtportal/haushalt_2026.html,https://www.nuernberg.de/internet/stadtportal/haushalt_2026.html,,
DE-FB-0006,primary,POT,Landeshauptstadt Potsdam,Haushaltssperre viertes Quartal 2026,2026-10-01,https://www.potsdam.de/de/442-landeshauptstadt-potsdam-verhaengt-eine-haushaltssperre-fuer-das-vierte-quartal-2026-zur,https://www.potsdam.de/de/442-landeshauptstadt-potsdam-verhaengt-eine-haushaltssperre-fuer-das-vierte-quartal-2026-zur,,
DE-FB-0007,primary,POT3,Landeshauptstadt Potsdam,Gemeinsame Pressemitteilung der Fraktionen zum Haushalt,2026,https://www.potsdam.de/de/gemeinsame-pressemitteilung-der-landeshauptstadt-potsdam-mit-den-fraktionen-von-spd-cdu-buendnis,https://www.potsdam.de/de/gemeinsame-pressemitteilung-der-landeshauptstadt-potsdam-mit-den-fraktionen-von-spd-cdu-buendnis,,
DE-FB-0008,primary,NEU,Bezirksamt Neukölln von Berlin,Bezirksamt Neukölln beschließt Haushaltssperre,2026-09-01,https://www.berlin.de/ba-neukoelln/aktuelles/pressemitteilungen/2026/pressemitteilung.1709403.php,https://www.berlin.de/ba-neukoelln/aktuelles/pressemitteilungen/2026/pressemitteilung.1709403.php,,
DE-FB-0009,primary,NEU,Bezirksamt Neukölln von Berlin,Bezirksamt Neukölln beschließt Haushaltssperre,2026-09-01,https://www.berlin.de/ba-neukoelln/aktuelles/pressemitteilungen/2026/pressemitteilung.1709403.php,https://www.berlin.de/ba-neukoelln/aktuelles/pressemitteilungen/2026/pressemitteilung.1709403.php,,
DE-FB-0010,primary,LIC,Bezirksamt Lichtenberg von Berlin,Doppelhaushalt 2026/27 Bezirk Lichtenberg,2025-09-18,https://www.berlin.de/ba-lichtenberg/aktuelles/pressemitteilungen/2025/pressemitteilung.1599547.php,https://www.berlin.de/ba-lichtenberg/aktuelles/pressemitteilungen/2025/pressemitteilung.1599547.php,,
DE-FB-0011,primary,LIC2,Bezirksamt Lichtenberg von Berlin,Zusätzliche Finanzierung durch Ergebnisrücklage,2026-04-30,https://www.berlin.de/ba-lichtenberg/aktuelles/pressemitteilungen/2026/pressemitteilung.1666564.php,https://www.berlin.de/ba-lichtenberg/aktuelles/pressemitteilungen/2026/pressemitteilung.1666564.php,,
DE-FB-0012,primary,BRE,Magistrat Bremerhaven,Bremerhavener Doppelhaushalt 2026/2027 beschlossen,2026-06-18,https://www.bremerhaven.de/de/aktuelles/bremerhavener-haushalt-fuer-2026-2027-beschlossen.177671.html,https://www.bremerhaven.de/de/aktuelles/bremerhavener-haushalt-fuer-2026-2027-beschlossen.177671.html,,
DE-FB-0012,secondary,BRE2,Magistrat Bremerhaven,Senat genehmigt Bremerhavener Haushalt 2026/2027,2026-06-30,https://www.bremerhaven.de/de/aktuelles/senat-genehmigt-bremerhavener-haushalt.177826.html,https://www.bremerhaven.de/de/aktuelles/senat-genehmigt-bremerhavener-haushalt.177826.html,,
DE-FB-0013,primary,BRE,Magistrat Bremerhaven,Bremerhavener Doppelhaushalt 2026/2027 beschlossen,2026-06-18,https://www.bremerhaven.de/de/aktuelles/bremerhavener-haushalt-fuer-2026-2027-beschlossen.177671.html,https://www.bremerhaven.de/de/aktuelles/bremerhavener-haushalt-fuer-2026-2027-beschlossen.177671.html,,
DE-FB-0013,secondary,BRE2,Magistrat Bremerhaven,Senat genehmigt Bremerhavener Haushalt 2026/2027,2026-06-30,https://www.bremerhaven.de/de/aktuelles/senat-genehmigt-bremerhavener-haushalt.177826.html,https://www.bremerhaven.de/de/aktuelles/senat-genehmigt-bremerhavener-haushalt.177826.html,,
DE-FB-0014,primary,BRE2,Magistrat Bremerhaven,Senat genehmigt Bremerhavener Haushalt 2026/2027,2026-06-30,https://www.bremerhaven.de/de/aktuelles/senat-genehmigt-bremerhavener-haushalt.177826.html,https://www.bremerhaven.de/de/aktuelles/senat-genehmigt-bremerhavener-haushalt.177826.html,,
DE-FB-0015,primary,BRE3,Magistrat Bremerhaven,Haushalt 2025: Gespräch mit Land Bremen,2025-08-26,https://www.bremerhaven.de/de/aktuelles/haushalt-2025-gespraech-zwischen-stadt-bremerhaven-und-land-bremen.168711.html,https://www.bremerhaven.de/de/aktuelles/haushalt-2025-gespraech-zwischen-stadt-bremerhaven-und-land-bremen.168711.html,,
DE-FB-0016,primary,BRE4,Magistrat Bremerhaven,"13,9 Millionen Euro für Infrastruktur",2026-10-07,https://www.bremerhaven.de/de/aktuelles/rund-13-9-millionen-euro-fuer-infrastruktur-magistrat-beschliesst-einsatz.180865.html,https://www.bremerhaven.de/de/aktuelles/rund-13-9-millionen-euro-fuer-infrastruktur-magistrat-beschliesst-einsatz.180865.html,,
DE-FB-0017,primary,DOR,Stadt Dortmund,Stadt Dortmund verhängt Haushaltssperre für viertes Quartal,2026-09-22,https://www.dortmund.de/newsroom/presse-mitteilungen/stadt-dortmund-verhaengt-haushaltssperre-fuer-das-vierte-quartal.html,https://www.dortmund.de/newsroom/presse-mitteilungen/stadt-dortmund-verhaengt-haushaltssperre-fuer-das-vierte-quartal.html,,
DE-FB-0017,secondary,DOR2,Stadt Dortmund,Dortmund zieht die Haushaltsbremse,2026-09-28,https://www.dortmund.de/newsroom/presse-mitteilungen/dortmund-zieht-die-haushaltsbremse-fuer-das-vierte-quartal.html,https://www.dortmund.de/newsroom/presse-mitteilungen/dortmund-zieht-die-haushaltsbremse-fuer-das-vierte-quartal.html,,
DE-FB-0018,primary,LEV,"Stadt Leverkusen, Rat",Rat: Haushalt 2026 und HSK 2026–2038 Beschluss,2026-07-13,https://ris.leverkusen.de/to0050.asp?__ktonr=101086,https://ris.leverkusen.de/to0050.asp?__ktonr=101086,,
DE-FB-0019,primary,GIE,Stadt Gießen,Aufsichtsbehörde genehmigt Haushalt 2026,2026-03-19,https://www.giessen.de/index.php?FID=2874.75631.1&ModID=7&NavID=1894.87.1&object=tx%7C2874.5.1,https://www.giessen.de/index.php?FID=2874.75631.1&ModID=7&NavID=1894.87.1&object=tx%7C2874.5.1,,
DE-FB-0020,primary,STU,Stadt Stuttgart,Doppelhaushalt 2026/2027 beschlossen,2025-12-19,https://www.stuttgart.de/rathaus/finanzen/haushalt/doppelhaushalt-2026-2027/,https://www.stuttgart.de/rathaus/finanzen/haushalt/doppelhaushalt-2026-2027/,,
DE-FB-0020,secondary,STU2,Stadt Stuttgart,Häufige Fragen zur Haushaltskonsolidierung,2026,https://www.stuttgart.de/rathaus/finanzen/haushalt/haushaltskonsolidierung/haeufige-fragen-zur-haushaltskonsolidierung,https://www.stuttgart.de/rathaus/finanzen/haushalt/haushaltskonsolidierung/haeufige-fragen-zur-haushaltskonsolidierung,,
DE-FB-0021,primary,KIE,"Landeshauptstadt Kiel, Kunstbeirat",Kunstbeirat: Sperre Mai 2025 bis Okt 2025,2025-11-04,https://www.kiel.de/de/kultur_freizeit/stadtgalerie/_dokumente_kunstbeirat/Kunstbeirat_Protokoll_20251104_barrierefrei.pdf,https://www.kiel.de/de/kultur_freizeit/stadtgalerie/_dokumente_kunstbeirat/Kunstbeirat_Protokoll_20251104_barrierefrei.pdf,,查看预算冻结和解除段落
DE-FB-0021,secondary,KIE2,Landeshauptstadt Kiel,Haushaltssperre Klimaschutz April/Mai 2025,2025-05-23,https://www.kiel.de/de/umwelt_verkehr/klimaschutz/_news_archiv/Klimaschutz_2_2025.php,https://www.kiel.de/de/umwelt_verkehr/klimaschutz/_news_archiv/Klimaschutz_2_2025.php,,
DE-FB-0022,primary,HAM,Hamburg Finanzbehörde,Sanierung kommunaler Einrichtungen Hamburg,2026-09-04,https://www.hamburg.de/politik-und-verwaltung/behoerden/finanzbehoerde/aktuelles/sanierung-kommunaler-einrichtungen-hamburg-investiert-weiter-in-starke-bezirke-1216126,https://www.hamburg.de/politik-und-verwaltung/behoerden/finanzbehoerde/aktuelles/sanierung-kommunaler-einrichtungen-hamburg-investiert-weiter-in-starke-bezirke-1216126,,
DE-FB-0023,primary,HAM,Hamburg Finanzbehörde,Sanierung kommunaler Einrichtungen Hamburg,2026-09-04,https://www.hamburg.de/politik-und-verwaltung/behoerden/finanzbehoerde/aktuelles/sanierung-kommunaler-einrichtungen-hamburg-investiert-weiter-in-starke-bezirke-1216126,https://www.hamburg.de/politik-und-verwaltung/behoerden/finanzbehoerde/aktuelles/sanierung-kommunaler-einrichtungen-hamburg-investiert-weiter-in-starke-bezirke-1216126,,
DE-FB-0024,primary,HAM2,Hamburg Finanzbehörde,Senat unterstützt bezirkliche Projekte mit 49 Mio EUR,2025-09-30,https://www.hamburg.de/politik-und-verwaltung/behoerden/finanzbehoerde/aktuelles/senat-unterstuetzt-projekte-vor-ort-mit-zusaetzlichen-mitteln--1102886,https://www.hamburg.de/politik-und-verwaltung/behoerden/finanzbehoerde/aktuelles/senat-unterstuetzt-projekte-vor-ort-mit-zusaetzlichen-mitteln--1102886,,
DE-FB-0025,primary,COT,"Stadt Cottbus, Stadtverordnetenversammlung",Haushalt: Personalabbau erste 28 Vollzeitäquivalente 2025,2025,https://session.cottbus.de/buerger/getfile.asp?id=26068&type=do,https://session.cottbus.de/buerger/getfile.asp?id=26068&type=do,2026汇编第4页,
DE-FB-0025,secondary,DST26,Deutscher Städtetag,Kommunen am Limit: Spar- und Konsolidierungsmaßnahmen,2026-06-22,https://www.staedtetag.de/files/dst/docs/Presse/2026/beispiele-fuer-spar-und-konsolidierungsma%C3%9Fnahmen-aus-den-staedten-2026.pdf,https://www.staedtetag.de/files/dst/docs/Presse/2026/beispiele-fuer-spar-und-konsolidierungsma%C3%9Fnahmen-aus-den-staedten-2026.pdf,2026汇编第4页,pp.4-6
DE-FB-0026,primary,DRE,Landeshauptstadt Dresden,"Dresdner Amtsblatt Nr 40, 2025",2025-10,https://www.dresden.de/media/pdf/amtsblatt/2025/gedruckte-ausgabe/dresdner-amtsblatt-2025-40.pdf,https://www.dresden.de/media/pdf/amtsblatt/2025/gedruckte-ausgabe/dresdner-amtsblatt-2025-40.pdf,Amtsblatt Nr.40/2025 S.15,p.15
DE-FB-0026,secondary,DST26,Deutscher Städtetag,Kommunen am Limit: Spar- und Konsolidierungsmaßnahmen,2026-06-22,https://www.staedtetag.de/files/dst/docs/Presse/2026/beispiele-fuer-spar-und-konsolidierungsma%C3%9Fnahmen-aus-den-staedten-2026.pdf,https://www.staedtetag.de/files/dst/docs/Presse/2026/beispiele-fuer-spar-und-konsolidierungsma%C3%9Fnahmen-aus-den-staedten-2026.pdf,Amtsblatt Nr.40/2025 S.15,pp.4-6
DE-FB-0027,primary,MUC,Landeshauptstadt München,Haushaltsreden 2025: Haushaltskonsolidierung,2025,https://stadt.muenchen.de/infos/haushaltsreden-2025.html,https://stadt.muenchen.de/infos/haushaltsreden-2025.html,,
DE-FB-0027,secondary,DST25,Deutscher Städtetag,Städte unter Sparzwang: Beispiele 2025,2025-02-17,https://www.staedtetag.de/files/dst/docs/Presse/2025/250217_Beispiele_aus_den_Staedten.pdf,https://www.staedtetag.de/files/dst/docs/Presse/2025/250217_Beispiele_aus_den_Staedten.pdf,,pp.1-4
DE-FB-0028,primary,JEN,Stadt Jena,Haushaltssperre 2026: konkrete Maßnahmen,2025-12-17,https://rathaus.jena.de/de/haushaltssperre-2026-stadt-jena-legt-konkrete-massnahmen-fest,https://rathaus.jena.de/de/haushaltssperre-2026-stadt-jena-legt-konkrete-massnahmen-fest,,
DE-FB-0029,primary,JEN,Stadt Jena,Haushaltssperre 2026: konkrete Maßnahmen,2025-12-17,https://rathaus.jena.de/de/haushaltssperre-2026-stadt-jena-legt-konkrete-massnahmen-fest,https://rathaus.jena.de/de/haushaltssperre-2026-stadt-jena-legt-konkrete-massnahmen-fest,,
DE-FB-0030,primary,KIE,"Landeshauptstadt Kiel, Kunstbeirat",Kunstbeirat: Sperre Mai 2025 bis Okt 2025,2025-11-04,https://www.kiel.de/de/kultur_freizeit/stadtgalerie/_dokumente_kunstbeirat/Kunstbeirat_Protokoll_20251104_barrierefrei.pdf,https://www.kiel.de/de/kultur_freizeit/stadtgalerie/_dokumente_kunstbeirat/Kunstbeirat_Protokoll_20251104_barrierefrei.pdf,,查看预算冻结和解除段落
DE-FB-0031,primary,HAM,Hamburg Finanzbehörde,Sanierung kommunaler Einrichtungen Hamburg,2026-09-04,https://www.hamburg.de/politik-und-verwaltung/behoerden/finanzbehoerde/aktuelles/sanierung-kommunaler-einrichtungen-hamburg-investiert-weiter-in-starke-bezirke-1216126,https://www.hamburg.de/politik-und-verwaltung/behoerden/finanzbehoerde/aktuelles/sanierung-kommunaler-einrichtungen-hamburg-investiert-weiter-in-starke-bezirke-1216126,,
DE-FB-0032,primary,MAGREP,"Landeshauptstadt Magdeburg, Dezernat I","Bericht Personal- und Organisationsmanagement 2022–2025: Sperren, Ergebnisse",2025,https://www.magdeburg.de/PDF/Bericht_zum_Personal_und_Organisationsmanagement_2022_2025.PDF?Ext=PDF&ObjID=25856&ObjLa=1&ObjSvrID=698&WTR=1&_ts=1750843751,https://www.magdeburg.de/PDF/Bericht_zum_Personal_und_Organisationsmanagement_2022_2025.PDF?Ext=PDF&ObjID=25856&ObjLa=1&ObjSvrID=698&WTR=1&_ts=1750843751,,"p.15 (PDF p.15, index 14)"
DE-FB-0032,secondary,DST25,Deutscher Städtetag,Städte unter Sparzwang: Beispiele 2025,2025-02-17,https://www.staedtetag.de/files/dst/docs/Presse/2025/250217_Beispiele_aus_den_Staedten.pdf,https://www.staedtetag.de/files/dst/docs/Presse/2025/250217_Beispiele_aus_den_Staedten.pdf,,pp.1-4
DE-FB-0033,primary,MAGREP,"Landeshauptstadt Magdeburg, Dezernat I","Bericht Personal- und Organisationsmanagement 2022–2025: Sperren, Ergebnisse",2025,https://www.magdeburg.de/PDF/Bericht_zum_Personal_und_Organisationsmanagement_2022_2025.PDF?Ext=PDF&ObjID=25856&ObjLa=1&ObjSvrID=698&WTR=1&_ts=1750843751,https://www.magdeburg.de/PDF/Bericht_zum_Personal_und_Organisationsmanagement_2022_2025.PDF?Ext=PDF&ObjID=25856&ObjLa=1&ObjSvrID=698&WTR=1&_ts=1750843751,,"p.15 (PDF p.15, index 14)"
DE-FB-0034,primary,HANLIB,Landeshauptstadt Hannover,Nordstadtbibliothek: StadtGemeinschaftsHaus Konzept,2025,https://www.hannover.de/Service/Presse-Medien/Landeshauptstadt-Hannover/Meldungsarchiv-f%C3%BCr-das-Jahr-2025/Entwicklung-der-Nord%C2%ADstadt%C2%ADbiblio%C2%ADthek-zum-Stadt%C2%ADGemein%C2%ADschafts%C2%ADHaus,https://www.hannover.de/Service/Presse-Medien/Landeshauptstadt-Hannover/Meldungsarchiv-f%C3%BCr-das-Jahr-2025/Entwicklung-der-Nord%C2%ADstadt%C2%ADbiblio%C2%ADthek-zum-Stadt%C2%ADGemein%C2%ADschafts%C2%ADHaus,,
DE-FB-0034,secondary,HH25-NA-95K,Landeshauptstadt Hannover,Entwicklung der Nordstadtbibliothek zum StadtGemeinschaftsHaus,2025-03-20,https://www.hannover.de/Service/Presse-Medien/Landeshauptstadt-Hannover/Meldungsarchiv-f%C3%BCr-das-Jahr-2025/Entwicklung-der-Nord%C2%ADstadt%C2%ADbiblio%C2%ADthek-zum-Stadt%C2%ADGemein%C2%ADschafts%C2%ADHaus,https://www.hannover.de/Service/Presse-Medien/Landeshauptstadt-Hannover/Meldungsarchiv-f%C3%BCr-das-Jahr-2025/Entwicklung-der-Nord%C2%ADstadt%C2%ADbiblio%C2%ADthek-zum-Stadt%C2%ADGemein%C2%ADschafts%C2%ADHaus,,
DE-FB-0035,primary,GOEHSK,"Klima-Beirat Göttingen, städtisches Beratungsgremium",Stellungnahme zum Rat HSK-Beschluss vom 13.12.2024,2024-12-18,https://nachhaltigkeit.goettingen.de/downloads/datei/OWY3ZGJkOTlmN2QzN2ZkYlBDem5VQ3hETE9Da3RUR1pKSVBkZHZnVExLYUwwM05nTmxoQmhrT0hsK20vZFhJalFVdWgyeS9HY2w3UjJHQS9QcFpnK3lsZnJYRmN6VExFVVRlN09XeFBSWm1LaTZMSVZLc3V0TXNrdTYxbzUyeWE0SWY2K0pjUmVybkNLU1BBMjFtRDBhTS96K2lhazFmV1JwY0Z5dz09,https://nachhaltigkeit.goettingen.de/downloads/datei/OWY3ZGJkOTlmN2QzN2ZkYlBDem5VQ3hETE9Da3RUR1pKSVBkZHZnVExLYUwwM05nTmxoQmhrT0hsK20vZFhJalFVdWgyeS9HY2w3UjJHQS9QcFpnK3lsZnJYRmN6VExFVVRlN09XeFBSWm1LaTZMSVZLc3V0TXNrdTYxbzUyeWE0SWY2K0pjUmVybkNLU1BBMjFtRDBhTS96K2lhazFmV1JwY0Z5dz09,,p.1
DE-FB-0035,secondary,DST25,Deutscher Städtetag,Städte unter Sparzwang: Beispiele 2025,2025-02-17,https://www.staedtetag.de/files/dst/docs/Presse/2025/250217_Beispiele_aus_den_Staedten.pdf,https://www.staedtetag.de/files/dst/docs/Presse/2025/250217_Beispiele_aus_den_Staedten.pdf,,pp.1-4
DE-FB-0036,primary,SAAR,Landeshauptstadt Saarbrücken,Haushalt 2026: Kommunalaufsicht genehmigt mit reduzierter Kredithöhe,2026-06-24,https://www.saarbruecken.de/ne/rathaus/stadtverwaltung/haushalt,https://www.saarbruecken.de/ne/rathaus/stadtverwaltung/haushalt,,
DE-FB-0036,secondary,SAAR26-BUD-FINAL,Landeshauptstadt Saarbrücken,Haushaltssatzung 2026: rechtsaufsichtliche Genehmigung mit gekürzter Kreditermächtigung,2026-06-24,https://www.saarbruecken.de/ne/rathaus/stadtverwaltung/haushalt,https://www.saarbruecken.de/ne/rathaus/stadtverwaltung/haushalt,,
DE-FB-0037,primary,LUD24,"Stadt Ludwigshafen am Rhein, Amtsblatt",2024 Haushaltsatzung: Investitionskredit-Ermächtigung teils versagt,2024-04-24,https://www.ludwigshafen.de/fileadmin/Websites/Stadt_Ludwigshafen/Buergernah/Rathaus/Amtsblatt/2024/2024-04-24_Amtsblatt_30.pdf,https://www.ludwigshafen.de/fileadmin/Websites/Stadt_Ludwigshafen/Buergernah/Rathaus/Amtsblatt/2024/2024-04-24_Amtsblatt_30.pdf,,p.3 (PDF zero-index 2)
DE-FB-0037,secondary,DST26,Deutscher Städtetag,Kommunen am Limit: Spar- und Konsolidierungsmaßnahmen,2026-06-22,https://www.staedtetag.de/files/dst/docs/Presse/2026/beispiele-fuer-spar-und-konsolidierungsma%C3%9Fnahmen-aus-den-staedten-2026.pdf,https://www.staedtetag.de/files/dst/docs/Presse/2026/beispiele-fuer-spar-und-konsolidierungsma%C3%9Fnahmen-aus-den-staedten-2026.pdf,,pp.4-6
DE-FB-0038,primary,ROSFRZ,Hansestadt Rostock,Anordnung einer Haushaltssperre 2025 gemäß §51 KV M-V,2025-07-23,https://ksd.rostock.de/bi/vo020?0--anlagenHeaderPanel-attachmentsList-0-attachment-link=&TOLFDNR=7216980&VOLFDNR=1029001&refresh=false,https://ksd.rostock.de/bi/vo020?0--anlagenHeaderPanel-attachmentsList-0-attachment-link=&TOLFDNR=7216980&VOLFDNR=1029001&refresh=false,,PDF p.1
DE-FB-0039,primary,ROSPER,Hansestadt Rostock Ratsinformationssystem,"Entwurf 2026/27: Stellenplan 2,683.77 FTE ceiling since 2024-06-24",2025,https://ksd.rostock.de/bi/vo020?TOLFDNR=7219310&VOLFDNR=1029245&refresh=false,https://ksd.rostock.de/bi/vo020?TOLFDNR=7219310&VOLFDNR=1029245&refresh=false,,
DE-FB-0039,secondary,DST26,Deutscher Städtetag,Kommunen am Limit: Spar- und Konsolidierungsmaßnahmen,2026-06-22,https://www.staedtetag.de/files/dst/docs/Presse/2026/beispiele-fuer-spar-und-konsolidierungsma%C3%9Fnahmen-aus-den-staedten-2026.pdf,https://www.staedtetag.de/files/dst/docs/Presse/2026/beispiele-fuer-spar-und-konsolidierungsma%C3%9Fnahmen-aus-den-staedten-2026.pdf,,pp.4-6
DE-FB-0040,primary,ROSBUD,Hansestadt Rostock Kämmereiamt,Haushalt 2026/27: approved municipal budget and HSK,2026-07-24,https://rathaus.rostock.de/de/service/aemter/kaemmereiamt/haushaltsplaene/252802,https://rathaus.rostock.de/de/service/aemter/kaemmereiamt/haushaltsplaene/252802,,
DE-FB-0041,primary,ROSSPER,Hansestadt Rostock Ratsinformationssystem,Proposed additional replacement hiring freeze: rejected,2026-01-14,https://ksd.rostock.de/bi/vo020?0-1.0-teildocuments-4-showHideLink=&VOLFDNR=1029658&refresh=false,https://ksd.rostock.de/bi/vo020?0-1.0-teildocuments-4-showHideLink=&VOLFDNR=1029658&refresh=false,,"Jan 8 committee rejection, Jan 14 council rejection"
DE-FB-0042,primary,STB26A,Stadt Straubing,Stadtbibliothek Straubing – Neue Öffnungszeiten seit 01. Juni,,https://www.straubing.de/aktuelle-meldungen/5265.Stadtbibliothek-Straubing.html,https://www.straubing.de/aktuelle-meldungen/5265.Stadtbibliothek-Straubing.html,,
DE-FB-0043,primary,STB26A,Stadt Straubing,Stadtbibliothek Straubing – Neue Öffnungszeiten seit 01. Juni,,https://www.straubing.de/aktuelle-meldungen/5265.Stadtbibliothek-Straubing.html,https://www.straubing.de/aktuelle-meldungen/5265.Stadtbibliothek-Straubing.html,,
DE-FB-0044,primary,HD25A,Stadt Heidelberg,ÖPNV: Änderungen ab dem 23. Juni 2025,2025-06-05,https://www.heidelberg.de/HD/Presse/05_06_2025%2Boepnv%2Bin%2Bheidelberg_%2Bwas%2Bsich%2Bab%2Bdem%2B23_%2Bjuni%2B2025%2Baendert.html,https://www.heidelberg.de/HD/Presse/05_06_2025%2Boepnv%2Bin%2Bheidelberg_%2Bwas%2Bsich%2Bab%2Bdem%2B23_%2Bjuni%2B2025%2Baendert.html,,
DE-FB-0045,primary,HD25A,Stadt Heidelberg,ÖPNV: Änderungen ab dem 23. Juni 2025,2025-06-05,https://www.heidelberg.de/HD/Presse/05_06_2025%2Boepnv%2Bin%2Bheidelberg_%2Bwas%2Bsich%2Bab%2Bdem%2B23_%2Bjuni%2B2025%2Baendert.html,https://www.heidelberg.de/HD/Presse/05_06_2025%2Boepnv%2Bin%2Bheidelberg_%2Bwas%2Bsich%2Bab%2Bdem%2B23_%2Bjuni%2B2025%2Baendert.html,,
DE-FB-0046,primary,HD26A,Stadt Heidelberg,ÖPNV: Linien 27 und Moonliner 4,2026-06-12,https://www.heidelberg.de/7071_34581_34869_284696_1219308_5897207_5896927.html,https://www.heidelberg.de/7071_34581_34869_284696_1219308_5897207_5896927.html,,
DE-FB-0047,primary,HD26A,Stadt Heidelberg,ÖPNV: Linien 27 und Moonliner 4,2026-06-12,https://www.heidelberg.de/7071_34581_34869_284696_1219308_5897207_5896927.html,https://www.heidelberg.de/7071_34581_34869_284696_1219308_5897207_5896927.html,,
DE-FB-0048,primary,BON25A,Bundesstadt Bonn,Bezirksregierung genehmigt Bonner Haushalt 2025/2026,2025-05-19,https://www.bonn.de/pressemitteilungen/mai/bezirksregierung-genehmigt-bonner-haushalt-2025-2026.php?loc=de,https://www.bonn.de/pressemitteilungen/mai/bezirksregierung-genehmigt-bonner-haushalt-2025-2026.php?loc=de,,
DE-FB-0049,primary,BON26A,Bundesstadt Bonn,Kämmerer verhängt Haushaltsstopp,2026-09-08,https://international.bonn.de/press-releases/september-2026/treasurer-fark-imposes-a-budget-freeze-on-bonn.php?loc=de,https://international.bonn.de/press-releases/september-2026/treasurer-fark-imposes-a-budget-freeze-on-bonn.php?loc=de,,
DE-FB-0050,primary,BON26B,Bundesstadt Bonn,Haushaltsklausur: Stadthaus-Areal angehalten,2026-07-15,https://www.bonn.de/pressemitteilungen/juli-2026/haushaltsklausur-des-verwaltungsvorstands.php?loc=de,https://www.bonn.de/pressemitteilungen/juli-2026/haushaltsklausur-des-verwaltungsvorstands.php?loc=de,,
DE-FB-0051,primary,BON26C,Bundesstadt Bonn,Bonner Klimaticket wird zum Jahresende 2026 eingestellt,2026-09-25,https://www.bonn.de/pressemitteilungen/september-2026/bonner-klimaticket-wird-zum-jahresende-2026-eingestellt.php?loc=de,https://www.bonn.de/pressemitteilungen/september-2026/bonner-klimaticket-wird-zum-jahresende-2026-eingestellt.php?loc=de,,
DE-FB-0052,primary,BON26D,Bundesstadt Bonn,Haushaltsklausur: weitere Maßnahmen und Prüfaufträge,2026-10-03,https://www.bonn.de/pressemitteilungen/oktober-2026/haushaltsklausur-vorstand-beschliesst-weitere-massnahmen-und-pruefauftraege.php?loc=de,https://www.bonn.de/pressemitteilungen/oktober-2026/haushaltsklausur-vorstand-beschliesst-weitere-massnahmen-und-pruefauftraege.php?loc=de,,
DE-FB-0053,primary,BON26D,Bundesstadt Bonn,Haushaltsklausur: weitere Maßnahmen und Prüfaufträge,2026-10-03,https://www.bonn.de/pressemitteilungen/oktober-2026/haushaltsklausur-vorstand-beschliesst-weitere-massnahmen-und-pruefauftraege.php?loc=de,https://www.bonn.de/pressemitteilungen/oktober-2026/haushaltsklausur-vorstand-beschliesst-weitere-massnahmen-und-pruefauftraege.php?loc=de,,
DE-FB-0054,primary,BON26D,Bundesstadt Bonn,Haushaltsklausur: weitere Maßnahmen und Prüfaufträge,2026-10-03,https://www.bonn.de/pressemitteilungen/oktober-2026/haushaltsklausur-vorstand-beschliesst-weitere-massnahmen-und-pruefauftraege.php?loc=de,https://www.bonn.de/pressemitteilungen/oktober-2026/haushaltsklausur-vorstand-beschliesst-weitere-massnahmen-und-pruefauftraege.php?loc=de,,
DE-FB-0055,primary,HAL25A,Stadt Halle (Saale),OB ordnet interne Haushaltssperre an,2025-03-27,https://halle.de/verwaltung-stadtrat/presseportal/nachrichten/nachricht/oberbuergermeister-ordnet-interne-haushaltssperre-an,https://halle.de/verwaltung-stadtrat/presseportal/nachrichten/nachricht/oberbuergermeister-ordnet-interne-haushaltssperre-an,,
DE-FB-0056,primary,HAL25B,Stadt Halle (Saale),OB modifiziert Haushaltssperre,2025-04-15,https://halle.de/verwaltung-stadtrat/presseportal/nachrichten/nachricht/oberbuergermeister-modifiziert-haushaltssperre,https://halle.de/verwaltung-stadtrat/presseportal/nachrichten/nachricht/oberbuergermeister-modifiziert-haushaltssperre,,
DE-FB-0057,primary,HAL25C,Stadt Halle (Saale),Oberbürgermeister ordnet Haushaltssperre an,2025-06-13,https://halle.de/verwaltung-stadtrat/presseportal/nachrichten/nachricht/oberbuergermeister-ordnet-haushaltsperre-an,https://halle.de/verwaltung-stadtrat/presseportal/nachrichten/nachricht/oberbuergermeister-ordnet-haushaltsperre-an,,
DE-FB-0057,secondary,HAL25D,Stadt Halle (Saale),Nachtragshaushalt 2025 erhält Genehmigung mit Auflagen,2025-06-30,https://halle.de/verwaltung-stadtrat/presseportal/nachrichten/nachricht/nachtragshaushalt-2025-stadt-halle-saale-erhaelt-genehmigung-mit-auflagen,https://halle.de/verwaltung-stadtrat/presseportal/nachrichten/nachricht/nachtragshaushalt-2025-stadt-halle-saale-erhaelt-genehmigung-mit-auflagen,,
DE-FB-0058,primary,HAL25D,Stadt Halle (Saale),Nachtragshaushalt 2025 erhält Genehmigung mit Auflagen,2025-06-30,https://halle.de/verwaltung-stadtrat/presseportal/nachrichten/nachricht/nachtragshaushalt-2025-stadt-halle-saale-erhaelt-genehmigung-mit-auflagen,https://halle.de/verwaltung-stadtrat/presseportal/nachrichten/nachricht/nachtragshaushalt-2025-stadt-halle-saale-erhaelt-genehmigung-mit-auflagen,,
DE-FB-0059,primary,KRE24A,Stadt Krefeld – Zentrales Gebäudemanagement,Wirtschaftsplan 2025: Projekte zurückgestellt oder nur Planungsansätze,2024-12-05,https://ris.krefeld.de/sdnetrim/UGhVM0hpd2NXNFdFcExjZZcDDstxYGhNS7FuNPe0gj2QKlUjqsQXPPz8P011qfGu/Betriebsausschuss_ZGM_05.12.2024_Wirtschaftsplan.pdf,https://ris.krefeld.de/sdnetrim/UGhVM0hpd2NXNFdFcExjZZcDDstxYGhNS7FuNPe0gj2QKlUjqsQXPPz8P011qfGu/Betriebsausschuss_ZGM_05.12.2024_Wirtschaftsplan.pdf,Folie »Rahmenbedingungen / Reduzierung auf Planungsansätze«,Folie »Rahmenbedingungen / Reduzierung auf Planungsansätze«
DE-FB-0060,primary,TRI25A,Stadt Trier,"Stellenplan der Stadt Trier für Haushaltsjahr 2025, Anlage 1",2025,https://www.trier.de/File/7-stellenplan-der-stadt-trier-fuer-das-haushaltsjahr-2025-inklusive-der-veraenderungen.pdf,https://www.trier.de/File/7-stellenplan-der-stadt-trier-fuer-das-haushaltsjahr-2025-inklusive-der-veraenderungen.pdf,PDF S.154/188 (=p.153),PDF S.154/188 (=p.153)
DE-FB-0061,primary,UNN26A,Kreis Unna,Landrat will Haushalt sichern,2026-09-08,https://www.kreis-unna.de/Serviceportal/Nachrichten/Landrat-will-Haushalt-sichern.php?FID=3674.12581.1&ModID=7&NavID=3674.122&call=suche&kat=3674.136&max=3&object=tx%2C3674.5.1&topic=1,https://www.kreis-unna.de/Serviceportal/Nachrichten/Landrat-will-Haushalt-sichern.php?FID=3674.12581.1&ModID=7&NavID=3674.122&call=suche&kat=3674.136&max=3&object=tx%2C3674.5.1&topic=1,,
DE-FB-0062,primary,SOE26A,Kreis Soest,Entdeckerbus: Fahrtenförderung Schuljahr 2026/27 ausgesetzt,,https://www.kreis-soest.de/familie-bildung/alle-themen-1/entdeckerbus,https://www.kreis-soest.de/familie-bildung/alle-themen-1/entdeckerbus,,
DE-FB-0063,primary,WIT26A,Landkreis Wittenberg / Landesverwaltungsamt Sachsen-Anhalt,Bekanntmachung Haushaltssatzung 2026: Aufsichtsverfügung vom 16.01,2026-01-19,https://www.landkreis-wittenberg.de/wp-content/uploads/2026/01/349.-Bekanntmachung-der-Haushaltssatzung-des-Landkreises-Wittenberg-fuer-das-Haushaltsjahr-2026.pdf,https://www.landkreis-wittenberg.de/wp-content/uploads/2026/01/349.-Bekanntmachung-der-Haushaltssatzung-des-Landkreises-Wittenberg-fuer-das-Haushaltsjahr-2026.pdf,S.3/3 (p.2),S.3/3 (p.2)
DE-FB-0064,primary,HAN26A,Landeshauptstadt Hannover,Nordstadtbibliothek: Öffnungszeiten,,https://www.hannover.de/Leben-in-der-Region-Hannover/Bildung/Bibliotheken-Archive/Stadtbibliothek-Hannover/Service-und-Angebote/Bibliotheken-%C3%96ffnungszeiten,https://www.hannover.de/Leben-in-der-Region-Hannover/Bildung/Bibliotheken-Archive/Stadtbibliothek-Hannover/Service-und-Angebote/Bibliotheken-%C3%96ffnungszeiten,,
DE-FB-0064,secondary,HH25-NA-95K,Landeshauptstadt Hannover,Entwicklung der Nordstadtbibliothek zum StadtGemeinschaftsHaus,2025-03-20,https://www.hannover.de/Service/Presse-Medien/Landeshauptstadt-Hannover/Meldungsarchiv-f%C3%BCr-das-Jahr-2025/Entwicklung-der-Nord%C2%ADstadt%C2%ADbiblio%C2%ADthek-zum-Stadt%C2%ADGemein%C2%ADschafts%C2%ADHaus,https://www.hannover.de/Service/Presse-Medien/Landeshauptstadt-Hannover/Meldungsarchiv-f%C3%BCr-das-Jahr-2025/Entwicklung-der-Nord%C2%ADstadt%C2%ADbiblio%C2%ADthek-zum-Stadt%C2%ADGemein%C2%ADschafts%C2%ADHaus,,
DE-FB-0065,primary,HAV26,Landkreis Havelland,Kämmerer verhängt Haushaltssperre,2026-08-10,https://www.havelland.de/presse/einzelansicht/news/detail/article/finanzielle-lage-des-landkreises-stark-angespannt-kaemmerer-verhaengt-haushaltssperre/print-version/,https://www.havelland.de/presse/einzelansicht/news/detail/article/finanzielle-lage-des-landkreises-stark-angespannt-kaemmerer-verhaengt-haushaltssperre/print-version/,,
DE-FB-0066,primary,BAR26,Landkreis Barnim,Landkreis Barnim verhängt Haushaltssperre,2026-07-07,https://www.mynewsdesk.com/de/landkreis-barnim/pressreleases/landkreis-barnim-verhaengt-haushaltssperre-3457777,https://www.mynewsdesk.com/de/landkreis-barnim/pressreleases/landkreis-barnim-verhaengt-haushaltssperre-3457777,,
DE-FB-0067,primary,BAR26,Landkreis Barnim,Landkreis Barnim verhängt Haushaltssperre,2026-07-07,https://www.mynewsdesk.com/de/landkreis-barnim/pressreleases/landkreis-barnim-verhaengt-haushaltssperre-3457777,https://www.mynewsdesk.com/de/landkreis-barnim/pressreleases/landkreis-barnim-verhaengt-haushaltssperre-3457777,,
DE-FB-0068,primary,LOE26,Landkreis Lörrach,Landkreis Lörrach erlässt Haushaltssperre,2026-06-22,https://www.loerrach-landkreis.de/de/Service-Verwaltung/Fachbereiche/Finanzen/Aktuelles/Aktuell?id=8038&item=article&view=publish,https://www.loerrach-landkreis.de/de/Service-Verwaltung/Fachbereiche/Finanzen/Aktuelles/Aktuell?id=8038&item=article&view=publish,,
DE-FB-0069,primary,FOR26,Landratsamt Forchheim,Landkreis Forchheim erlässt Haushaltssperre,2026-09-21,https://landkreis-forchheim.de/Aufgabenbereiche/Presse-und-%C3%96ffentlichkeitsarbeit/Pressemitteilungen/PM2026_220.php?FID=3925.34790.1&ModID=7&NavID=3925.77&object=tx%2C3925.5.1,https://landkreis-forchheim.de/Aufgabenbereiche/Presse-und-%C3%96ffentlichkeitsarbeit/Pressemitteilungen/PM2026_220.php?FID=3925.34790.1&ModID=7&NavID=3925.77&object=tx%2C3925.5.1,,
DE-FB-0070,primary,BRH-LIB26,Magistrat der Stadt Bremerhaven,Stadtbibliothek ab dem 7. April dienstags geschlossen,2026-03-23,https://www.bremerhaven.de/de/aktuelles/stadtbibliothek-ab-dem-7-april-dienstags-geschlossen.176032.html,https://www.bremerhaven.de/de/aktuelles/stadtbibliothek-ab-dem-7-april-dienstags-geschlossen.176032.html,,
DE-FB-0070,secondary,BRH-LIB-RB,Radio Bremen,Fehlender Haushalt: Bremerhavener Stadtbibliothek bleibt dienstags zu,2026-03-26,https://www.butenunbinnen.de/nachrichten/bremerhaven-stadtbibliothek-haushalt-geschlossen-100.html,https://www.butenunbinnen.de/nachrichten/bremerhaven-stadtbibliothek-haushalt-geschlossen-100.html,,
DE-FB-0071,primary,AUG26,Stadt Augsburg,Haushaltssperre 2026,2026-09-29,https://www.augsburg.de/buergerservice-rathaus/rathaus/finanzen/haushaltssperre-2026,https://www.augsburg.de/buergerservice-rathaus/rathaus/finanzen/haushaltssperre-2026,,
DE-FB-0072,primary,MG26,Stadt Mönchengladbach,Stadtkämmerer verfügt Haushaltssperre zur Stabilisierung der Finanzlage,2026-07-02,https://www.moenchengladbach.de/aktuell-aktiv/newsroom/stadtkaemmerer-verfuegt-haushaltssperre-zur-stabilisierung-der-finanzlage,https://www.moenchengladbach.de/aktuell-aktiv/newsroom/stadtkaemmerer-verfuegt-haushaltssperre-zur-stabilisierung-der-finanzlage,,
DE-FB-0073,primary,MG26,Stadt Mönchengladbach,Stadtkämmerer verfügt Haushaltssperre zur Stabilisierung der Finanzlage,2026-07-02,https://www.moenchengladbach.de/aktuell-aktiv/newsroom/stadtkaemmerer-verfuegt-haushaltssperre-zur-stabilisierung-der-finanzlage,https://www.moenchengladbach.de/aktuell-aktiv/newsroom/stadtkaemmerer-verfuegt-haushaltssperre-zur-stabilisierung-der-finanzlage,,
DE-FB-0074,primary,LEI-SUP25,Landesdirektion Sachsen,Landesdirektion Sachsen genehmigt Haushalt 2025/2026 der Stadt Leipzig,2025-09-22,https://www.medienservice.sachsen.de/medien/news/1090751,https://www.medienservice.sachsen.de/medien/news/1090751,,
DE-FB-0074,secondary,LEI-DATA26,Stadt Leipzig / Open Data Portal,Doppelhaushalt 2025/26 – Unterlagen und Datensätze auf einen Blick,,https://www.opendata.leipzig.de/dataset/doppelhaushalt-2025-26-alle-unterlagen-und-datensatze-auf-einen-blick,https://www.opendata.leipzig.de/dataset/doppelhaushalt-2025-26-alle-unterlagen-und-datensatze-auf-einen-blick,,
DE-FB-0075,primary,ZW-APP25,Stadt Zwickau,„Haushaltslose“ Zeit endet Ende kommender Woche,2025-04-16,https://www.zwickau.de/de/aktuelles/pressemitteilungen/2025/04/154.php?print=1,https://www.zwickau.de/de/aktuelles/pressemitteilungen/2025/04/154.php?print=1,,
DE-FB-0076,primary,ZW-HSK26,Stadt Zwickau,Haushaltsstrukturkonzept steht zur Beschlussfassung an,2026-04-24,https://www.zwickau.de/media/downloads/image/01_buerger/amtsblatt/2026/2026_08.pdf,https://www.zwickau.de/media/downloads/image/01_buerger/amtsblatt/2026/2026_08.pdf,,S.1
DE-FB-0076,secondary,ZW-HSK-NEWS,Antenne Sachsen,"Schlagabtausch, Appell und dann war das Sparpaket beschlossen",2026-05-01,https://www.antennesachsen.de/beitrag/schlagabtausch-appell-und-dann-war-das-sparpaket-beschlossen-890130/,https://www.antennesachsen.de/beitrag/schlagabtausch-appell-und-dann-war-das-sparpaket-beschlossen-890130/,,
DE-FB-0077,primary,DUI-HSK26,Stadt Duisburg,Einbringung des Doppelhaushalts 2027/2028 und des Haushaltssicherungskonzepts bis 2037,2026-09-29,https://www.duisburg.de/pressemitteilungen/pm/2026/september/einbringung-des-doppelhaushalts-2027-2028-und-des-haushaltssicherungskonzepts-bis-2037,https://www.duisburg.de/pressemitteilungen/pm/2026/september/einbringung-des-doppelhaushalts-2027-2028-und-des-haushaltssicherungskonzepts-bis-2037,,
DE-FB-0077,secondary,DUI-HSK-PAGE,Stadt Duisburg,Haushaltssicherungskonzept der Stadt Duisburg 2027,,https://duisburg.de/allgemein/fachbereiche/i-20-stadtkaemmerei/Haushaltssicherungskonzept-2027,https://duisburg.de/allgemein/fachbereiche/i-20-stadtkaemmerei/Haushaltssicherungskonzept-2027,,
DE-FB-0078,primary,DUI-HSK26,Stadt Duisburg,Einbringung des Doppelhaushalts 2027/2028 und des Haushaltssicherungskonzepts bis 2037,2026-09-29,https://www.duisburg.de/pressemitteilungen/pm/2026/september/einbringung-des-doppelhaushalts-2027-2028-und-des-haushaltssicherungskonzepts-bis-2037,https://www.duisburg.de/pressemitteilungen/pm/2026/september/einbringung-des-doppelhaushalts-2027-2028-und-des-haushaltssicherungskonzepts-bis-2037,,
DE-FB-0079,primary,KR-BF26,Stadt Krefeld,Kämmerer verhängt Haushaltssperre,,https://www.krefeld.de/kaemmerer-verhaengt-haushaltssperre,https://www.krefeld.de/kaemmerer-verhaengt-haushaltssperre,,
DE-FB-0079,secondary,KR-WDR26,Westdeutscher Rundfunk,Haushaltssperren: Harter Sparkurs in vielen NRW-Kommunen,2026-09-09,https://www1.wdr.de/nrw/haushalt-staedte-kreise-nrw-haushalt-sparen-finanznot-102.html,https://www1.wdr.de/nrw/haushalt-staedte-kreise-nrw-haushalt-sparen-finanznot-102.html,,
DE-FB-0080,primary,KR-STATE26,Welle Niederrhein,Bezirksregierung gibt Krefelder Haushalt frei,2026-09-02,https://www.welleniederrhein.de/artikel/bezirksregierung-gibt-krefelder-haushalt-frei-2744114,https://www.welleniederrhein.de/artikel/bezirksregierung-gibt-krefelder-haushalt-frei-2744114,,
DE-FB-0080,secondary,KR-WDR26,Westdeutscher Rundfunk,Haushaltssperren: Harter Sparkurs in vielen NRW-Kommunen,2026-09-09,https://www1.wdr.de/nrw/haushalt-staedte-kreise-nrw-haushalt-sparen-finanznot-102.html,https://www1.wdr.de/nrw/haushalt-staedte-kreise-nrw-haushalt-sparen-finanznot-102.html,,
DE-FB-0081,primary,VIE26,Stadt Viersen,Informationen zur Haushaltssperre,,https://www.viersen.de/rathaus-politik/publikationen/haushalt/informationen-zur-haushaltssperre,https://www.viersen.de/rathaus-politik/publikationen/haushalt/informationen-zur-haushaltssperre,,
DE-FB-0082,primary,DVB-BUS25,Dresdner Verkehrsbetriebe AG,Änderungen im Liniennetz ab dem 2. Juni 2025,2025-05-28,https://www.dvb.de/-/media/files/aktuelles/linienaenderungen_ab-020625.pdf,https://www.dvb.de/-/media/files/aktuelles/linienaenderungen_ab-020625.pdf,,S.1
DE-FB-0083,primary,HAL-BAD26,Stadt Hallenberg,Naturbad Hallenberg bleibt 2026 geschlossen,2026-04-23,https://www.stadt-hallenberg.de/buergerservice/veroeffentlichungen/pressemeldungen/presseartikel/default-1dbeff87eaff78acf01c5ae4fd13878e,https://www.stadt-hallenberg.de/buergerservice/veroeffentlichungen/pressemeldungen/presseartikel/default-1dbeff87eaff78acf01c5ae4fd13878e,,
DE-FB-0083,secondary,HAL-BAD-OCT,Stadt Hallenberg,"Bürgerversammlung zum Freibad: Förderung als Chance, Finanzierung als Aufgabe",2026-10-02,https://www.stadt-hallenberg.de/buergerservice/veroeffentlichungen/pressemeldungen/presseartikel/buergerversammlung-zum-freibad-foerderung-als-chance-finanzierung-als-aufgabe,https://www.stadt-hallenberg.de/buergerservice/veroeffentlichungen/pressemeldungen/presseartikel/buergerversammlung-zum-freibad-foerderung-als-chance-finanzierung-als-aufgabe,,
DE-FB-0084,primary,HAL-BAD-OCT,Stadt Hallenberg,"Bürgerversammlung zum Freibad: Förderung als Chance, Finanzierung als Aufgabe",2026-10-02,https://www.stadt-hallenberg.de/buergerservice/veroeffentlichungen/pressemeldungen/presseartikel/buergerversammlung-zum-freibad-foerderung-als-chance-finanzierung-als-aufgabe,https://www.stadt-hallenberg.de/buergerservice/veroeffentlichungen/pressemeldungen/presseartikel/buergerversammlung-zum-freibad-foerderung-als-chance-finanzierung-als-aufgabe,,
DE-FB-0084,secondary,HAL-BAD26,Stadt Hallenberg,Naturbad Hallenberg bleibt 2026 geschlossen,2026-04-23,https://www.stadt-hallenberg.de/buergerservice/veroeffentlichungen/pressemeldungen/presseartikel/default-1dbeff87eaff78acf01c5ae4fd13878e,https://www.stadt-hallenberg.de/buergerservice/veroeffentlichungen/pressemeldungen/presseartikel/default-1dbeff87eaff78acf01c5ae4fd13878e,,
DE-FB-0085,primary,MUC-MVG27,Münchner Verkehrsgesellschaft,MVG-Fahrplan 2027,2026-07-29,https://www.mvg.de/mvg/presse/pressemeldungen/2026-07-29-mvg-fahrplan-2027,https://www.mvg.de/mvg/presse/pressemeldungen/2026-07-29-mvg-fahrplan-2027,,
DE-FB-0086,primary,MUC-MVG27,Münchner Verkehrsgesellschaft,MVG-Fahrplan 2027,2026-07-29,https://www.mvg.de/mvg/presse/pressemeldungen/2026-07-29-mvg-fahrplan-2027,https://www.mvg.de/mvg/presse/pressemeldungen/2026-07-29-mvg-fahrplan-2027,,
DE-FB-0087,primary,MUC-MVG27,Münchner Verkehrsgesellschaft,MVG-Fahrplan 2027,2026-07-29,https://www.mvg.de/mvg/presse/pressemeldungen/2026-07-29-mvg-fahrplan-2027,https://www.mvg.de/mvg/presse/pressemeldungen/2026-07-29-mvg-fahrplan-2027,,
DE-FB-0088,primary,ER-ADOPT,Stadt Erlangen / Ratsinformationssystem,613/389/2026/1 Maßnahmen zur Kosteneinsparung im ÖPNV,2026-07-30,https://ratsinfo.erlangen.de/vo0050.asp?__kvonr=2141850,https://ratsinfo.erlangen.de/vo0050.asp?__kvonr=2141850,,
DE-FB-0088,secondary,ER-CITY-REPORT,"Stadt Erlangen (RathausReport), reproduced by Der neue Wiesentbote",RathausReport der Stadt Erlangen vom 31. Juli 2026,2026-07-31,https://www.wiesentbote.de/2026/07/31/rathausreport-der-stadt-erlangen-vom-31-juli-2026/,https://www.wiesentbote.de/2026/07/31/rathausreport-der-stadt-erlangen-vom-31-juli-2026/,,
DE-FB-0089,primary,ER-ADOPT,Stadt Erlangen / Ratsinformationssystem,613/389/2026/1 Maßnahmen zur Kosteneinsparung im ÖPNV,2026-07-30,https://ratsinfo.erlangen.de/vo0050.asp?__kvonr=2141850,https://ratsinfo.erlangen.de/vo0050.asp?__kvonr=2141850,,
DE-FB-0089,secondary,ER-CITY-REPORT,"Stadt Erlangen (RathausReport), reproduced by Der neue Wiesentbote",RathausReport der Stadt Erlangen vom 31. Juli 2026,2026-07-31,https://www.wiesentbote.de/2026/07/31/rathausreport-der-stadt-erlangen-vom-31-juli-2026/,https://www.wiesentbote.de/2026/07/31/rathausreport-der-stadt-erlangen-vom-31-juli-2026/,,
DE-FB-0090,primary,ER-ADOPT,Stadt Erlangen / Ratsinformationssystem,613/389/2026/1 Maßnahmen zur Kosteneinsparung im ÖPNV,2026-07-30,https://ratsinfo.erlangen.de/vo0050.asp?__kvonr=2141850,https://ratsinfo.erlangen.de/vo0050.asp?__kvonr=2141850,,
DE-FB-0090,secondary,ER-CITY-REPORT,"Stadt Erlangen (RathausReport), reproduced by Der neue Wiesentbote",RathausReport der Stadt Erlangen vom 31. Juli 2026,2026-07-31,https://www.wiesentbote.de/2026/07/31/rathausreport-der-stadt-erlangen-vom-31-juli-2026/,https://www.wiesentbote.de/2026/07/31/rathausreport-der-stadt-erlangen-vom-31-juli-2026/,,
DE-FB-0091,primary,ER-FREEFARE,Stadt Erlangen,Kostenloser Innenstadtbereich wird Ende 2026 eingestellt,2026-07-01,https://erlangen.de/aktuelles/kostenloser-innenstadtbereich-wird-ende-2026-eingestellt,https://erlangen.de/aktuelles/kostenloser-innenstadtbereich-wird-ende-2026-eingestellt,,
DE-FB-0092,primary,ER-CITY-CONT,Stadt Erlangen / Ratsinformationssystem,Weiterbetrieb der CityLinie im Jahr 2027 (613/390/2026),2026-07-14,https://ratsinfo.erlangen.de/vo0050.asp?__kvonr=2141800,https://ratsinfo.erlangen.de/vo0050.asp?__kvonr=2141800,,
DE-FB-0092,secondary,ER-CITY-REPORT,"Stadt Erlangen (RathausReport), reproduced by Der neue Wiesentbote",RathausReport der Stadt Erlangen vom 31. Juli 2026,2026-07-31,https://www.wiesentbote.de/2026/07/31/rathausreport-der-stadt-erlangen-vom-31-juli-2026/,https://www.wiesentbote.de/2026/07/31/rathausreport-der-stadt-erlangen-vom-31-juli-2026/,,
DE-FB-0093,primary,HALLE-BUD26,Stadt Halle (Saale),Haushaltspläne – Chronologie Haushalt 2026,2026-07-03,https://halle.de/verwaltung-stadtrat/stadtpolitik-und-ortsrecht/haushalt/haushaltsplaene,https://halle.de/verwaltung-stadtrat/stadtpolitik-und-ortsrecht/haushalt/haushaltsplaene,,
DE-FB-0094,primary,HALLE-BUD26,Stadt Halle (Saale),Haushaltspläne – Chronologie Haushalt 2026,2026-07-03,https://halle.de/verwaltung-stadtrat/stadtpolitik-und-ortsrecht/haushalt/haushaltsplaene,https://halle.de/verwaltung-stadtrat/stadtpolitik-und-ortsrecht/haushalt/haushaltsplaene,,
DE-FB-0095,primary,ER-TAX,Stadt Erlangen / Ratsinformationssystem,30/142/2026 Neuerlass der Zweitwohnungsteuersatzung,2026-07-30,https://ratsinfo.erlangen.de/vo0050.asp?__kvonr=2141720,https://ratsinfo.erlangen.de/vo0050.asp?__kvonr=2141720,,
DE-FB-0095,secondary,ER-CITY-REPORT,"Stadt Erlangen (RathausReport), reproduced by Der neue Wiesentbote",RathausReport der Stadt Erlangen vom 31. Juli 2026,2026-07-31,https://www.wiesentbote.de/2026/07/31/rathausreport-der-stadt-erlangen-vom-31-juli-2026/,https://www.wiesentbote.de/2026/07/31/rathausreport-der-stadt-erlangen-vom-31-juli-2026/,,
DE-FB-0096,primary,HAL-BAD26,Stadt Hallenberg,Naturbad Hallenberg bleibt 2026 geschlossen,2026-04-23,https://www.stadt-hallenberg.de/buergerservice/veroeffentlichungen/pressemeldungen/presseartikel/default-1dbeff87eaff78acf01c5ae4fd13878e,https://www.stadt-hallenberg.de/buergerservice/veroeffentlichungen/pressemeldungen/presseartikel/default-1dbeff87eaff78acf01c5ae4fd13878e,,
DE-FB-0096,secondary,HAL-HALLEN,Stadt Hallenberg,Hallenbad Hallenberg – Öffnungszeiten,,https://www.stadt-hallenberg.de/freizeit-kultur/freizeit-sport/hallenbad,https://www.stadt-hallenberg.de/freizeit-kultur/freizeit-sport/hallenbad,,
DE-FB-0097,primary,MUE-2026-FREEZE,Stadt Münster,Stadt Münster verhängt Haushaltssperre,2026-09-08,https://www.stadt-muenster.de/aktuelles/newsdetail/stadt-muenster-verhaengt-haushaltssperre,https://www.stadt-muenster.de/aktuelles/newsdetail/stadt-muenster-verhaengt-haushaltssperre,,
DE-FB-0098,primary,MUE-2026-STAFF,Stadt Münster,Haushaltskrise: Stadt spart beim Personal,2026-09-25,https://www.stadt-muenster.de/aktuelles/newsdetail/haushaltskrise-stadt-spart-beim-personal,https://www.stadt-muenster.de/aktuelles/newsdetail/haushaltskrise-stadt-spart-beim-personal,,
DE-FB-0099,primary,MUE-2026-GRANTS,Stadt Münster,Trotz Haushaltssperre: Zuwendungen für Träger gesichert,2026-09-29,https://www.stadt-muenster.de/aktuelles/newsdetail/trotz-haushaltssperre-zuwendungen-fuer-traeger-gesichert,https://www.stadt-muenster.de/aktuelles/newsdetail/trotz-haushaltssperre-zuwendungen-fuer-traeger-gesichert,,
DE-FB-0100,primary,MUE-2026-POOLS,Stadt Münster,Hallenbäder Wolbeck und Roxel öffnen wieder für den öffentlichen Badebetrieb,2026-09-16,https://www.stadt-muenster.de/aktuelles/newsdetail/hallenbaeder-wolbeck-und-roxel-oeffnen-fuer-oeffentlichen-badebetrieb,https://www.stadt-muenster.de/aktuelles/newsdetail/hallenbaeder-wolbeck-und-roxel-oeffnen-fuer-oeffentlichen-badebetrieb,,
DE-FB-0101,primary,MUE-2026-POOLS,Stadt Münster,Hallenbäder Wolbeck und Roxel öffnen wieder für den öffentlichen Badebetrieb,2026-09-16,https://www.stadt-muenster.de/aktuelles/newsdetail/hallenbaeder-wolbeck-und-roxel-oeffnen-fuer-oeffentlichen-badebetrieb,https://www.stadt-muenster.de/aktuelles/newsdetail/hallenbaeder-wolbeck-und-roxel-oeffnen-fuer-oeffentlichen-badebetrieb,,
DE-FB-0102,primary,MUE-2026-APPROVED,Stadt Münster,Bezirksregierung genehmigt Doppelhaushalt 2026/27,2026-06-09,https://www.stadt-muenster.de/aktuelles/newsdetail/bezirksregierung-genehmigt-doppelhaushalt-2026-27,https://www.stadt-muenster.de/aktuelles/newsdetail/bezirksregierung-genehmigt-doppelhaushalt-2026-27,,
DE-FB-0103,primary,DES-2026-MAY,Stadt Dessau-Roßlau,Haushalt tritt Ende Mai in Kraft,,https://verwaltung.dessau-rosslau.de/stadt-buerger/neuigkeiten/detailseite/article/haushalt-tritt-ende-mai-in-kraft.html,https://verwaltung.dessau-rosslau.de/stadt-buerger/neuigkeiten/detailseite/article/haushalt-tritt-ende-mai-in-kraft.html,,
DE-FB-0104,primary,DES-2026-MAY,Stadt Dessau-Roßlau,Haushalt tritt Ende Mai in Kraft,,https://verwaltung.dessau-rosslau.de/stadt-buerger/neuigkeiten/detailseite/article/haushalt-tritt-ende-mai-in-kraft.html,https://verwaltung.dessau-rosslau.de/stadt-buerger/neuigkeiten/detailseite/article/haushalt-tritt-ende-mai-in-kraft.html,,
DE-FB-0105,primary,DES-2026-SEP,Stadt Dessau-Roßlau,Verschärfte Haushaltssperre für 2026,2026-09-25,https://verwaltung.dessau-rosslau.de/stadt-buerger/neuigkeiten/detailseite/article/verschaerfte-haushaltssperre-fuer-2026.html,https://verwaltung.dessau-rosslau.de/stadt-buerger/neuigkeiten/detailseite/article/verschaerfte-haushaltssperre-fuer-2026.html,,
DE-FB-0106,primary,DES-2026-SEP,Stadt Dessau-Roßlau,Verschärfte Haushaltssperre für 2026,2026-09-25,https://verwaltung.dessau-rosslau.de/stadt-buerger/neuigkeiten/detailseite/article/verschaerfte-haushaltssperre-fuer-2026.html,https://verwaltung.dessau-rosslau.de/stadt-buerger/neuigkeiten/detailseite/article/verschaerfte-haushaltssperre-fuer-2026.html,,
DE-FB-0107,primary,DES-2026-SEP,Stadt Dessau-Roßlau,Verschärfte Haushaltssperre für 2026,2026-09-25,https://verwaltung.dessau-rosslau.de/stadt-buerger/neuigkeiten/detailseite/article/verschaerfte-haushaltssperre-fuer-2026.html,https://verwaltung.dessau-rosslau.de/stadt-buerger/neuigkeiten/detailseite/article/verschaerfte-haushaltssperre-fuer-2026.html,,
DE-FB-0108,primary,FLE-2026-BUDGET,Stadt Flensburg,Finanzwirtschaft / Haushalt 2026: aufsichtliche Genehmigung,,https://www.flensburg.de/Politik-Verwaltung/Stadtverwaltung/Finanzen/Finanzwirtschaft/,https://www.flensburg.de/Politik-Verwaltung/Stadtverwaltung/Finanzen/Finanzwirtschaft/,,
DE-FB-0109,primary,FLE-2026-BUDGET,Stadt Flensburg,Finanzwirtschaft / Haushalt 2026: aufsichtliche Genehmigung,,https://www.flensburg.de/Politik-Verwaltung/Stadtverwaltung/Finanzen/Finanzwirtschaft/,https://www.flensburg.de/Politik-Verwaltung/Stadtverwaltung/Finanzen/Finanzwirtschaft/,,
DE-FB-0110,primary,KWH-2026-LIMIT,Stadt Königs Wusterhausen,Aktionstag KOMMUNEN AM LIMIT,,https://www.koenigs-wusterhausen.de/aktionstag-kommunen-am-limit-c06a920f326921c4,https://www.koenigs-wusterhausen.de/aktionstag-kommunen-am-limit-c06a920f326921c4,,
DE-FB-0111,primary,KWH-2026-LIMIT,Stadt Königs Wusterhausen,Aktionstag KOMMUNEN AM LIMIT,,https://www.koenigs-wusterhausen.de/aktionstag-kommunen-am-limit-c06a920f326921c4,https://www.koenigs-wusterhausen.de/aktionstag-kommunen-am-limit-c06a920f326921c4,,
DE-FB-0112,primary,KWH-2026-LIMIT,Stadt Königs Wusterhausen,Aktionstag KOMMUNEN AM LIMIT,,https://www.koenigs-wusterhausen.de/aktionstag-kommunen-am-limit-c06a920f326921c4,https://www.koenigs-wusterhausen.de/aktionstag-kommunen-am-limit-c06a920f326921c4,,
DE-FB-0113,primary,KWH-2026-LIMIT,Stadt Königs Wusterhausen,Aktionstag KOMMUNEN AM LIMIT,,https://www.koenigs-wusterhausen.de/aktionstag-kommunen-am-limit-c06a920f326921c4,https://www.koenigs-wusterhausen.de/aktionstag-kommunen-am-limit-c06a920f326921c4,,
DE-FB-0114,primary,KWH-2026-LIMIT,Stadt Königs Wusterhausen,Aktionstag KOMMUNEN AM LIMIT,,https://www.koenigs-wusterhausen.de/aktionstag-kommunen-am-limit-c06a920f326921c4,https://www.koenigs-wusterhausen.de/aktionstag-kommunen-am-limit-c06a920f326921c4,,
DE-FB-0115,primary,ING-2026-TRANSIT,VGI Verkehrsverbund Großraum Ingolstadt,Fahrplanwechsel Stadtbus Ingolstadt - März 26,,https://www.vgi.de/fahrplanwechsel-maerz-2026-stadtbus-ingolstadt,https://www.vgi.de/fahrplanwechsel-maerz-2026-stadtbus-ingolstadt,,
DE-FB-0116,primary,ING-2026-TRANSIT,VGI Verkehrsverbund Großraum Ingolstadt,Fahrplanwechsel Stadtbus Ingolstadt - März 26,,https://www.vgi.de/fahrplanwechsel-maerz-2026-stadtbus-ingolstadt,https://www.vgi.de/fahrplanwechsel-maerz-2026-stadtbus-ingolstadt,,
DE-FB-0117,primary,ING-2026-TRANSIT,VGI Verkehrsverbund Großraum Ingolstadt,Fahrplanwechsel Stadtbus Ingolstadt - März 26,,https://www.vgi.de/fahrplanwechsel-maerz-2026-stadtbus-ingolstadt,https://www.vgi.de/fahrplanwechsel-maerz-2026-stadtbus-ingolstadt,,
DE-FB-0118,primary,ING-2026-TRANSIT,VGI Verkehrsverbund Großraum Ingolstadt,Fahrplanwechsel Stadtbus Ingolstadt - März 26,,https://www.vgi.de/fahrplanwechsel-maerz-2026-stadtbus-ingolstadt,https://www.vgi.de/fahrplanwechsel-maerz-2026-stadtbus-ingolstadt,,
DE-FB-0119,primary,ING-2026-TRANSIT,VGI Verkehrsverbund Großraum Ingolstadt,Fahrplanwechsel Stadtbus Ingolstadt - März 26,,https://www.vgi.de/fahrplanwechsel-maerz-2026-stadtbus-ingolstadt,https://www.vgi.de/fahrplanwechsel-maerz-2026-stadtbus-ingolstadt,,
DE-FB-0120,primary,BER-2025-YOUTH,Bezirksamt Treptow-Köpenick Berlin,Keine Schließungen von Jugendfreizeiteinrichtungen,2025-10-20,https://www.berlin.de/ba-treptow-koepenick/aktuelles/pressemitteilungen/2025/pressemitteilung.1608354.php,https://www.berlin.de/ba-treptow-koepenick/aktuelles/pressemitteilungen/2025/pressemitteilung.1608354.php,,
DE-FB-0121,primary,KAR26-POOL-DECN,Stadt Karlsruhe,Vorerst Weiterbetrieb für das Rappele: Gemeinderat beschließt eingeschränktes Betriebsmodell,2026-04-29,https://www.karlsruhe.de/stadt-rathaus/aktuelles/meldungen/gemeinderat-stimmt-betriebskonzept-fuer-rappele-zu,https://www.karlsruhe.de/stadt-rathaus/aktuelles/meldungen/gemeinderat-stimmt-betriebskonzept-fuer-rappele-zu,,
DE-FB-0122,primary,KAR26-POOL-OPS,Bäderbetriebe Karlsruhe,Rheinstrandbad Rappenwört 2026: Öffnungszeiten und geschlossene Teilbereiche,,https://www.ka-baeder.de/die-karlsruher-baeder/rheinstrandbad-rappenwoert,https://www.ka-baeder.de/die-karlsruher-baeder/rheinstrandbad-rappenwoert,,
DE-FB-0122,secondary,KAR26-POOL-DECN,Stadt Karlsruhe,Vorerst Weiterbetrieb für das Rappele: Gemeinderat beschließt eingeschränktes Betriebsmodell,2026-04-29,https://www.karlsruhe.de/stadt-rathaus/aktuelles/meldungen/gemeinderat-stimmt-betriebskonzept-fuer-rappele-zu,https://www.karlsruhe.de/stadt-rathaus/aktuelles/meldungen/gemeinderat-stimmt-betriebskonzept-fuer-rappele-zu,,
DE-FB-0123,primary,KAR26-POOL-OPS,Bäderbetriebe Karlsruhe,Rheinstrandbad Rappenwört 2026: Öffnungszeiten und geschlossene Teilbereiche,,https://www.ka-baeder.de/die-karlsruher-baeder/rheinstrandbad-rappenwoert,https://www.ka-baeder.de/die-karlsruher-baeder/rheinstrandbad-rappenwoert,,
DE-FB-0123,secondary,KAR26-POOL-DECN,Stadt Karlsruhe,Vorerst Weiterbetrieb für das Rappele: Gemeinderat beschließt eingeschränktes Betriebsmodell,2026-04-29,https://www.karlsruhe.de/stadt-rathaus/aktuelles/meldungen/gemeinderat-stimmt-betriebskonzept-fuer-rappele-zu,https://www.karlsruhe.de/stadt-rathaus/aktuelles/meldungen/gemeinderat-stimmt-betriebskonzept-fuer-rappele-zu,,
DE-FB-0124,primary,NEU26-FREEZE,Stadt Neuhaus am Rennweg,Erneute Haushaltswirtschaftliche Sperre 2026 und Pflicht zum Haushaltssicherungskonzept,2026-09-08,https://www.neuhaus-am-rennweg.de/news/1/1283392,https://www.neuhaus-am-rennweg.de/news/1/1283392,,
DE-FB-0124,secondary,NEU26-GAZETTE,Stadt Neuhaus am Rennweg / Amtsblatt Nr.09/2026,Erneute Anordnung einer Haushaltswirtschaftlichen Sperre gemäß §28 ThürGemHV,2026-09,https://ol.wittich.de/titel/1723/ausgabe/9/2026/artikel/00000000000054779772-OL-1723-2026-38-9-0,https://ol.wittich.de/titel/1723/ausgabe/9/2026/artikel/00000000000054779772-OL-1723-2026-38-9-0,,
DE-FB-0125,primary,NEU26-FREEZE,Stadt Neuhaus am Rennweg,Erneute Haushaltswirtschaftliche Sperre 2026 und Pflicht zum Haushaltssicherungskonzept,2026-09-08,https://www.neuhaus-am-rennweg.de/news/1/1283392,https://www.neuhaus-am-rennweg.de/news/1/1283392,,
DE-FB-0126,primary,NEU26-FREEZE,Stadt Neuhaus am Rennweg,Erneute Haushaltswirtschaftliche Sperre 2026 und Pflicht zum Haushaltssicherungskonzept,2026-09-08,https://www.neuhaus-am-rennweg.de/news/1/1283392,https://www.neuhaus-am-rennweg.de/news/1/1283392,,
DE-FB-0126,secondary,NEU26-GAZETTE,Stadt Neuhaus am Rennweg / Amtsblatt Nr.09/2026,Erneute Anordnung einer Haushaltswirtschaftlichen Sperre gemäß §28 ThürGemHV,2026-09,https://ol.wittich.de/titel/1723/ausgabe/9/2026/artikel/00000000000054779772-OL-1723-2026-38-9-0,https://ol.wittich.de/titel/1723/ausgabe/9/2026/artikel/00000000000054779772-OL-1723-2026-38-9-0,,
DE-FB-0127,primary,NEU26-GAZETTE,Stadt Neuhaus am Rennweg / Amtsblatt Nr.09/2026,Erneute Anordnung einer Haushaltswirtschaftlichen Sperre gemäß §28 ThürGemHV,2026-09,https://ol.wittich.de/titel/1723/ausgabe/9/2026/artikel/00000000000054779772-OL-1723-2026-38-9-0,https://ol.wittich.de/titel/1723/ausgabe/9/2026/artikel/00000000000054779772-OL-1723-2026-38-9-0,投资冻结表HH-Stelle 7920.9400,
DE-FB-0128,primary,NEU26-GAZETTE,Stadt Neuhaus am Rennweg / Amtsblatt Nr.09/2026,Erneute Anordnung einer Haushaltswirtschaftlichen Sperre gemäß §28 ThürGemHV,2026-09,https://ol.wittich.de/titel/1723/ausgabe/9/2026/artikel/00000000000054779772-OL-1723-2026-38-9-0,https://ol.wittich.de/titel/1723/ausgabe/9/2026/artikel/00000000000054779772-OL-1723-2026-38-9-0,投资冻结表HH-Stelle 8890.9400,
DE-FB-0129,primary,NEU26-FREEZE,Stadt Neuhaus am Rennweg,Erneute Haushaltswirtschaftliche Sperre 2026 und Pflicht zum Haushaltssicherungskonzept,2026-09-08,https://www.neuhaus-am-rennweg.de/news/1/1283392,https://www.neuhaus-am-rennweg.de/news/1/1283392,,
DE-FB-0130,primary,NEU26-FREEZE,Stadt Neuhaus am Rennweg,Erneute Haushaltswirtschaftliche Sperre 2026 und Pflicht zum Haushaltssicherungskonzept,2026-09-08,https://www.neuhaus-am-rennweg.de/news/1/1283392,https://www.neuhaus-am-rennweg.de/news/1/1283392,,
DE-FB-0131,primary,BAD26-OPERATOR,Förderverein Freibad Bad Iburg e. V.,"Bürgerbad Wiedereröffnung 15. Mai 2026, Öffnungszeiten und Betriebsnachrichten",2026-06-01,https://www.freibadiburg.de/,https://www.freibadiburg.de/,,
DE-FB-0131,secondary,BAD26-NDR-REOPEN,Norddeutscher Rundfunk,Nach 30000 Arbeitsstunden: Bad Iburger eröffnen ihr Freibad,2026-05-15,https://www.ndr.de/nachrichten/niedersachsen/osnabrueck_emsland/buerger-retten-freibad-in-bad-iburg-gemeinschaftsprojekt%2Cbuergerbad-bad-iburg-100.html,https://www.ndr.de/nachrichten/niedersachsen/osnabrueck_emsland/buerger-retten-freibad-in-bad-iburg-gemeinschaftsprojekt%2Cbuergerbad-bad-iburg-100.html,,
DE-FB-0132,primary,BAD26-OPERATOR,Förderverein Freibad Bad Iburg e. V.,"Bürgerbad Wiedereröffnung 15. Mai 2026, Öffnungszeiten und Betriebsnachrichten",2026-06-01,https://www.freibadiburg.de/,https://www.freibadiburg.de/,,
DE-FB-0132,secondary,BAD26-NDR-VISIT,Norddeutscher Rundfunk,Bad Iburg Besucherrekord im neu eröffneten Bürgerbad,2026-07-20,https://www.ndr.de/nachrichten/niedersachsen/osnabrueck_emsland/bad-iburg-besucherrekord-in-neu-eroeffnetem-buergerbad%2Caktuellosnabrueck-2344.html,https://www.ndr.de/nachrichten/niedersachsen/osnabrueck_emsland/bad-iburg-besucherrekord-in-neu-eroeffnetem-buergerbad%2Caktuellosnabrueck-2344.html,,
DE-FB-0133,primary,HAN26-SWIM,Landeshauptstadt Hannover,Freibadsaison beginnt: 2026 keine Einschränkungen wie 2025,2026-05,https://www.hannover.de/Service/Presse-Medien/Landeshauptstadt-Hannover/Aktuelle-Meldungen-und-Veranstaltungen/Freibadsaison-beginnt,https://www.hannover.de/Service/Presse-Medien/Landeshauptstadt-Hannover/Aktuelle-Meldungen-und-Veranstaltungen/Freibadsaison-beginnt,,
DE-FB-0134,primary,HAN26-SWIM,Landeshauptstadt Hannover,Freibadsaison beginnt: 2026 keine Einschränkungen wie 2025,2026-05,https://www.hannover.de/Service/Presse-Medien/Landeshauptstadt-Hannover/Aktuelle-Meldungen-und-Veranstaltungen/Freibadsaison-beginnt,https://www.hannover.de/Service/Presse-Medien/Landeshauptstadt-Hannover/Aktuelle-Meldungen-und-Veranstaltungen/Freibadsaison-beginnt,,
DE-FB-0135,primary,BER26-ZLB,Zentral- und Landesbibliothek Berlin,Information zu den Mittelkürzungen: 2026/27 Haushaltsdruck und Serviceänderungen,,https://www.zlb.de/kuerzungen/,https://www.zlb.de/kuerzungen/,,
DE-FB-0136,primary,BER26-ZLB,Zentral- und Landesbibliothek Berlin,Information zu den Mittelkürzungen: 2026/27 Haushaltsdruck und Serviceänderungen,,https://www.zlb.de/kuerzungen/,https://www.zlb.de/kuerzungen/,,
DE-FB-0137,primary,BER26-ZLB,Zentral- und Landesbibliothek Berlin,Information zu den Mittelkürzungen: 2026/27 Haushaltsdruck und Serviceänderungen,,https://www.zlb.de/kuerzungen/,https://www.zlb.de/kuerzungen/,,
DE-FB-0138,primary,MZ26-SUP,Landeshauptstadt Mainz,ADD genehmigt Haushalt der Stadt Mainz unter Auflagen,2026-04-23,https://www.mainz.de/pressemeldungen/Mainz/2026/april/add-genehmigt-haushalt,https://www.mainz.de/pressemeldungen/Mainz/2026/april/add-genehmigt-haushalt,,
DE-FB-0139,primary,MZ26-SUP,Landeshauptstadt Mainz,ADD genehmigt Haushalt der Stadt Mainz unter Auflagen,2026-04-23,https://www.mainz.de/pressemeldungen/Mainz/2026/april/add-genehmigt-haushalt,https://www.mainz.de/pressemeldungen/Mainz/2026/april/add-genehmigt-haushalt,,
DE-FB-0140,primary,MZ26-SUP,Landeshauptstadt Mainz,ADD genehmigt Haushalt der Stadt Mainz unter Auflagen,2026-04-23,https://www.mainz.de/pressemeldungen/Mainz/2026/april/add-genehmigt-haushalt,https://www.mainz.de/pressemeldungen/Mainz/2026/april/add-genehmigt-haushalt,,
DE-FB-0141,primary,MZ26-DRAFT27,Landeshauptstadt Mainz,Haushalt 2027: Defizit wird trotz Konsolidierungspaket wachsen,2026-09-02,https://www.mainz.de/pressemeldungen/Mainz/2026/september/haushalt-2027-defizit-wird-trotz-konsolidierungspaket-wachsen,https://www.mainz.de/pressemeldungen/Mainz/2026/september/haushalt-2027-defizit-wird-trotz-konsolidierungspaket-wachsen,,
DE-FB-0142,primary,MZ26-POOL,Landeshauptstadt Mainz,Bundesförderung gesichert: über eine Million Euro fürs Lehrschwimmbad,2026-09-29,https://www.mainz.de/pressemeldungen/Mainz/2026/bundesfoerderung-gesichert-ueber-eine-million-euro-fuer-die-sanierung-des-lehrschwimmbads-der-theodor-heuss-schule,https://www.mainz.de/pressemeldungen/Mainz/2026/bundesfoerderung-gesichert-ueber-eine-million-euro-fuer-die-sanierung-des-lehrschwimmbads-der-theodor-heuss-schule,,
DE-FB-0143,primary,DA26-APP,Wissenschaftsstadt Darmstadt,Regierungspräsidium Darmstadt genehmigt Haushalt 2026,2026-03-11,https://www.darmstadt.de/presseportal/pressemitteilungen/einzelansicht/regierungspraesidium-darmstadt-genehmigt-haushalt-2026,https://www.darmstadt.de/presseportal/pressemitteilungen/einzelansicht/regierungspraesidium-darmstadt-genehmigt-haushalt-2026,,
DE-FB-0144,primary,DA26-APP,Wissenschaftsstadt Darmstadt,Regierungspräsidium Darmstadt genehmigt Haushalt 2026,2026-03-11,https://www.darmstadt.de/presseportal/pressemitteilungen/einzelansicht/regierungspraesidium-darmstadt-genehmigt-haushalt-2026,https://www.darmstadt.de/presseportal/pressemitteilungen/einzelansicht/regierungspraesidium-darmstadt-genehmigt-haushalt-2026,,
DE-FB-0145,primary,GI26-FREEZE,Universitätsstadt Gießen,Haushaltssperre und Nachtragshaushalt: Jugendhilfe und Personal belasten Haushalt,2026-09-15,https://www.giessen.de/Rathaus/Newsroom/Aktuelle-Meldungen/Haushaltssperre-und-Nachtragshaushalt-Steigende-Kosten-in-Jugendhilfe-und-Personal-belasten-Haushalt.php?FID=2874.77323.1&ModID=255,https://www.giessen.de/Rathaus/Newsroom/Aktuelle-Meldungen/Haushaltssperre-und-Nachtragshaushalt-Steigende-Kosten-in-Jugendhilfe-und-Personal-belasten-Haushalt.php?FID=2874.77323.1&ModID=255,,
DE-FB-0146,primary,GI26-FREEZE,Universitätsstadt Gießen,Haushaltssperre und Nachtragshaushalt: Jugendhilfe und Personal belasten Haushalt,2026-09-15,https://www.giessen.de/Rathaus/Newsroom/Aktuelle-Meldungen/Haushaltssperre-und-Nachtragshaushalt-Steigende-Kosten-in-Jugendhilfe-und-Personal-belasten-Haushalt.php?FID=2874.77323.1&ModID=255,https://www.giessen.de/Rathaus/Newsroom/Aktuelle-Meldungen/Haushaltssperre-und-Nachtragshaushalt-Steigende-Kosten-in-Jugendhilfe-und-Personal-belasten-Haushalt.php?FID=2874.77323.1&ModID=255,,
DE-FB-0147,primary,OF26-APP,Stadt Offenbach am Main,Regierungspräsidium Darmstadt genehmigt Haushalt 2026 der Stadt Offenbach,2026-06-19,https://www.offenbach.de/buerger_innen/rathaus-politik/haushalt-und-finanzen/meldungen/hh2026-genehmigt19.06.2026.php?loc=de,https://www.offenbach.de/buerger_innen/rathaus-politik/haushalt-und-finanzen/meldungen/hh2026-genehmigt19.06.2026.php?loc=de,,
DE-FB-0148,primary,KO26-APP,Stadt Koblenz,Haushalt der Stadt Koblenz genehmigt,2026-03-11,https://www.koblenz.de/rathaus/verwaltung/pressemeldungen/260311-haushalt-der-stadt-koblenz-genehmigt/,https://www.koblenz.de/rathaus/verwaltung/pressemeldungen/260311-haushalt-der-stadt-koblenz-genehmigt/,,
DE-FB-0149,primary,TR26-APP,Stadt Trier,Stadt Trier: Haushalt 2026 genehmigt,2026-02-06,https://www.trier.de/aktuelles/nachrichten/17996.Stadt-Trier-Haushalt-2026-genehmigt.html,https://www.trier.de/aktuelles/nachrichten/17996.Stadt-Trier-Haushalt-2026-genehmigt.html,,
DE-FB-0150,primary,ME26-BUD,Kreisstadt Merzig,Bekanntmachung der Haushaltssatzung 2026,,https://www.merzig.de/rathaus-buergerservice/pressemeldungen/bekanntmachung-der-haushaltssatzung-2026/,https://www.merzig.de/rathaus-buergerservice/pressemeldungen/bekanntmachung-der-haushaltssatzung-2026/,,
DE-FB-0151,primary,ME26-BUD,Kreisstadt Merzig,Bekanntmachung der Haushaltssatzung 2026,,https://www.merzig.de/rathaus-buergerservice/pressemeldungen/bekanntmachung-der-haushaltssatzung-2026/,https://www.merzig.de/rathaus-buergerservice/pressemeldungen/bekanntmachung-der-haushaltssatzung-2026/,,
DE-FB-0151,secondary,ME25-BUD,Kreisstadt Merzig,Bekanntmachung der Haushaltssatzung 2025,,https://www.merzig.de/rathaus-buergerservice/pressemeldungen/bekanntmachung-der-haushaltssatzung-2025/,https://www.merzig.de/rathaus-buergerservice/pressemeldungen/bekanntmachung-der-haushaltssatzung-2025/,,
DE-FB-0152,primary,ME26-BUD,Kreisstadt Merzig,Bekanntmachung der Haushaltssatzung 2026,,https://www.merzig.de/rathaus-buergerservice/pressemeldungen/bekanntmachung-der-haushaltssatzung-2026/,https://www.merzig.de/rathaus-buergerservice/pressemeldungen/bekanntmachung-der-haushaltssatzung-2026/,,
DE-FB-0152,secondary,ME25-BUD,Kreisstadt Merzig,Bekanntmachung der Haushaltssatzung 2025,,https://www.merzig.de/rathaus-buergerservice/pressemeldungen/bekanntmachung-der-haushaltssatzung-2025/,https://www.merzig.de/rathaus-buergerservice/pressemeldungen/bekanntmachung-der-haushaltssatzung-2025/,,
DE-FB-0153,primary,NB26-BUD,Vier-Tore-Stadt Neubrandenburg,Finanzen: 2026 Haushalt rechtsaufsichtlich genehmigt,2026-07-02,https://www.neubrandenburg.de/Politik-Verwaltung/Finanzen/,https://www.neubrandenburg.de/Politik-Verwaltung/Finanzen/,,
DE-FB-0154,primary,SN25-PRELIM,Landeshauptstadt Schwerin,Stadtspitze enttäuscht über Haushaltbeschlüsse: Vorläufige Haushaltsführung,2025-03-26,https://www.schwerin.de/news/stadtspitze-enttaeuscht-ueber-haushaltsbeschluesse/,https://www.schwerin.de/news/stadtspitze-enttaeuscht-ueber-haushaltsbeschluesse/,,
DE-FB-0155,primary,SN25-COMP,Landeshauptstadt Schwerin,Sondersitzung: Einigung auf genehmigungsfähigen Haushalt 2025 erzielt,2025-05-27,https://www.schwerin.de/news/einigung-auf-genhmigten-haushalt-2025-erzielt/,https://www.schwerin.de/news/einigung-auf-genhmigten-haushalt-2025-erzielt/,,
DE-FB-0156,primary,SN26-INV,Landeshauptstadt Schwerin,Stadtverwaltung legt Investitionsvorschläge Sondervermögen vor,2026-03-11,https://www.schwerin.de/news/verwendungsvorschlaege-fuer-sondervermoegen/,https://www.schwerin.de/news/verwendungsvorschlaege-fuer-sondervermoegen/,,
DE-FB-0157,primary,NEU26-INV,Residenzstadt Neustrelitz,VO(S)/2026/184 Begrenzung investiver Eigenanteile,2026-05-07,https://neustrelitz.sitzung-mv.de/public/to020?SILFDNR=1441&TOLFDNR=12011,https://neustrelitz.sitzung-mv.de/public/to020?SILFDNR=1441&TOLFDNR=12011,,
DE-FB-0158,primary,NEU26-STAFF,Residenzstadt Neustrelitz,VO(S)/2026/183 Personalwirtschaftliche Konsolidierung,2026-05-07,https://neustrelitz.sitzung-mv.de/public/to020?SILFDNR=1441&TOLFDNR=12010,https://neustrelitz.sitzung-mv.de/public/to020?SILFDNR=1441&TOLFDNR=12010,,
DE-FB-0159,primary,NEU26-VOL,Residenzstadt Neustrelitz,VO(S)/2026/185 Begrenzung nicht verpflichtender Ausgaben,2026-05-07,https://neustrelitz.sitzung-mv.de/public/to020?SILFDNR=1441&TOLFDNR=12012,https://neustrelitz.sitzung-mv.de/public/to020?SILFDNR=1441&TOLFDNR=12012,,
DE-FB-0160,primary,NEU26-CULT,Residenzstadt Neustrelitz,VO(S)/2026/186 Prüfung der Organisationsform Kulturquartier,2026-05-07,https://neustrelitz.sitzung-mv.de/public/to020?SILFDNR=1441&TOLFDNR=12013,https://neustrelitz.sitzung-mv.de/public/to020?SILFDNR=1441&TOLFDNR=12013,,
DE-FB-0161,primary,NEU26-EVAL,Residenzstadt Neustrelitz,VO(S)/2026/187 Wirtschaftlichkeitsanalyse für Investitionen,2026-05-07,https://neustrelitz.sitzung-mv.de/public/to020?SILFDNR=1441&TOLFDNR=12014,https://neustrelitz.sitzung-mv.de/public/to020?SILFDNR=1441&TOLFDNR=12014,,
DE-FB-0162,primary,NEU26-MUSIC,Residenzstadt Neustrelitz,VO(S)/2026/180-01 Sicherstellung Fête de la Musique,2026-05-07,https://neustrelitz.sitzung-mv.de/public/to020?SILFDNR=1441&TOLFDNR=11980,https://neustrelitz.sitzung-mv.de/public/to020?SILFDNR=1441&TOLFDNR=11980,,
DE-FB-0163,primary,BEX26-POOL,Stadt Bexbach,Kein Bäderbetrieb 2026 - Hohe Zukunftsinvestitionen geplant,2026-04-28,https://www.bexbach.de/aktuelles/aktuelles/aktuelle-meldungen/details/stadtwerke-bexbach-freibad-hochwiesmuehle,https://www.bexbach.de/aktuelles/aktuelles/aktuelle-meldungen/details/stadtwerke-bexbach-freibad-hochwiesmuehle,,
DE-FB-0164,primary,BEX26-FOLLOW,Stadt Bexbach,Der Bürgermeister informiert – KW40: Freibad Hochwiesmühle,2026-09-30,https://www.bexbach.de/aktuelles/aktuelles/buergermeister-blog/details/der-buergermeister-informiert-kw18-1-1-1-1-1,https://www.bexbach.de/aktuelles/aktuelles/buergermeister-blog/details/der-buergermeister-informiert-kw18-1-1-1-1-1,,
DE-FB-0165,primary,HD26-VHS,Stadt Heidelberg,Stadt Heidelberg gewährt Volkshochschule Sonderzuschuss in Höhe von 96.000 Euro,2026-04-20,https://www.heidelberg.de/HD/Presse/20_04_2026%2Bstadt%2Bheidelberg%2Bgewaehrt%2Bvolkshochschule%2Bsonderzuschuss%2Bin%2Bhoehe%2Bvon%2B96_000%2Beuro.html,https://www.heidelberg.de/HD/Presse/20_04_2026%2Bstadt%2Bheidelberg%2Bgewaehrt%2Bvolkshochschule%2Bsonderzuschuss%2Bin%2Bhoehe%2Bvon%2B96_000%2Beuro.html,,
DE-FB-0166,primary,HD26-VHS,Stadt Heidelberg,Stadt Heidelberg gewährt Volkshochschule Sonderzuschuss in Höhe von 96.000 Euro,2026-04-20,https://www.heidelberg.de/HD/Presse/20_04_2026%2Bstadt%2Bheidelberg%2Bgewaehrt%2Bvolkshochschule%2Bsonderzuschuss%2Bin%2Bhoehe%2Bvon%2B96_000%2Beuro.html,https://www.heidelberg.de/HD/Presse/20_04_2026%2Bstadt%2Bheidelberg%2Bgewaehrt%2Bvolkshochschule%2Bsonderzuschuss%2Bin%2Bhoehe%2Bvon%2B96_000%2Beuro.html,,
DE-FB-0167,primary,HOM25-COUNCIL,Stadt Homberg (Ohm),Beschlussprotokoll Stadtverordnetenversammlung 03.09.2025 - Freibad Eintrittspreise,,https://ol.wittich.de/titel/1079/ausgabe/2/2026/artikel/00000000000051394248-OL-1079-2026-2-2-0,https://ol.wittich.de/titel/1079/ausgabe/2/2026/artikel/00000000000051394248-OL-1079-2026-2-2-0,,
DE-FB-0168,primary,MZ26-NEWLIB,Landeshauptstadt Mainz,Neubau Bibliothek am Gutenbergplatz - Verwaltung legt Realisierungskonzept vor,2026-06-10,https://www.mainz.de/pressemeldungen/Mainz/2026/juni/neubau-der-bibliothek-am-gutenbergplatz-verwaltung-legt-gremien-realisierungskonzept-vor,https://www.mainz.de/pressemeldungen/Mainz/2026/juni/neubau-der-bibliothek-am-gutenbergplatz-verwaltung-legt-gremien-realisierungskonzept-vor,,
DE-FB-0169,primary,KL26-BUD,Stadt Kaiserslautern,Vorbericht Haushaltsplan 2026,,https://www.kaiserslautern.de/mb/themen/finanzen/haushalt/vorbericht_2026.pdf,https://www.kaiserslautern.de/mb/themen/finanzen/haushalt/vorbericht_2026.pdf,,printed p.42 (PDF p.44)
DE-FB-0169,secondary,KL25-TRAFFIC,Stadt Kaiserslautern,Schulz: Bewohnerparken bei Heimspielen wird beibehalten,2025-01-15,https://www.kaiserslautern.de/buerger_rathaus_politik/medienportal/pressemitteilungen/075690/index.html.de,https://www.kaiserslautern.de/buerger_rathaus_politik/medienportal/pressemitteilungen/075690/index.html.de,,
DE-FB-0170,primary,KL25-TRAFFIC,Stadt Kaiserslautern,Schulz: Bewohnerparken bei Heimspielen wird beibehalten,2025-01-15,https://www.kaiserslautern.de/buerger_rathaus_politik/medienportal/pressemitteilungen/075690/index.html.de,https://www.kaiserslautern.de/buerger_rathaus_politik/medienportal/pressemitteilungen/075690/index.html.de,,
