event_id,state,municipality,ags,geo_level,event_type,status,decision_date,effective_date,facility_name,amount_eur,amount_kind,description_zh,primary_source_url,secondary_source_url,primary_source_id,secondary_source_id,last_verified,verification_tier,map_eligible,parent_event_id,source_page,original_label_de,notes,county_key
DE-FB-0001,Thüringen,Jena,16053000,municipality,budget_freeze,effective,2025-12-17,2026-01-01,,21500000,budget_frozen_total_not_actual_saving,市政府针对2026财政年度宣布并具体落实2150万欧元预算执行冻结，涉及日常开支、人员及投资延期。,https://rathaus.jena.de/de/haushaltssperre-2026-stadt-jena-legt-konkrete-massnahmen-fest,,JEN,,2026-10-09,official_primary,yes,,,,金额为冻结预算额度，不是已实现净节省；下列项目金额属于同一总冻结额度，不可重复相加。,
DE-FB-0002,Thüringen,Jena,16053000,municipality,investment_delayed,effective,2025-12-17,2026-01-01,Sportforum Jena,6800000,budget_frozen_component,体育综合设施Sportforum项目的部分支出因2026年财政冻结推迟。,https://rathaus.jena.de/de/haushaltssperre-2026-stadt-jena-legt-konkrete-massnahmen-fest,,JEN,,2026-10-09,official_primary,yes,DE-FB-0001,,,属于2026年2150万欧元财政冻结的投资分项，不得与母项累加。,
DE-FB-0003,Thüringen,Jena,16053000,municipality,investment_delayed,effective,2025-12-17,2026-01-01,"Alte Hautklinik, Bauabschnitt II",3700000,budget_frozen_component,原皮肤病诊所旧址建设项目第二期部分财政安排推迟。,https://rathaus.jena.de/de/haushaltssperre-2026-stadt-jena-legt-konkrete-massnahmen-fest,,JEN,,2026-10-09,official_primary,yes,DE-FB-0001,,,财政冻结分项，不能重复计算节省。,
DE-FB-0004,Bayern,Nürnberg,09564000,municipality,budget_freeze,effective,2026-07-29,2026-07-29,,,,自2026年7月29日实施预算冻结，停止尚未启动的项目；5万欧元是部分事项申请审批的门槛，并非冻结金额。,https://www.nuernberg.de/internet/stadtportal/haushaltssperre.html,,NUE,,2026-10-09,official_primary,yes,,,,超过5万欧元为审批阈值，不能写入amount_eur。,
DE-FB-0006,Brandenburg,Potsdam,12054000,municipality,budget_freeze,effective,2026-10-01,2026-10-01,,,,2026年10月1日起冻结可支付性商品与服务支出及其他常规支出的5%，不涉及全部预算；依法必须支出等可豁免。,https://www.potsdam.de/de/442-landeshauptstadt-potsdam-verhaengt-eine-haushaltssperre-fuer-das-vierte-quartal-2026-zur,,POT,,2026-10-09,official_primary,yes,,,,5%针对预算分类第13与16行，不含502m欧元转移支付；金额未知，留空。,
DE-FB-0007,Brandenburg,Potsdam,12054000,municipality,proposal_withdrawn,withdrawn,2026-03-22,,,,,原拟调高学生交通月票费用并调整学校午餐收费的措施，在2026年3月22日财政磋商达成的修订草案中撤下，保留原收费水平。,https://www.potsdam.de/de/gemeinsame-pressemitteilung-der-landeshauptstadt-potsdam-mit-den-fraktionen-von-spd-cdu-buendnis,,POT3,,2026-10-09,official_primary,yes,,,,这是议会表决前的修订草案撤回提议，非正式投票否决；学生票15欧元、午餐3.90欧元。后续仍需核对3月25日最终会议记录。,
DE-FB-0015,Bremen,Bremerhaven,04012000,municipality,staffing_freeze,effective,,2025-08-26,,,,市政府与州政府2025年财政沟通后，至2025年底不补缺部分空缺岗位。,https://www.bremerhaven.de/de/aktuelles/haushalt-2025-gespraech-zwischen-stadt-bremerhaven-und-land-bremen.168711.html,,BRE3,,2026-10-09,official_primary,yes,,,,该项2025年截止，不能在2026年图上标为持续执行。,
DE-FB-0017,Nordrhein-Westfalen,Dortmund,05913000,municipality,budget_freeze,effective,2026-09-22,2026-10-01,,,,为应对收入不及预期，2026年第四季度实施预算执行冻结；2026年预计预算缺口扩大至2.06亿欧元。,https://www.dortmund.de/newsroom/presse-mitteilungen/stadt-dortmund-verhaengt-haushaltssperre-fuer-das-vierte-quartal.html,https://www.dortmund.de/newsroom/presse-mitteilungen/dortmund-zieht-die-haushaltsbremse-fuer-das-vierte-quartal.html,DOR,DOR2,2026-10-09,official_primary,yes,,,,2.06亿欧元为预计财政缺口，绝非本次冻结额，amount_eur留空。,
DE-FB-0021,Schleswig-Holstein,Kiel,01002000,municipality,budget_freeze_lifted,reversed,,,,,,官方文化艺术顾问会议记录证实，基尔2025年5月实行预算冻结并于2025年10月解除。,https://www.kiel.de/de/kultur_freizeit/stadtgalerie/_dokumente_kunstbeirat/Kunstbeirat_Protokoll_20251104_barrierefrei.pdf,https://www.kiel.de/de/umwelt_verkehr/klimaschutz/_news_archiv/Klimaschutz_2_2025.php,KIE,KIE2,2026-10-09,official_primary,yes,,,,施行和解除均仅确认月份，缺少准确日期，因此decision_date/effective_date留空。,
DE-FB-0025,Brandenburg,Cottbus,12052000,municipality,staffing_reduction,effective,,2025-01-01,,,,科特布斯2025—2028年按年度逐步削减28个全职当量岗位，2025年首批28个岗位已从编制撤除。,https://session.cottbus.de/buerger/getfile.asp?id=26068&type=do,https://www.staedtetag.de/files/dst/docs/Presse/2026/beispiele-fuer-spar-und-konsolidierungsma%C3%9Fnahmen-aus-den-staedten-2026.pdf,COT,DST26,2026-10-09,official_primary,yes,,2026汇编第4页,,112是2025—2028预计累计削减岗位目标，不是2025或2026已实际全部裁员；协会估计820万欧元的人员费用效益未核实落地，不入amount_eur。,
DE-FB-0026,Sachsen,Dresden,14612000,municipality,budget_freeze,effective,,,,,,德累斯顿官方公报披露针对2026财年预算实行广泛的特定支出额度冻结，法定义务与已签约项目有例外。,https://www.dresden.de/media/pdf/amtsblatt/2025/gedruckte-ausgabe/dresdner-amtsblatt-2025-40.pdf,https://www.staedtetag.de/files/dst/docs/Presse/2026/beispiele-fuer-spar-und-konsolidierungsma%C3%9Fnahmen-aus-den-staedten-2026.pdf,DRE,DST26,2026-10-09,official_primary,yes,,Amtsblatt Nr.40/2025 S.15,,50%为某些结果预算科目额度冻结，而非全市财政支出减少一半；需追踪后续解冻。,
DE-FB-0028,Thüringen,Jena,16053000,municipality,fire_brigade_investment_reduced,effective,2025-12-17,2026-01-01,FD Feuerwehr,400000,budget_frozen_component,耶拿2026年财政冻结明细中消防部门投资支出削减40万欧元。,https://rathaus.jena.de/de/haushaltssperre-2026-stadt-jena-legt-konkrete-massnahmen-fest,,JEN,,2026-10-09,official_primary,yes,DE-FB-0001,,,依据市政府公布的明细表；属于预算冻结总额，不能重复计数。,
DE-FB-0029,Thüringen,Jena,16053000,municipality,culture_budget_cut,effective,2025-12-17,2026-01-01,JenaKultur,360000,budget_frozen_component,耶拿2026年财政冻结明细列出JenaKultur运营与投资计划调整合计36万欧元，市政府补助同步减少。,https://rathaus.jena.de/de/haushaltssperre-2026-stadt-jena-legt-konkrete-massnahmen-fest,,JEN,,2026-10-09,official_primary,yes,DE-FB-0001,,,市政府说明36万欧元含同步削减文化公共企业补助，不能双重计数。,
DE-FB-0030,Schleswig-Holstein,Kiel,01002000,municipality,cultural_event_deferred,effective,,,"Urban-Art-Preis, Berthold-Beitz-Ufer",,,基尔拟于2025年举行的Berthold-Beitz-Ufer公共艺术奖活动因当年财政冻结未如期举办，纪要计划改在2026—2027年组织。,https://www.kiel.de/de/kultur_freizeit/stadtgalerie/_dokumente_kunstbeirat/Kunstbeirat_Protokoll_20251104_barrierefrei.pdf,,KIE,,2026-10-09,official_primary,yes,,,,2025年已发生的文化活动推迟，不应误标为永久取消或设施关闭。,
DE-FB-0031,Hamburg,Hamburg,02000000,municipality,public_facility_renovation_complete,completed,,,Bürgerhaus Wilhelmsburg,9800000,completed_project_cost_not_saving,Wilhelmsburg市民活动中心（Bürgerhaus）修缮工程已完工，公布成本约980万欧元，显示同期仍有已落地公共设施投资。,https://www.hamburg.de/politik-und-verwaltung/behoerden/finanzbehoerde/aktuelles/sanierung-kommunaler-einrichtungen-hamburg-investiert-weiter-in-starke-bezirke-1216126,,HAM,,2026-10-09,official_primary,yes,,,,这是成功完工的对照项目，不属于财政紧缩负面事件；修缮完工时间为截至2026年夏季。,
DE-FB-0032,Sachsen-Anhalt,Magdeburg,15003000,municipality,budget_freeze,effective,,2024-09-01,,,,市政府于2024年9月实施预算冻结，10月再对大部分空缺和即将空缺的行政岗位实行补聘冻结，消防、医务等职业原则上有例外。,https://www.magdeburg.de/PDF/Bericht_zum_Personal_und_Organisationsmanagement_2022_2025.PDF?Ext=PDF&ObjID=25856&ObjLa=1&ObjSvrID=698&WTR=1&_ts=1750843751,https://www.staedtetag.de/files/dst/docs/Presse/2025/250217_Beispiele_aus_den_Staedten.pdf,MAGREP,DST25,2026-10-09,official_primary,yes,,,,官方2022—2025人事报告第15页；两种冻结不是同一行政行为。,
DE-FB-0033,Sachsen-Anhalt,Magdeburg,15003000,municipality,realized_personnel_savings,completed,,,,6200000,realized_2024_personnel_savings,市政府人事报告记载2024年通过岗位空缺控制及灵活空缺岗位名册实际节省约620万欧元，高于原定600万欧元目标。,https://www.magdeburg.de/PDF/Bericht_zum_Personal_und_Organisationsmanagement_2022_2025.PDF?Ext=PDF&ObjID=25856&ObjLa=1&ObjSvrID=698&WTR=1&_ts=1750843751,,MAGREP,,2026-10-09,official_primary,yes,DE-FB-0032,,,归属为2024年度已结算人事费用节省；是上一行人员管控等措施的结果，不与预算冻结额度累加。,
DE-FB-0036,Saarland,Saarbrücken,10041100,municipality,supervisory_credit_limit,effective,2026-06-23,2026-06-24,,20700000,approved_investment_loan_authorization_not_saving,萨尔布吕肯2026年预算经州财政监管机关于6月15日批准并限制新投资贷款授权额度为2070万欧元；议会6月23日同意调整，预算于6月24日正式生效。,https://www.saarbruecken.de/ne/rathaus/stadtverwaltung/haushalt,https://www.saarbruecken.de/ne/rathaus/stadtverwaltung/haushalt,SAAR,SAAR26-BUD-FINAL,2026-10-09,official_primary,yes,,,,2070万为获准投资贷款权限，不等于节省或财政赤字；另按城市协会追踪5%费用预算紧缩。 | 2026-06-15监督机关批准投资贷款授权上限2070万欧元，6/23市议会接受修订预算，6/24生效。此为授权额度非实际借款或节支。,
DE-FB-0037,Rheinland-Pfalz,Ludwigshafen am Rhein,07314000,municipality,supervisory_credit_limit,effective,,,,42346498,temporarily_refused_investment_loan_authorization_not_saving,路德维希港2024年预算公告载明：拟获准投资贷款2.194亿欧元中约4234.65万欧元被监管机关暂时拒绝授权。,https://www.ludwigshafen.de/fileadmin/Websites/Stadt_Ludwigshafen/Buergernah/Rathaus/Amtsblatt/2024/2024-04-24_Amtsblatt_30.pdf,https://www.staedtetag.de/files/dst/docs/Presse/2026/beispiele-fuer-spar-und-konsolidierungsma%C3%9Fnahmen-aus-den-staedten-2026.pdf,LUD24,DST26,2026-10-09,official_primary,yes,,,,2024年4月24日公告公开监管决定，未披露监管函确切签发日；属于融资审批限制，不可直接视作工程项目取消。,
DE-FB-0038,Mecklenburg-Vorpommern,Rostock,13003000,municipality,budget_freeze,effective,2025-07-23,2025-07-23,,3420156,2025_budget_freeze_scope_not_actual_saving,罗斯托克2025年7月23日依据MV州地方自治法实施约342.02万欧元地方行政运行预算冻结；同令另提出2025年最多871.6万欧元人事节支目标，后者不是已实现节省。,https://ksd.rostock.de/bi/vo020?0--anlagenHeaderPanel-attachmentsList-0-attachment-link=&TOLFDNR=7216980&VOLFDNR=1029001&refresh=false,,ROSFRZ,,2026-10-09,official_primary,yes,,,,预算冻结额与2025年人员节支目标871.6万欧元是不同口径，不予相加；来源为市政府法定冻结令。,
DE-FB-0044,Baden-Württemberg,Heidelberg,08221000,municipality,public_transit_restructured,effective,,2025-06-23,Buslinie 32,,,公共交通节支线网调整于2025年6月23日起实施，撤销32路公交并由31路延伸、20/36等线路承担部分替代服务。,https://www.heidelberg.de/HD/Presse/05_06_2025%2Boepnv%2Bin%2Bheidelberg_%2Bwas%2Bsich%2Bab%2Bdem%2B23_%2Bjuni%2B2025%2Baendert.html,,HD25A,,2026-10-09,official_primary,yes,,,,仍保持多个大学校区公交联系；撤销单一公交线路≠对应地区完全失去公交服务。,
DE-FB-0045,Baden-Württemberg,Heidelberg,08221000,municipality,public_transit_schedule_reduced,effective,,2025-06-23,Moonliner-Nachtnetz,,,2025年6月23日起星期日至星期四白天公交与Moonliner夜间网络切换提前至23:00。,https://www.heidelberg.de/HD/Presse/05_06_2025%2Boepnv%2Bin%2Bheidelberg_%2Bwas%2Bsich%2Bab%2Bdem%2B23_%2Bjuni%2B2025%2Baendert.html,,HD25A,,2026-10-09,official_primary,yes,DE-FB-0044,,,归于2025公交节支方案同包子项；不与主事件重复计算事件发生次数。,
DE-FB-0047,Baden-Württemberg,Heidelberg,08221000,municipality,public_transit_restructured,effective,,2026-06-01,fips Rohrbach,,,官方确认其公交节支方案中的fips Rohrbach服务调整已于2026年6月1日生效。,https://www.heidelberg.de/7071_34581_34869_284696_1219308_5897207_5896927.html,,HD26A,,2026-10-09,official_primary,yes,,,,调整细节需再查承运商公告，不能自行臆测削减班次或关停。,
DE-FB-0049,Nordrhein-Westfalen,Bonn,05314000,municipality,budget_freeze,effective,2026-09-08,2026-09-08,,,,市财政主管自2026年9月8日实施预算冻结，官方当时预计2026年赤字由计划1.234亿欧元扩大至1.675亿欧元。,https://international.bonn.de/press-releases/september-2026/treasurer-fark-imposes-a-budget-freeze-on-bonn.php?loc=de,,BON26A,,2026-10-09,official_primary,yes,,,,2026年的预计财政赤字并非实际冻结金额，故amount_eur留空；冻结带来的总节省暂不详。,
DE-FB-0055,Sachsen-Anhalt,Halle (Saale),15002000,municipality,budget_freeze,effective,2025-03-27,2025-03-26,,,,市政府实行内部预算执行冻结，明确社团及自由服务承办者预算当时未冻结，人员措施亦不受限。,https://halle.de/verwaltung-stadtrat/presseportal/nachrichten/nachricht/oberbuergermeister-ordnet-interne-haushaltssperre-an,,HAL25A,,2026-10-09,official_primary,yes,,,,市方3月27日公告称冻结自3月26日起生效；不可说成对所有社团拨款均暂停。,
DE-FB-0056,Sachsen-Anhalt,Halle (Saale),15002000,municipality,budget_freeze_modified,effective,2025-04-15,2025-04-15,,,,市长4月15日调整3月冻结命令，准许释放2025财政年度相关预算安排的50%，其余继续限额管理。,https://halle.de/verwaltung-stadtrat/presseportal/nachrichten/nachricht/oberbuergermeister-modifiziert-haushaltssperre,,HAL25B,,2026-10-09,official_primary,yes,DE-FB-0055,,,50%指预算拨付许可额度，不是已经实现50%支出削减；与6月新冻结阶段区分。,
DE-FB-0057,Sachsen-Anhalt,Halle (Saale),15002000,municipality,budget_freeze,effective,2025-06-13,2025-06-13,,,,市政府因收支预测恶化依据州地方预算规定宣布新一轮财政执行冻结。,https://halle.de/verwaltung-stadtrat/presseportal/nachrichten/nachricht/oberbuergermeister-ordnet-haushaltsperre-an,https://halle.de/verwaltung-stadtrat/presseportal/nachrichten/nachricht/nachtragshaushalt-2025-stadt-halle-saale-erhaelt-genehmigung-mit-auflagen,HAL25C,HAL25D,2026-10-09,official_primary,yes,,,,6月30日官方监管公告明确本次冻结维持至2025年底；不应延展声称2026仍相同状态。,
DE-FB-0064,Niedersachsen,Hannover,03241001,municipality,library_service_continues,completed,,,Nordstadtbibliothek,,,汉诺威Nordstadt原拟关闭的市立图书馆经社区服务中心改造后，官方2026现行开放时间表仍列有Nordstadtbibliothek运营。,https://www.hannover.de/Leben-in-der-Region-Hannover/Bildung/Bibliotheken-Archive/Stadtbibliothek-Hannover/Service-und-Angebote/Bibliotheken-%C3%96ffnungszeiten,https://www.hannover.de/Service/Presse-Medien/Landeshauptstadt-Hannover/Meldungsarchiv-f%C3%BCr-das-Jahr-2025/Entwicklung-der-Nord%C2%ADstadt%C2%ADbiblio%C2%ADthek-zum-Stadt%C2%ADGemein%C2%ADschafts%C2%ADHaus,HAN26A,HH25-NA-95K,2026-10-09,official_primary,yes,DE-FB-0034,,,2026-05至7月因改建临时停业与财政永久关闭不同；2026年实际开放营业是对“永久关闭”说法的反证。 | 第七轮复核：2025年3月替代方案预算减负预计9.5万欧元/年，另7.5万通过文化教育处内其他预算解决；非已审计节省。Nordstadt图书馆2026仍保留并转型为社区中心。早期26万/年为未执行的关闭方案估算，禁止与替代方案累加。,
DE-FB-0070,Bremen,Bremerhaven,04012000,municipality,library_hours_reduced,effective,2026-03-23,2026-04-07,Zentralbibliothek im Hanse Carré,,,中央图书馆自2026年4月7日起每周二全天暂停开放；市政府承认人员不足，Radio Bremen进一步核实因当年预算未通过而无法补聘空缺职位；10月官网仍列周二关闭。,https://www.bremerhaven.de/de/aktuelles/stadtbibliothek-ab-dem-7-april-dienstags-geschlossen.176032.html,https://www.butenunbinnen.de/nachrichten/bremerhaven-stadtbibliothek-haushalt-geschlossen-100.html,BRH-LIB26,BRH-LIB-RB,2026-10-09,official_primary,yes,,,,临时性周二关闭，不是图书馆永久停业；主馆仍在其余开放日提供服务，分馆不受此措施直接影响。,
DE-FB-0071,Bayern,Augsburg,09761000,municipality,budget_freeze,effective,2026-09-24,2026-09-24,,,,市政府9月24日起对2026年度尚未落实资金的新支出施加预算冻结；官方明确已经开工的建设、泳池、图书馆和此前承诺服务不受影响。,https://www.augsburg.de/buergerservice-rathaus/rathaus/finanzen/haushaltssperre-2026,,AUG26,,2026-10-09,official_primary,yes,,,,不能据此标出“市政泳池关闭”；未获批的新自愿性资助暂缓。官方亦明确未因此提高税费。,
DE-FB-0072,Nordrhein-Westfalen,Mönchengladbach,05116000,municipality,budget_freeze,effective,2026-07-02,2026-07-03,,,,市财政主管7月3日起暂停非必需的新自愿性支出，并冻结商品及服务等特定预算项目的10%，暂定持续至12月底。,https://www.moenchengladbach.de/aktuell-aktiv/newsroom/stadtkaemmerer-verfuegt-haushaltssperre-zur-stabilisierung-der-finanzlage,,MG26,,2026-10-09,official_primary,yes,,,,10%只适用于限定预算科目；年度预计预算赤字和另列2850万欧元全局节支目标不能充作本次冻结的实际节省。,
DE-FB-0073,Nordrhein-Westfalen,Mönchengladbach,05116000,municipality,staffing_recruitment_freeze,effective,2026-07-02,2026-07-03,,,,配合2026年7月3日财政冻结，暂停原岗位计划外新增岗位及部分岗位补缺审批；已有招聘流程以及部分例外继续。,https://www.moenchengladbach.de/aktuell-aktiv/newsroom/stadtkaemmerer-verfuegt-haushaltssperre-zur-stabilisierung-der-finanzlage,,MG26,,2026-10-09,official_primary,yes,DE-FB-0072,,,这是预算冻结子措施，不能将“岗位补聘暂缓”误写为已裁员；与财政冻结总额不可相加。,
DE-FB-0075,Sachsen,Zwickau,14524330,municipality,supervisory_budget_conditions,effective,2025-04-16,2025-04-25,,,,茨维考2025—2026双年度预算获县监管机关附条件批准，自4月25日摆脱临时预算管理，要求严格控制支出并反馈至2029年收支改善措施。,https://www.zwickau.de/de/aktuelles/pressemitteilungen/2025/04/154.php?print=1,,ZW-APP25,,2026-10-09,official_primary,yes,,,,预算批准与收紧财政监管并存；不意味着具体公共设施已关闭。,
DE-FB-0083,Nordrhein-Westfalen,Hallenberg,05958020,municipality,swimming_pool_seasonal_closure,effective,2026-04-15,,Naturbad Hallenberg,,,哈伦贝格市议会一致决定2026整个夏季不开放自然泳池，因基础设施维修需求、水损耗高及市政财政紧张；改以市政室内泳池提供夏季游泳服务。,https://www.stadt-hallenberg.de/buergerservice/veroeffentlichungen/pressemeldungen/presseartikel/default-1dbeff87eaff78acf01c5ae4fd13878e,https://www.stadt-hallenberg.de/buergerservice/veroeffentlichungen/pressemeldungen/presseartikel/buergerversammlung-zum-freibad-foerderung-als-chance-finanzierung-als-aufgabe,HAL-BAD26,HAL-BAD-OCT,2026-10-09,official_primary,yes,,,,非永久关闭；2026年10月市府已获联邦改造资助并继续讨论方案。原240万欧元为整修投资概算，不是实际已节省的支出。,
DE-FB-0094,Sachsen-Anhalt,Halle (Saale),15002000,municipality,supervisory_supplemental_budget_approval,effective,2026-06-26,2026-07-03,Halle Nachtragshaushalt 2026,,,2026年6月26日州行政管理机关不反对哈勒2026修订预算，市政府7月3日发布修订预算后可以按其授权执行联邦基础设施专项资金有关措施。,https://halle.de/verwaltung-stadtrat/stadtpolitik-und-ortsrecht/haushalt/haushaltsplaene,,HALLE-BUD26,,2026-10-09,official_primary,yes,DE-FB-0093,,,财政监管许可及专项资金项目恢复不等于市政府自行已落实全部建设工程。,
DE-FB-0096,Nordrhein-Westfalen,Hallenberg,05958020,municipality,alternative_public_service_retained,effective,2026-04-15,,städtisches Hallenbad Hallenberg,,,2026年哈伦贝格自然泳池夏季停开后，市政府承诺并安排室内泳池继续提供夏季游泳服务，以降低公共设施关闭对居民的影响。,https://www.stadt-hallenberg.de/buergerservice/veroeffentlichungen/pressemeldungen/presseartikel/default-1dbeff87eaff78acf01c5ae4fd13878e,https://www.stadt-hallenberg.de/freizeit-kultur/freizeit-sport/hallenbad,HAL-BAD26,HAL-HALLEN,2026-10-09,official_primary,yes,DE-FB-0083,,,室内泳池不是永久新增设施；此记录只表示替代服务保留，不涉及财政节约金额。,
DE-FB-0097,Nordrhein-Westfalen,Münster,05515000,municipality,budget_freeze,effective,2026-09-08,2026-09-08,,,,市财政长官于2026年9月8日实行即时预算支出冻结。新支出原则上须个案审核，法定义务和必须开支不因此取消；2026/27既有预算仍有效。,https://www.stadt-muenster.de/aktuelles/newsdetail/stadt-muenster-verhaengt-haushaltssperre,,MUE-2026-FREEZE,,2026-10-09,official_primary,yes,,,,不得将2027年预计州拨款较预算减少约9220万欧元视为2026已节省款。,
DE-FB-0098,Nordrhein-Westfalen,Münster,05515000,municipality,staffing_vacancy_controls,effective,2026-09-25,2026-09-25,市政府空缺岗位,,,市政府9月25日决定对退休、离职或合同期满等形成的空缺岗位逐个审核，原则上仅补聘不可替代的岗位。,https://www.stadt-muenster.de/aktuelles/newsdetail/haushaltskrise-stadt-spart-beim-personal,,MUE-2026-STAFF,,2026-10-09,official_primary,yes,DE-FB-0097,,,个案补聘限制，不是全面裁员令；尚无审定人事费用节省额。,
DE-FB-0102,Nordrhein-Westfalen,Münster,05515000,municipality,supervisory_budget_approval,effective,2026-06-02,2026-06-06,Doppelhaushalt 2026/2027,,,市议会2026年5月20日重议通过双年预算，监管机关6月2日无附加限制批准，6月6日起生效；此后9月出现新的冻结，不应将此前批准说成一直持续附条件。,https://www.stadt-muenster.de/aktuelles/newsdetail/bezirksregierung-genehmigt-doppelhaushalt-2026-27,,MUE-2026-APPROVED,,2026-10-09,official_primary,yes,,,,独立于9月的财政紧缩，时间顺序非常关键。,
DE-FB-0104,Sachsen-Anhalt,Dessau-Roßlau,15001000,municipality,budget_freeze,effective,2026-04-22,,2026年度非豁免支出,,,依监管部门要求实行2026年预算冻结，原规则原则上只释放60%的相关支出；目标为改善当年预算至少320万欧元。,https://verwaltung.dessau-rosslau.de/stadt-buerger/neuigkeiten/detailseite/article/haushalt-tritt-ende-mai-in-kraft.html,,DES-2026-MAY,,2026-10-09,official_primary,yes,DE-FB-0103,,,320万欧元是预算改善目标，非已审定节省；冻结伴随2026年预算正式发布而开始，2026-05-29仅是拟发布日，具体公报需复核。2026年9月方案已被更严规定取代。,
DE-FB-0105,Sachsen-Anhalt,Dessau-Roßlau,15001000,municipality,budget_freeze_tightened,effective,2026-09-25,2026-09-25,非义务性支出与未开工投资,,,市政府9月25日加严预算冻结：取消此前60%释放规则，支出限于不可延缓的法定义务、保障运行所必需事项及补助率不少于65%的项目；未开工且总投资高于60万欧元、补助比例低于65%的工程进入暂停和经济性复核。,https://verwaltung.dessau-rosslau.de/stadt-buerger/neuigkeiten/detailseite/article/verschaerfte-haushaltssperre-fuer-2026.html,,DES-2026-SEP,,2026-10-09,official_primary,yes,DE-FB-0104,,,预计营业税短收约1400万欧元、社会青年救助增支约940万欧元均是财政压力背景，不能视为已实现节支；达到阈值只意味着临时冻结复核，非永久取消。,
DE-FB-0106,Sachsen-Anhalt,Dessau-Roßlau,15001000,municipality,staffing_vacancy_controls,effective,2026-09-25,2026-09-25,市政府新增及空缺岗位,,,9月加严方案原则上不新增编制，空岗补聘需个别审查是否确属不可延缓。,https://verwaltung.dessau-rosslau.de/stadt-buerger/neuigkeiten/detailseite/article/verschaerfte-haushaltssperre-fuer-2026.html,,DES-2026-SEP,,2026-10-09,official_primary,yes,DE-FB-0105,,,不等于原有人事被裁撤。,
DE-FB-0107,Sachsen-Anhalt,Dessau-Roßlau,15001000,municipality,essential_services_protected,effective,2026-09-25,2026-09-25,幼托、公益组织、乡镇及街区议会预算,,,财政冻结加严规定仍排除依法安排的幼托和自由承办机构服务、公益社团支持、街区和镇议会预算及必要市营企业服务。,https://verwaltung.dessau-rosslau.de/stadt-buerger/neuigkeiten/detailseite/article/verschaerfte-haushaltssperre-fuer-2026.html,,DES-2026-SEP,,2026-10-09,official_primary,yes,DE-FB-0105,,,反证保留：不应据“严格财政冻结”误判所有幼托、俱乐部活动停止。,
DE-FB-0112,Brandenburg,Königs Wusterhausen,12061260,municipality,road_works_deferred,effective,,,市内与镇区九条待修道路,,,市政府在2026年6月全国地方财政行动中确认，九条道路的应有翻修或建设被推迟，尚未给出每条道路的正式工程编号及延期决定日期。,https://www.koenigs-wusterhausen.de/aktionstag-kommunen-am-limit-c06a920f326921c4,,KWH-2026-LIMIT,,2026-10-09,official_primary,yes,,,,这是市政府截至2026-06-22的现实陈述，而非可逐条精确定位的已审批项目清单；只做市级点位。,
DE-FB-0113,Brandenburg,Königs Wusterhausen,12061260,municipality,staffing_post_frozen,effective,,,不动产管理岗位,,,市政府确认不动产管理部门一个编制岗位处于冻结状态，因此数字地籍业务推进受到延误。,https://www.koenigs-wusterhausen.de/aktionstag-kommunen-am-limit-c06a920f326921c4,,KWH-2026-LIMIT,,2026-10-09,official_primary,yes,,,,市政府2026-06-22回溯确认；未公布冻结生效日，也未披露工资节省额。,
DE-FB-0114,Brandenburg,Königs Wusterhausen,12061260,municipality,voluntary_social_grant_reduced,effective,,,本地体育、青年和社会团体,,,市政府披露依据社会扶助资助指引对体育、青年及社会团体的补助已有削减，但单一组织与金额未披露。,https://www.koenigs-wusterhausen.de/aktionstag-kommunen-am-limit-c06a920f326921c4,,KWH-2026-LIMIT,,2026-10-09,official_primary,yes,,,,不能按全部团体一律受影响处理；不将停办市庆全部归因于这次缩减。,
DE-FB-0115,Bayern,Ingolstadt,09161000,municipality,public_transit_service_restructured,effective,,2026-03-30,Stadtbus Ingolstadt 各线路,,,VGI公共交通联盟确认2026年3月30日起实施市财政整顿所导致的公交线网调整，包含缩班及优化线路。,https://www.vgi.de/fahrplanwechsel-maerz-2026-stadtbus-ingolstadt,,ING-2026-TRANSIT,,2026-10-09,official_primary,yes,,,,总事件；子事件115后列出具体改变，不能当作额外的独立财政金额。,
DE-FB-0116,Bayern,Ingolstadt,09161000,municipality,public_transit_route_segment_ended,effective,,2026-03-30,公交58路至Hauptbahnhof Ost段,,,公交58路从2026年3月30日起只在Pfingstäckerweg至中央巴士站ZOB运营，往Hauptbahnhof Ost的南段取消。,https://www.vgi.de/fahrplanwechsel-maerz-2026-stadtbus-ingolstadt,,ING-2026-TRANSIT,,2026-10-09,official_primary,yes,DE-FB-0115,,,线路缩段，并非整条58路撤销。,
DE-FB-0117,Bayern,Ingolstadt,09161000,municipality,public_transit_frequency_cut,effective,,2026-03-30,公交50路,,,公交50路实行工作日和周六常规40分钟班距，至Westpark短线班次停止；上学需求班次可能另有安排。,https://www.vgi.de/fahrplanwechsel-maerz-2026-stadtbus-ingolstadt,,ING-2026-TRANSIT,,2026-10-09,official_primary,yes,DE-FB-0115,,,没有从VGI官方文本推定此前具体班距，故不作未验证前后分钟数比较。,
DE-FB-0118,Bayern,Ingolstadt,09161000,municipality,public_transit_holiday_schedule_cut,effective,,2026-03-30,公交10、11、20、21、60/61、70路,,,公交10、11、20、21、60/61、70路自2026年3月30日起在学校假期按假期班次运行，系市财政整顿方案一部分。,https://www.vgi.de/fahrplanwechsel-maerz-2026-stadtbus-ingolstadt,,ING-2026-TRANSIT,,2026-10-09,official_primary,yes,DE-FB-0115,,,学校假期规则不等同于全年同样减班。,
DE-FB-0119,Bayern,Ingolstadt,09161000,municipality,public_transit_night_network_restructured,effective,,2026-03-30,夜间公交N9/N10/N11等,,,多数夜间线路改为60分钟基础班距，N11线路取消但整合进入N9/N10环线，新增N13作为ZOB至中央火车站的补充。,https://www.vgi.de/fahrplanwechsel-maerz-2026-stadtbus-ingolstadt,,ING-2026-TRANSIT,,2026-10-09,official_primary,yes,DE-FB-0115,,,不是“所有夜间公交都取消”：N4、N16例外，N11站点由替代线路覆盖。,
DE-FB-0121,Baden-Württemberg,Karlsruhe,08212000,municipality,swimming_pool_full_closure_plan_replaced,withdrawn,2026-04-28,,Rheinstrandbad Rappenwört,,,原拟2026和2027两年暂停游泳运营；市议会2026年4月28日改采有限度开放方案，因此原整池停开方案未执行。,https://www.karlsruhe.de/stadt-rathaus/aktuelles/meldungen/gemeinderat-stimmt-betriebskonzept-fuer-rappele-zu,,KAR26-POOL-DECN,,2026-10-09,primary_official,yes,,,ursprünglich geplante zweijährige Schließung nicht umgesetzt,历史性撤回提案，不得标成2026全场已关闭；2027运营仍未获无限期保证。,
DE-FB-0122,Baden-Württemberg,Karlsruhe,08212000,municipality,swimming_pool_partial_service_retained,completed,2026-04-28,2026-05-23,Rheinstrandbad Rappenwört,,,2026年5月23日至8月30日实施有限开放：原则上每周四至周日10:00—20:00提供游泳服务，南侧波浪池、跳水池及滑道区开放。,https://www.ka-baeder.de/die-karlsruher-baeder/rheinstrandbad-rappenwoert,https://www.karlsruhe.de/stadt-rathaus/aktuelles/meldungen/gemeinderat-stimmt-betriebskonzept-fuer-rappele-zu,KAR26-POOL-OPS,KAR26-POOL-DECN,2026-10-09,primary_official,yes,DE-FB-0121,,,completed 指2026年运营季已结束；季中7/17—7/23特殊临时关闭不算财政事件。,
DE-FB-0123,Baden-Württemberg,Karlsruhe,08212000,municipality,swimming_pool_sections_closed,completed,2026-04-28,2026-05-23,Rheinstrandbad Rappenwört北侧儿童浅水池和多功能池,,,尽管2026年该露天泳池部分重新开放，北侧儿童浅水池及多功能池在当年营业季仍未对公众开放。,https://www.ka-baeder.de/die-karlsruher-baeder/rheinstrandbad-rappenwoert,https://www.karlsruhe.de/stadt-rathaus/aktuelles/meldungen/gemeinderat-stimmt-betriebskonzept-fuer-rappele-zu,KAR26-POOL-OPS,KAR26-POOL-DECN,2026-10-09,primary_official,yes,DE-FB-0122,,,季节运营结果；不代表2027年永久关闭；与0122同属单一设施，不重复算独立财政危机。,
DE-FB-0124,Thüringen,Neuhaus am Rennweg,16072013,municipality,budget_freeze_investment_2026,reversed,2026-05-11,2026-05-11,2026年度投资预算,,,因Schwimmhalle am Rennsteig节能改造成本增加，市长于5月11日对部分资本支出实施冻结；市议会7月1日批准相应超额支出后解除。,https://www.neuhaus-am-rennweg.de/news/1/1283392,https://ol.wittich.de/titel/1723/ausgabe/9/2026/artikel/00000000000054779772-OL-1723-2026-38-9-0,NEU26-FREEZE,NEU26-GAZETTE,2026-10-09,primary_official,yes,,,,5月冻结已于7/1解除，不应仍显示为当前有效。,
DE-FB-0125,Thüringen,Neuhaus am Rennweg,16072013,municipality,budget_freeze_lifted,completed,2026-07-01,2026-07-01,2026年5月首轮投资预算冻结,,,市议会7月1日决议后，5月11日对资本支出的冻结措施正式解除；后来的9月冻结是另一轮新措施。,https://www.neuhaus-am-rennweg.de/news/1/1283392,,NEU26-FREEZE,,2026-10-09,primary_official,yes,DE-FB-0124,,,与0124一组，避免把5月冻结算作持续到10月。,
DE-FB-0126,Thüringen,Neuhaus am Rennweg,16072013,municipality,budget_freeze,effective,2026-09-08,2026-09-08,市政经常及投资预算,565000,2026年9—12月最低节支目标，非已实现或已冻结金额,市政府披露2026营业税收入预计比预算少205万欧元，采取新一轮即时预算冻结，要求9至12月节支至少56.5万欧元以尽量防止决算赤字。,https://www.neuhaus-am-rennweg.de/news/1/1283392,https://ol.wittich.de/titel/1723/ausgabe/9/2026/artikel/00000000000054779772-OL-1723-2026-38-9-0,NEU26-FREEZE,NEU26-GAZETTE,2026-10-09,primary_official,yes,,,,文件同时披露需弥补缺口136.5万欧元，再扣可动用储备约80万欧元后为56.5万欧元。205万是预测税收减少，不是缩减项目款。,
DE-FB-0127,Thüringen,Neuhaus am Rennweg,16072013,municipality,public_transit_infrastructure_budget_frozen,effective,2026-09-08,2026-09-08,市内公交站点工程（ÖPNV BHS）,32500,2026年被冻结的公交站点工程当期预算；另有42407.25欧元以前年度结转授权,市政府冻结公交站点工程本年度预算3.25万欧元，并列有此前年度未用额度4.240725万欧元，均为支出授权冻结而非已实现节省。,https://ol.wittich.de/titel/1723/ausgabe/9/2026/artikel/00000000000054779772-OL-1723-2026-38-9-0,,NEU26-GAZETTE,,2026-10-09,primary_official,yes,DE-FB-0126,投资冻结表HH-Stelle 7920.9400,,不得与父级56.5万最低节支目标相加，也不能认定站点项目已永久取消。,
DE-FB-0128,Thüringen,Neuhaus am Rennweg,16072013,municipality,cultural_facility_investment_frozen,effective,2026-09-08,2026-09-08,Kulturhaus,17528.95,被冻结的文化馆工程支出授权，非已实现节省,"市政府2026年9月新一轮预算冻结中，列出Kulturhaus工程17,528.95欧元未动用支出额度被冻结。",https://ol.wittich.de/titel/1723/ausgabe/9/2026/artikel/00000000000054779772-OL-1723-2026-38-9-0,,NEU26-GAZETTE,,2026-10-09,primary_official,yes,DE-FB-0126,投资冻结表HH-Stelle 8890.9400,,冻结金额不能直接视作工程已经取消。,
DE-FB-0131,Niedersachsen,Bad Iburg,03459004,municipality,swimming_pool_closed_then_rescued,reversed,,,Freibad Bad Iburg,,,市露天泳池于2023年夏季后因财政无力负担修缮而停开两年多，2026年5月15日由协会组织修复后重新对公众运营。,https://www.freibadiburg.de/,https://www.ndr.de/nachrichten/niedersachsen/osnabrueck_emsland/buerger-retten-freibad-in-bad-iburg-gemeinschaftsprojekt%2Cbuergerbad-bad-iburg-100.html,BAD26-OPERATOR,BAD26-NDR-REOPEN,2026-10-09,primary_official,yes,,,,关闭具体日期不详（报道描述2023年8月底），不可虚构精确日期；2026年恢复，不能算现存已关闭设施。,
DE-FB-0132,Niedersachsen,Bad Iburg,03459004,municipality,swimming_pool_service_restored,effective,,2026-05-15,Freibad Bad Iburg,,,居民协会完成修整及运营接手后，Bad Iburg露天泳池于2026年5月15日重开。场馆官网确认持续提供2026夏季泳池服务，NDR 7月追踪核实。,https://www.freibadiburg.de/,https://www.ndr.de/nachrichten/niedersachsen/osnabrueck_emsland/bad-iburg-besucherrekord-in-neu-eroeffnetem-buergerbad%2Caktuellosnabrueck-2344.html,BAD26-OPERATOR,BAD26-NDR-VISIT,2026-10-09,primary_official,yes,DE-FB-0131,,,不同于市政府恢复直接运营：由民间协会推动并运营。,
DE-FB-0135,Berlin,Berlin,11000000,municipality,library_staffed_service_hours_reduced,effective,,2026-02-01,ZLB Amerika-Gedenkbibliothek / Berliner Stadtbibliothek,,,柏林中央与州立图书馆自2026年2月1日起再缩短人工服务时间1小时，周二至周六人工服务11—19时；馆舍空间开放时间保持不变。,https://www.zlb.de/kuerzungen/,,BER26-ZLB,,2026-10-09,primary_official,yes,,,,这是工作人员服务时间缩减，不是馆舍关门或开放时间缩短；城市州公共机构，不是区级决定。,
DE-FB-0143,Hessen,Darmstadt,06411000,municipality,supervisory_budget_approval,effective,2026-03-11,2026-03-11,,,,2026年3月11日黑森州达姆施塔特区政府批准达姆施塔特2026预算，结束临时预算管理，但认定持续财政能力明显受限，附财政整顿附加条件。,https://www.darmstadt.de/presseportal/pressemitteilungen/einzelansicht/regierungspraesidium-darmstadt-genehmigt-haushalt-2026,,DA26-APP,,2026-10-09,official_primary,yes,,,,批准意味着在依法规定范围内恢复常规预算执行，不代表财政压力解除；此前的基础压缩系数为2%，另有1%压缩。,
DE-FB-0145,Hessen,Gießen,06531005,municipality,budget_freeze,effective,2026-09-07,2026-09-07,,3740000,budget_allocations_frozen_not_realized_savings,2026年9月7日市政府通过预算冻结，计划冻结2026年约374万欧元货物及服务等支出，主要涉及咨询、培训、差旅及可控维护；对第三方资助明确豁免。,https://www.giessen.de/Rathaus/Newsroom/Aktuelle-Meldungen/Haushaltssperre-und-Nachtragshaushalt-Steigende-Kosten-in-Jugendhilfe-und-Personal-belasten-Haushalt.php?FID=2874.77323.1&ModID=255,,GI26-FREEZE,,2026-10-09,official_primary,yes,,,,已生效，不须市议会审批；该冻结额不是全部政府收支缺口，第三方补助未冻结。,
DE-FB-0147,Hessen,Offenbach am Main,06413000,municipality,supervisory_budget_approval,effective,2026-06-19,2026-06-19,,,,黑森州达姆施塔特监管机关2026年6月批准奥芬巴赫2026预算，结束等待批准阶段并允许学校、文化、社会基础设施项目继续实施，但要求进一步整顿。,https://www.offenbach.de/buerger_innen/rathaus-politik/haushalt-und-finanzen/meldungen/hh2026-genehmigt19.06.2026.php?loc=de,,OF26-APP,,2026-10-09,official_primary,yes,,,,市议会2025-12-04已批准草案；本记录为州监管批准，并非市政工程已完成。,
DE-FB-0148,Rheinland-Pfalz,Koblenz,07111000,municipality,supervisory_budget_approval,effective,2026-03-11,2026-03-11,,,,2026年3月11日科布伦茨公布ADD已首次审查通过2026预算，正式公告后追溯至1月1日生效，终止预算批准等待，市政府提出继续投资约1.488亿欧元。,https://www.koblenz.de/rathaus/verwaltung/pressemeldungen/260311-haushalt-der-stadt-koblenz-genehmigt/,,KO26-APP,,2026-10-09,official_primary,yes,,,,官方公告写明预算追溯法律效力到1月1日；此处的effective_date仅记可确认的批准公告日期，不臆测公告具体法定日期。,
DE-FB-0149,Rheinland-Pfalz,Trier,07211000,municipality,supervisory_budget_approval,effective,2026-02-06,2026-02-06,,,,2026年2月6日特里尔通报ADD附条件批准2026年度预算，投资贷款与周转贷款无法在批准初期全额动用；原预算保留新消防指挥中心、道路及校舍投资。,https://www.trier.de/aktuelles/nachrichten/17996.Stadt-Trier-Haushalt-2026-genehmigt.html,,TR26-APP,,2026-10-09,official_primary,yes,,,,官方未披露具体本次削减额度；3350万欧元消防站预算和9780万欧元总投资是拟投入规模，不是节约或取消。,
DE-FB-0153,Mecklenburg-Vorpommern,Neubrandenburg,13071107,municipality,supervisory_budget_approval,effective,2026-07-01,2026-07-02,,7721800,fully_approved_2026_investment_loan_ceiling_not_drawn_debt,2026年7月1日州内政机关全额批准新勃兰登堡2026年度772.18万欧元投资贷款授权、2420万欧元跨年度支出承诺授权；市政府7月2日公布预算条例。,https://www.neubrandenburg.de/Politik-Verwaltung/Finanzen/,,NB26-BUD,,2026-10-09,official_primary,yes,,,,这与2025年度部分受限的审批形成改善对照；2026审批并非所有工程已开工。,
DE-FB-0165,Baden-Württemberg,Heidelberg,08221000,municipality,adult_education_classroom_lease_terminated,completed,,,Volkshochschule Heidelberg – Unterrichtsräume Maaßstraße,,,海德堡成人教育学院VHS受连续亏损压力影响，已于2025年末解除Maaßstraße授课场所租约，是教学场所调整，并非成人教育机构停办。,https://www.heidelberg.de/HD/Presse/20_04_2026%2Bstadt%2Bheidelberg%2Bgewaehrt%2Bvolkshochschule%2Bsonderzuschuss%2Bin%2Bhoehe%2Bvon%2B96_000%2Beuro.html,,HD26-VHS,,2026-10-09,official_primary,yes,,,,正式生效日仅可核实2025年底，不精确到日；decision_date不置入假造日期，应调整为空。,
DE-FB-0167,Hessen,Homberg (Ohm),06535009,municipality,outdoor_pool_price_increase_reversed,reversed,2025-09-03,,Freibad Homberg (Ohm),,,2025年9月3日市议会决定2025泳池票价与2024相同，对此前超额收取的票价凭证据退还，要求与运营商协商减少年度定额；该节约协商结果未知。,https://ol.wittich.de/titel/1079/ausgabe/2/2026/artikel/00000000000051394248-OL-1079-2026-2-2-0,,HOM25-COUNCIL,,2026-10-09,official_primary,yes,,,,因州财政整顿咨询曾考虑调整门票；议会保留原票价，不能标记2025已加价。,
DE-FB-0169,Rheinland-Pfalz,Kaiserslautern,07312000,municipality,budget_freeze_2024_historical,reversed,,,市政部门可控预算,,,2026官方预算前期报告回顾，凯泽斯劳滕2024年曾实行预算冻结，可能促进2024年度收支结果改善；2025年1月市政府证实该冻结已解除。,https://www.kaiserslautern.de/mb/themen/finanzen/haushalt/vorbericht_2026.pdf,https://www.kaiserslautern.de/buerger_rathaus_politik/medienportal/pressemitteilungen/075690/index.html.de,KL26-BUD,KL25-TRAFFIC,2026-10-09,official_primary,yes,,,,官方对积极结果仅作可能归因，不能给出冻结节省额；非2026现行冻结。,
DE-FB-0170,Rheinland-Pfalz,Kaiserslautern,07312000,municipality,traffic_study_procurement_delayed_by_freeze,reversed,2025-01-15,,Betzenberg比赛日交通/Park & Ride研究,,,市政府2025年1月15日明确承认，上一年度预算冻结令足球比赛期间交通改善研究无法签约，冻结解除后准备推进招标；尚无已委托或研究完成证据。,https://www.kaiserslautern.de/buerger_rathaus_politik/medienportal/pressemitteilungen/075690/index.html.de,,KL25-TRAFFIC,,2026-10-09,official_primary,yes,DE-FB-0169,,,解除预算冻结不等于研究已经委托或完工。,
