source_id,institution,published_date,source_type,title,file_name,page_locator,url,notes
DST25,Deutscher Städtetag,2025-02-17,association_pdf,Städte unter Sparzwang: Beispiele 2025,250217_Beispiele_aus_den_Staedten.pdf,pp.1-4,https://www.staedtetag.de/files/dst/docs/Presse/2025/250217_Beispiele_aus_den_Staedten.pdf,城市协会成员自报材料；计划与已执行混合；单独核验议会结果
DST26,Deutscher Städtetag,2026-06-22,association_pdf,Kommunen am Limit: Spar- und Konsolidierungsmaßnahmen,beispiele-fuer-spar-und-konsolidierungsma%C3%9Fnahmen-aus-den-staedten-2026.pdf,pp.4-6,https://www.staedtetag.de/files/dst/docs/Presse/2026/beispiele-fuer-spar-und-konsolidierungsma%C3%9Fnahmen-aus-den-staedten-2026.pdf,名单混合已实施和计划，具体法律状态须以本地文书核对
JEN,Stadt Jena,2025-12-17,official_web,Haushaltssperre 2026: konkrete Maßnahmen,haushaltssperre-2026-stadt-jena-legt-konkrete-massnahmen-fest,,https://rathaus.jena.de/de/haushaltssperre-2026-stadt-jena-legt-konkrete-massnahmen-fest,
NUE,Stadt Nürnberg,2026-07-29,official_web,Haushaltssperre 2026,haushaltssperre.html,,https://www.nuernberg.de/internet/stadtportal/haushaltssperre.html,
NUE2,Stadt Nürnberg,2026,official_web,Haushalt 2026 Kommunalaufsicht,haushalt_2026.html,,https://www.nuernberg.de/internet/stadtportal/haushalt_2026.html,
POT,Landeshauptstadt Potsdam,2026-10-01,official_web,Haushaltssperre viertes Quartal 2026,442-landeshauptstadt-potsdam-verhaengt-eine-haushaltssperre-fuer-das-vierte-quartal-2026-zur,,https://www.potsdam.de/de/442-landeshauptstadt-potsdam-verhaengt-eine-haushaltssperre-fuer-das-vierte-quartal-2026-zur,
POT2,Landeshauptstadt Potsdam,2025,official_web,Haushaltssicherungsmaßnahmen: verhandelte Kürzungen,144-hohes-gesamt-haushaltsvolumen-trotz-notwendiger-einsparungen,,https://www.potsdam.de/de/144-hohes-gesamt-haushaltsvolumen-trotz-notwendiger-einsparungen,
POT3,Landeshauptstadt Potsdam,2026,official_web,Gemeinsame Pressemitteilung der Fraktionen zum Haushalt,gemeinsame-pressemitteilung-der-landeshauptstadt-potsdam-mit-den-fraktionen-von-spd-cdu-buendnis,,https://www.potsdam.de/de/gemeinsame-pressemitteilung-der-landeshauptstadt-potsdam-mit-den-fraktionen-von-spd-cdu-buendnis,
NEU,Bezirksamt Neukölln von Berlin,2026-09-01,official_web,Bezirksamt Neukölln beschließt Haushaltssperre,pressemitteilung.1709403.php,,https://www.berlin.de/ba-neukoelln/aktuelles/pressemitteilungen/2026/pressemitteilung.1709403.php,
LIC,Bezirksamt Lichtenberg von Berlin,2025-09-18,official_web,Doppelhaushalt 2026/27 Bezirk Lichtenberg,pressemitteilung.1599547.php,,https://www.berlin.de/ba-lichtenberg/aktuelles/pressemitteilungen/2025/pressemitteilung.1599547.php,
LIC2,Bezirksamt Lichtenberg von Berlin,2026-04-30,official_web,Zusätzliche Finanzierung durch Ergebnisrücklage,pressemitteilung.1666564.php,,https://www.berlin.de/ba-lichtenberg/aktuelles/pressemitteilungen/2026/pressemitteilung.1666564.php,
BRE,Magistrat Bremerhaven,2026-06-18,official_web,Bremerhavener Doppelhaushalt 2026/2027 beschlossen,bremerhavener-haushalt-fuer-2026-2027-beschlossen.177671.html,,https://www.bremerhaven.de/de/aktuelles/bremerhavener-haushalt-fuer-2026-2027-beschlossen.177671.html,
BRE2,Magistrat Bremerhaven,2026-06-30,official_web,Senat genehmigt Bremerhavener Haushalt 2026/2027,senat-genehmigt-bremerhavener-haushalt.177826.html,,https://www.bremerhaven.de/de/aktuelles/senat-genehmigt-bremerhavener-haushalt.177826.html,
BRE3,Magistrat Bremerhaven,2025-08-26,official_web,Haushalt 2025: Gespräch mit Land Bremen,haushalt-2025-gespraech-zwischen-stadt-bremerhaven-und-land-bremen.168711.html,,https://www.bremerhaven.de/de/aktuelles/haushalt-2025-gespraech-zwischen-stadt-bremerhaven-und-land-bremen.168711.html,
BRE4,Magistrat Bremerhaven,2026-10-07,official_web,"13,9 Millionen Euro für Infrastruktur",rund-13-9-millionen-euro-fuer-infrastruktur-magistrat-beschliesst-einsatz.180865.html,,https://www.bremerhaven.de/de/aktuelles/rund-13-9-millionen-euro-fuer-infrastruktur-magistrat-beschliesst-einsatz.180865.html,
DOR,Stadt Dortmund,2026-09-22,official_web,Stadt Dortmund verhängt Haushaltssperre für viertes Quartal,stadt-dortmund-verhaengt-haushaltssperre-fuer-das-vierte-quartal.html,,https://www.dortmund.de/newsroom/presse-mitteilungen/stadt-dortmund-verhaengt-haushaltssperre-fuer-das-vierte-quartal.html,
DOR2,Stadt Dortmund,2026-09-28,official_web,Dortmund zieht die Haushaltsbremse,dortmund-zieht-die-haushaltsbremse-fuer-das-vierte-quartal.html,,https://www.dortmund.de/newsroom/presse-mitteilungen/dortmund-zieht-die-haushaltsbremse-fuer-das-vierte-quartal.html,
LEV,"Stadt Leverkusen, Rat",2026-07-13,municipal_resolution,Rat: Haushalt 2026 und HSK 2026–2038 Beschluss,to0050.asp,,https://ris.leverkusen.de/to0050.asp?__ktonr=101086,
GIE,Stadt Gießen,2026-03-19,official_web,Aufsichtsbehörde genehmigt Haushalt 2026,index.php,,https://www.giessen.de/index.php?FID=2874.75631.1&ModID=7&NavID=1894.87.1&object=tx%7C2874.5.1,
STU,Stadt Stuttgart,2025-12-19,official_web,Doppelhaushalt 2026/2027 beschlossen,,,https://www.stuttgart.de/rathaus/finanzen/haushalt/doppelhaushalt-2026-2027/,
STU2,Stadt Stuttgart,2026,official_web,Häufige Fragen zur Haushaltskonsolidierung,haeufige-fragen-zur-haushaltskonsolidierung,,https://www.stuttgart.de/rathaus/finanzen/haushalt/haushaltskonsolidierung/haeufige-fragen-zur-haushaltskonsolidierung,
KIE,"Landeshauptstadt Kiel, Kunstbeirat",2025-11-04,municipal_minutes,Kunstbeirat: Sperre Mai 2025 bis Okt 2025,Kunstbeirat_Protokoll_20251104_barrierefrei.pdf,查看预算冻结和解除段落,https://www.kiel.de/de/kultur_freizeit/stadtgalerie/_dokumente_kunstbeirat/Kunstbeirat_Protokoll_20251104_barrierefrei.pdf,原始会议纪要；解除时间仅精确至月
KIE2,Landeshauptstadt Kiel,2025-05-23,official_web,Haushaltssperre Klimaschutz April/Mai 2025,Klimaschutz_2_2025.php,,https://www.kiel.de/de/umwelt_verkehr/klimaschutz/_news_archiv/Klimaschutz_2_2025.php,
HAM,Hamburg Finanzbehörde,2026-09-04,official_web,Sanierung kommunaler Einrichtungen Hamburg,sanierung-kommunaler-einrichtungen-hamburg-investiert-weiter-in-starke-bezirke-1216126,,https://www.hamburg.de/politik-und-verwaltung/behoerden/finanzbehoerde/aktuelles/sanierung-kommunaler-einrichtungen-hamburg-investiert-weiter-in-starke-bezirke-1216126,
HAM2,Hamburg Finanzbehörde,2025-09-30,official_web,Senat unterstützt bezirkliche Projekte mit 49 Mio EUR,senat-unterstuetzt-projekte-vor-ort-mit-zusaetzlichen-mitteln--1102886,,https://www.hamburg.de/politik-und-verwaltung/behoerden/finanzbehoerde/aktuelles/senat-unterstuetzt-projekte-vor-ort-mit-zusaetzlichen-mitteln--1102886,
HAM3,Hamburg Kultur und Medien,2025,official_web,Neue Gehaltsstruktur für Stadtteilkultur,neue-gehaltsstruktur-fuer-stadtteilkultur-1081694,,https://www.hamburg.de/politik-und-verwaltung/behoerden/behoerde-fuer-kultur-und-medien/aktuelles/neue-gehaltsstruktur-fuer-stadtteilkultur-1081694,
COT,"Stadt Cottbus, Stadtverordnetenversammlung",2025,municipal_resolution,Haushalt: Personalabbau erste 28 Vollzeitäquivalente 2025,getfile.asp,,https://session.cottbus.de/buerger/getfile.asp?id=26068&type=do,
DRE,Landeshauptstadt Dresden,2025-10,municipal_gazette,"Dresdner Amtsblatt Nr 40, 2025",dresdner-amtsblatt-2025-40.pdf,p.15,https://www.dresden.de/media/pdf/amtsblatt/2025/gedruckte-ausgabe/dresdner-amtsblatt-2025-40.pdf,注意按该公报原文核验冻结期限和法律范围
MUC,Landeshauptstadt München,2025,official_web,Haushaltsreden 2025: Haushaltskonsolidierung,haushaltsreden-2025.html,,https://stadt.muenchen.de/infos/haushaltsreden-2025.html,
BREMEN,Senator für Kultur Bremen,2025-09-24,official_web,Etats 2026/27 der Senatorin für Kultur,senator-fuer-kultur-legt-etatentwurf-fuer-2026-und-2027-vor-474650,,https://www.senatspressestelle.bremen.de/pressemitteilungen/senator-fuer-kultur-legt-etatentwurf-fuer-2026-und-2027-vor-474650,
MAGREP,"Landeshauptstadt Magdeburg, Dezernat I",2025,municipal_report_pdf,"Bericht Personal- und Organisationsmanagement 2022–2025: Sperren, Ergebnisse",Bericht_zum_Personal_und_Organisationsmanagement_2022_2025.PDF,"p.15 (PDF p.15, index 14)",https://www.magdeburg.de/PDF/Bericht_zum_Personal_und_Organisationsmanagement_2022_2025.PDF?Ext=PDF&ObjID=25856&ObjLa=1&ObjSvrID=698&WTR=1&_ts=1750843751,2024实际节支620万见第15页；两类岗位管控和例外明文
HANLIB,Landeshauptstadt Hannover,2025,official_web,Nordstadtbibliothek: StadtGemeinschaftsHaus Konzept,Entwicklung-der-Nord%C2%ADstadt%C2%ADbiblio%C2%ADthek-zum-Stadt%C2%ADGemein%C2%ADschafts%C2%ADHaus,,https://www.hannover.de/Service/Presse-Medien/Landeshauptstadt-Hannover/Meldungsarchiv-f%C3%BCr-das-Jahr-2025/Entwicklung-der-Nord%C2%ADstadt%C2%ADbiblio%C2%ADthek-zum-Stadt%C2%ADGemein%C2%ADschafts%C2%ADHaus,
GOEHSK,"Klima-Beirat Göttingen, städtisches Beratungsgremium",2024-12-18,municipal_advisory_pdf,Stellungnahme zum Rat HSK-Beschluss vom 13.12.2024,OWY3ZGJkOTlmN2QzN2ZkYlBDem5VQ3hETE9Da3RUR1pKSVBkZHZnVExLYUwwM05nTmxoQmhrT0hsK20vZFhJalFVdWgyeS9HY2w3UjJHQS9QcFpnK3lsZnJYRmN6VExFVVRlN09XeFBSWm1LaTZMSVZLc3V0TXNrdTYxbzUyeWE0SWY2K0pjUmVybkNLU1BBMjFtRDBhTS96K2lhazFmV1JwY0Z5dz09,p.1,https://nachhaltigkeit.goettingen.de/downloads/datei/OWY3ZGJkOTlmN2QzN2ZkYlBDem5VQ3hETE9Da3RUR1pKSVBkZHZnVExLYUwwM05nTmxoQmhrT0hsK20vZFhJalFVdWgyeS9HY2w3UjJHQS9QcFpnK3lsZnJYRmN6VExFVVRlN09XeFBSWm1LaTZMSVZLc3V0TXNrdTYxbzUyeWE0SWY2K0pjUmVybkNLU1BBMjFtRDBhTS96K2lhazFmV1JwY0Z5dz09,市政府咨询委员会确认市议会于2024-12-13通过方案，具体条款需原始市议会记录
SAAR,Landeshauptstadt Saarbrücken,2026-06-24,official_web,Haushalt 2026: Kommunalaufsicht genehmigt mit reduzierter Kredithöhe,haushalt,,https://www.saarbruecken.de/ne/rathaus/stadtverwaltung/haushalt,
LUD24,"Stadt Ludwigshafen am Rhein, Amtsblatt",2024-04-24,municipal_gazette,2024 Haushaltsatzung: Investitionskredit-Ermächtigung teils versagt,2024-04-24_Amtsblatt_30.pdf,p.3 (PDF zero-index 2),https://www.ludwigshafen.de/fileadmin/Websites/Stadt_Ludwigshafen/Buergernah/Rathaus/Amtsblatt/2024/2024-04-24_Amtsblatt_30.pdf,部分拒绝为2024投资贷款批准额，未必对应项目削减；2025/26结局待查
ROSBUD,Hansestadt Rostock Kämmereiamt,2026-07-24,official_web,Haushalt 2026/27: approved municipal budget and HSK,252802,,https://rathaus.rostock.de/de/service/aemter/kaemmereiamt/haushaltsplaene/252802,
ROSPER,Hansestadt Rostock Ratsinformationssystem,2025,municipal_proposal,"Entwurf 2026/27: Stellenplan 2,683.77 FTE ceiling since 2024-06-24",vo020,,https://ksd.rostock.de/bi/vo020?TOLFDNR=7219310&VOLFDNR=1029245&refresh=false,
ROSSPER,Hansestadt Rostock Ratsinformationssystem,2026-01-14,municipal_resolution,Proposed additional replacement hiring freeze: rejected,vo020,"Jan 8 committee rejection, Jan 14 council rejection",https://ksd.rostock.de/bi/vo020?0-1.0-teildocuments-4-showHideLink=&VOLFDNR=1029658&refresh=false,
ROSFRZ,Hansestadt Rostock,2025-07-23,municipal_order,Anordnung einer Haushaltssperre 2025 gemäß §51 KV M-V,vo020,PDF p.1,https://ksd.rostock.de/bi/vo020?0--anlagenHeaderPanel-attachmentsList-0-attachment-link=&TOLFDNR=7216980&VOLFDNR=1029001&refresh=false,"3,420,156 EUR running budgets locked, personnel saving targets are prospective"
AGS,Statistikportal der Statistischen Ämter des Bundes und der Länder,2026,admin_reference,AGS municipality key lookup portal,gemeindeverzeichnis,,https://www.statistikportal.de/de/gemeindeverzeichnis,只填写官网检索核实的编码，其余空置
STB26A,Stadt Straubing,,official_press,Stadtbibliothek Straubing – Neue Öffnungszeiten seit 01. Juni,,,https://www.straubing.de/aktuelle-meldungen/5265.Stadtbibliothek-Straubing.html,网页2025年相关公告；无明确发布日期，生效时间由原文确认；人员容量不足
HD25A,Stadt Heidelberg,2025-06-05,official_press,ÖPNV: Änderungen ab dem 23. Juni 2025,,,https://www.heidelberg.de/HD/Presse/05_06_2025%2Boepnv%2Bin%2Bheidelberg_%2Bwas%2Bsich%2Bab%2Bdem%2B23_%2Bjuni%2B2025%2Baendert.html,
HD26A,Stadt Heidelberg,2026-06-12,official_press,ÖPNV: Linien 27 und Moonliner 4,,,https://www.heidelberg.de/7071_34581_34869_284696_1219308_5897207_5896927.html,
BON25A,Bundesstadt Bonn,2025-05-19,official_press,Bezirksregierung genehmigt Bonner Haushalt 2025/2026,,,https://www.bonn.de/pressemitteilungen/mai/bezirksregierung-genehmigt-bonner-haushalt-2025-2026.php?loc=de,
BON26A,Bundesstadt Bonn,2026-09-08,official_press,Kämmerer verhängt Haushaltsstopp,,,https://international.bonn.de/press-releases/september-2026/treasurer-fark-imposes-a-budget-freeze-on-bonn.php?loc=de,市政府官方页面但内容自动机翻德文版，数字按页面说明审慎引用
BON26B,Bundesstadt Bonn,2026-07-15,official_press,Haushaltsklausur: Stadthaus-Areal angehalten,,,https://www.bonn.de/pressemitteilungen/juli-2026/haushaltsklausur-des-verwaltungsvorstands.php?loc=de,
BON26C,Bundesstadt Bonn,2026-09-25,official_press,Bonner Klimaticket wird zum Jahresende 2026 eingestellt,,,https://www.bonn.de/pressemitteilungen/september-2026/bonner-klimaticket-wird-zum-jahresende-2026-eingestellt.php?loc=de,官方页面检索索引可读，正文网页打开曾返回503；已审阅搜索摘录并限缩为原文可确认字段
BON26D,Bundesstadt Bonn,2026-10-03,official_press,Haushaltsklausur: weitere Maßnahmen und Prüfaufträge,,,https://www.bonn.de/pressemitteilungen/oktober-2026/haushaltsklausur-vorstand-beschliesst-weitere-massnahmen-und-pruefauftraege.php?loc=de,
HAL25A,Stadt Halle (Saale),2025-03-27,official_press,OB ordnet interne Haushaltssperre an,,,https://halle.de/verwaltung-stadtrat/presseportal/nachrichten/nachricht/oberbuergermeister-ordnet-interne-haushaltssperre-an,
HAL25B,Stadt Halle (Saale),2025-04-15,official_press,OB modifiziert Haushaltssperre,,,https://halle.de/verwaltung-stadtrat/presseportal/nachrichten/nachricht/oberbuergermeister-modifiziert-haushaltssperre,
HAL25C,Stadt Halle (Saale),2025-06-13,official_press,Oberbürgermeister ordnet Haushaltssperre an,,,https://halle.de/verwaltung-stadtrat/presseportal/nachrichten/nachricht/oberbuergermeister-ordnet-haushaltsperre-an,
HAL25D,Stadt Halle (Saale),2025-06-30,official_press,Nachtragshaushalt 2025 erhält Genehmigung mit Auflagen,,,https://halle.de/verwaltung-stadtrat/presseportal/nachrichten/nachricht/nachtragshaushalt-2025-stadt-halle-saale-erhaelt-genehmigung-mit-auflagen,
KRE24A,Stadt Krefeld – Zentrales Gebäudemanagement,2024-12-05,official_committee_pdf,Wirtschaftsplan 2025: Projekte zurückgestellt oder nur Planungsansätze,Betriebsausschuss_ZGM_05.12.2024_Wirtschaftsplan.pdf,Folie »Rahmenbedingungen / Reduzierung auf Planungsansätze«,https://ris.krefeld.de/sdnetrim/UGhVM0hpd2NXNFdFcExjZZcDDstxYGhNS7FuNPe0gj2QKlUjqsQXPPz8P011qfGu/Betriebsausschuss_ZGM_05.12.2024_Wirtschaftsplan.pdf,网页独立打开403，但官方RIS搜索索引提取到具体项目列表；不提升为已停工或最终取消
TRI25A,Stadt Trier,2025,official_budget_pdf,"Stellenplan der Stadt Trier für Haushaltsjahr 2025, Anlage 1",7-stellenplan-der-stadt-trier-fuer-das-haushaltsjahr-2025-inklusive-der-veraenderungen.pdf,PDF S.154/188 (=p.153),https://www.trier.de/File/7-stellenplan-der-stadt-trier-fuer-das-haushaltsjahr-2025-inklusive-der-veraenderungen.pdf,原文本称约61新岗位申请，26.5新VZÄ+0.85岗位增量纳入2025编制；避免把未获批准的岗位直接说成裁员
UNN26A,Kreis Unna,2026-09-08,official_press,Landrat will Haushalt sichern,,,https://www.kreis-unna.de/Serviceportal/Nachrichten/Landrat-will-Haushalt-sichern.php?FID=3674.12581.1&ModID=7&NavID=3674.122&call=suche&kat=3674.136&max=3&object=tx%2C3674.5.1&topic=1,
SOE26A,Kreis Soest,,official_service_page,Entdeckerbus: Fahrtenförderung Schuljahr 2026/27 ausgesetzt,,,https://www.kreis-soest.de/familie-bildung/alle-themen-1/entdeckerbus,未给定页面更新日和县级预算冻结精确日期，仅确认2026/27学年不给予此项资助
WIT26A,Landkreis Wittenberg / Landesverwaltungsamt Sachsen-Anhalt,2026-01-19,official_gazette_pdf,Bekanntmachung Haushaltssatzung 2026: Aufsichtsverfügung vom 16.01,349.-Bekanntmachung-der-Haushaltssatzung-des-Landkreises-Wittenberg-fuer-das-Haushaltsjahr-2026.pdf,S.3/3 (p.2),https://www.landkreis-wittenberg.de/wp-content/uploads/2026/01/349.-Bekanntmachung-der-Haushaltssatzung-des-Landkreises-Wittenberg-fuer-das-Haushaltsjahr-2026.pdf,监管批准但要求财政执行冻结且确保财务预测至少改善290.3万欧元；这是触发/最低改善要求而非已节省的金额
HAN26A,Landeshauptstadt Hannover,,official_service_page,Nordstadtbibliothek: Öffnungszeiten,,,https://www.hannover.de/Leben-in-der-Region-Hannover/Bildung/Bibliotheken-Archive/Stadtbibliothek-Hannover/Service-und-Angebote/Bibliotheken-%C3%96ffnungszeiten,2026-10-09页面证明仍作为市图书馆运营；未证明临时改建闭馆与财政有因果关系
HAN25A,Landeshauptstadt Hannover,2025,official_press,Nordstadtbibliothek als StadtGemeinschaftsHaus weiterentwickeln,,,https://www.hannover.de/Service/Presse-Medien/Landeshauptstadt-Hannover/Meldungsarchiv-f%C3%BCr-das-Jahr-2025/Entwicklung-der-Nord%C2%ADstadt%C2%ADbiblio%C2%ADthek-zum-Stadt%C2%ADGemein%C2%ADschafts%C2%ADHaus,
HAV26,Landkreis Havelland,2026-08-10,official_press,Kämmerer verhängt Haushaltssperre,,,https://www.havelland.de/presse/einzelansicht/news/detail/article/finanzielle-lage-des-landkreises-stark-angespannt-kaemmerer-verhaengt-haushaltssperre/print-version/,仅登记官方公告明确记载的实施事实，不把财政预测赤字当成冻结资金
BAR26,Landkreis Barnim,2026-07-07,official_county_press_distribution,Landkreis Barnim verhängt Haushaltssperre,,,https://www.mynewsdesk.com/de/landkreis-barnim/pressreleases/landkreis-barnim-verhaengt-haushaltssperre-3457777,仅登记官方公告明确记载的实施事实，不把财政预测赤字当成冻结资金
LOE26,Landkreis Lörrach,2026-06-22,official_press,Landkreis Lörrach erlässt Haushaltssperre,,,https://www.loerrach-landkreis.de/de/Service-Verwaltung/Fachbereiche/Finanzen/Aktuelles/Aktuell?id=8038&item=article&view=publish,仅登记官方公告明确记载的实施事实，不把财政预测赤字当成冻结资金
FOR26,Landratsamt Forchheim,2026-09-21,official_press,Landkreis Forchheim erlässt Haushaltssperre,,,https://landkreis-forchheim.de/Aufgabenbereiche/Presse-und-%C3%96ffentlichkeitsarbeit/Pressemitteilungen/PM2026_220.php?FID=3925.34790.1&ModID=7&NavID=3925.77&object=tx%2C3925.5.1,仅登记官方公告明确记载的实施事实，不把财政预测赤字当成冻结资金
BRH-LIB26,Magistrat der Stadt Bremerhaven,2026-03-23,official_press,Stadtbibliothek ab dem 7. April dienstags geschlossen,,,https://www.bremerhaven.de/de/aktuelles/stadtbibliothek-ab-dem-7-april-dienstags-geschlossen.176032.html,从2026-04-07主馆周二关闭；仅人员不足不自动归因财政；经地方媒体与开放时间交叉验证
BRH-LIB-OPEN,Magistrat der Stadt Bremerhaven,,official_facility_listing,"Stadtbibliothek Bremerhaven, laufende Öffnungszeiten",,,https://www.bremerhaven.de/de/verwaltung-politik-sicherheit/buergerservice/adressen-oeffnungszeiten/stadtbibliothek-bremerhaven.22494.html,2026-10-09读取仍列周二关闭；动态网页不保留固定发布日期
BRH-LIB-RB,Radio Bremen,2026-03-26,public_broadcaster,Fehlender Haushalt: Bremerhavener Stadtbibliothek bleibt dienstags zu,,,https://www.butenunbinnen.de/nachrichten/bremerhaven-stadtbibliothek-haushalt-geschlossen-100.html,查问市府确认临时预算管理下岗位空缺无法补聘，支持财政与人员之间的因果联系
AUG26,Stadt Augsburg,2026-09-29,official_faq,Haushaltssperre 2026,,,https://www.augsburg.de/buergerservice-rathaus/rathaus/finanzen/haushaltssperre-2026,9月24日起；官方明确现有泳池图书馆工程不关闭；网页最后更新9/29
MG26,Stadt Mönchengladbach,2026-07-02,official_press,Stadtkämmerer verfügt Haushaltssperre zur Stabilisierung der Finanzlage,,,https://www.moenchengladbach.de/aktuell-aktiv/newsroom/stadtkaemmerer-verfuegt-haushaltssperre-zur-stabilisierung-der-finanzlage,7/3起至12/31计划；10%仅适用于限定预算；人事子措施
LEI-SUP25,Landesdirektion Sachsen,2025-09-22,state_supervisor_notice,Landesdirektion Sachsen genehmigt Haushalt 2025/2026 der Stadt Leipzig,,,https://www.medienservice.sachsen.de/medien/news/1090751,附条件准予执行；新贷款需证明为必要法定投资，要求2027 HSK，不能误写为预算未批准
LEI-DATA26,Stadt Leipzig / Open Data Portal,,municipal_open_data,Doppelhaushalt 2025/26 – Unterlagen und Datensätze auf einen Blick,,,https://www.opendata.leipzig.de/dataset/doppelhaushalt-2025-26-alle-unterlagen-und-datensatze-auf-einen-blick,市议会2025-03-12通过，LDS2025-09-22批准；内含9/24财政冻结报告目录
ZW-APP25,Stadt Zwickau,2025-04-16,official_press,„Haushaltslose“ Zeit endet Ende kommender Woche,,,https://www.zwickau.de/de/aktuelles/pressemitteilungen/2025/04/154.php?print=1,2025预算4/25生效，监管附严格管理和年终报告条件
ZW-HSK26,Stadt Zwickau,2026-04-24,municipal_bulletin_pdf,Haushaltsstrukturkonzept steht zur Beschlussfassung an,2026_08.pdf,S.1,https://www.zwickau.de/media/downloads/image/01_buerger/amtsblatt/2026/2026_08.pdf,106措施草案、2026约570万欧元预计改善；这份市府刊物出版时议会尚未表决
ZW-HSK-NEWS,Antenne Sachsen,2026-05-01,secondary_news,"Schlagabtausch, Appell und dann war das Sparpaket beschlossen",,,https://www.antennesachsen.de/beitrag/schlagabtausch-appell-und-dann-war-das-sparpaket-beschlossen-890130/,当地新闻称4/30获多数通过；逐项法规/措施仍待议会单独通过，正式记录待核
DUI-HSK26,Stadt Duisburg,2026-09-29,official_press,Einbringung des Doppelhaushalts 2027/2028 und des Haushaltssicherungskonzepts bis 2037,,,https://www.duisburg.de/pressemitteilungen/pm/2026/september/einbringung-des-doppelhaushalts-2027-2028-und-des-haushaltssicherungskonzepts-bis-2037,2026-09-29提交草案，2037年度目标418百万欧元，绝非2026实绩
DUI-HSK-PAGE,Stadt Duisburg,,official_status_page,Haushaltssicherungskonzept der Stadt Duisburg 2027,,,https://duisburg.de/allgemein/fachbereiche/i-20-stadtkaemmerei/Haushaltssicherungskonzept-2027,官网FAQ确认2026-09-28草案提议、2026-11-23预期表决；2026-10-09前未通过
KR-BF26,Stadt Krefeld,,municipal_official_index,Kämmerer verhängt Haushaltssperre,,,https://www.krefeld.de/kaemmerer-verhaengt-haushaltssperre,官方结果可检索但访问403；参照WDR独立报道，不能推断准确解除日
KR-STATE26,Welle Niederrhein,2026-09-02,regional_broadcaster,Bezirksregierung gibt Krefelder Haushalt frei,,,https://www.welleniederrhein.de/artikel/bezirksregierung-gibt-krefelder-haushalt-frei-2744114,报道预算获批并表示拟解除冻结；“拟解除”不等于已解除
KR-WDR26,Westdeutscher Rundfunk,2026-09-09,public_broadcaster,Haushaltssperren: Harter Sparkurs in vielen NRW-Kommunen,,,https://www1.wdr.de/nrw/haushalt-staedte-kreise-nrw-haushalt-sparen-finanznot-102.html,2026-09-09新闻说克雷费尔德此前已宣布将于预算生效后解除；具体执行仍未确认
VIE26,Stadt Viersen,,municipal_official_page,Informationen zur Haushaltssperre,,,https://www.viersen.de/rathaus-politik/publikationen/haushalt/informationen-zur-haushaltssperre,官网搜索摘要明确2026年5月起预算冻结；具体实施日期暂不确定；网站直接访问403
DVB-BUS25,Dresdner Verkehrsbetriebe AG,2025-05-28,operator_official_pdf,Änderungen im Liniennetz ab dem 2. Juni 2025,linienaenderungen_ab-020625.pdf,S.1,https://www.dvb.de/-/media/files/aktuelles/linienaenderungen_ab-020625.pdf,官方公交公司公布6/2起节支缩短74路，PDF需复核原版，不能混作道路施工改线
HAL-BAD26,Stadt Hallenberg,2026-04-23,official_press,Naturbad Hallenberg bleibt 2026 geschlossen,,,https://www.stadt-hallenberg.de/buergerservice/veroeffentlichungen/pressemeldungen/presseartikel/default-1dbeff87eaff78acf01c5ae4fd13878e,市议会4/15一致决定2026游泳季停开，损耗和财力均为原因；翻修概算240万不是当年节省
HAL-BAD-OCT,Stadt Hallenberg,2026-10-02,official_press,"Bürgerversammlung zum Freibad: Förderung als Chance, Finanzierung als Aufgabe",,,https://www.stadt-hallenberg.de/buergerservice/veroeffentlichungen/pressemeldungen/presseartikel/buergerversammlung-zum-freibad-foerderung-als-chance-finanzierung-als-aufgabe,资金资助获准但需约170万市政自筹；市民研讨会并非正式批准重建
HAL-HALLEN,Stadt Hallenberg,,official_facility_listing,Hallenbad Hallenberg – Öffnungszeiten,,,https://www.stadt-hallenberg.de/freizeit-kultur/freizeit-sport/hallenbad,现行市政室内泳池营业时间可查；2026夏季用作自然泳池替代
HAL-RIS,Stadt Hallenberg / Ratsinformationssystem,2026-04-15,council_document_index,Naturbad Inbetriebnahme und Sanierung 37/2026-DS,,,https://rat.stadt-hallenberg.de/vorlagen,议会文件含2026-04-15 Naturbad Inbetriebnahme und Sanierung及运营核算附件
MUC-MVG27,Münchner Verkehrsgesellschaft,2026-07-29,municipal_operator_press,MVG-Fahrplan 2027,,,https://www.mvg.de/mvg/presse/pressemeldungen/2026-07-29-mvg-fahrplan-2027,2026-07-29市议会批准，自2026-12-13执行；U7、Tram25、约20条公交不同程度缩班，部分新增/改善同步存在
ER-COUNCIL,Stadt Erlangen / Ratsinformationssystem,2026-07-30,council_minutes,TOP Ö 27 – Maßnahmen zur Kosteneinsparung im ÖPNV,,,https://ratsinfo.erlangen.de/to0050.asp?__ktonr=5074451,正式决议32:15通过但分项单独表决；该页面检索可核、直接读取有时超时
ER-ADOPT,Stadt Erlangen / Ratsinformationssystem,2026-07-30,council_final_resolution,613/389/2026/1 Maßnahmen zur Kosteneinsparung im ÖPNV,,,https://ratsinfo.erlangen.de/vo0050.asp?__kvonr=2141850,最终文本与7/14初稿不同，按7/30终案 +7/31市政RathausReport报道的细节录入
ER-CITY-REPORT,"Stadt Erlangen (RathausReport), reproduced by Der neue Wiesentbote",2026-07-31,municipal_press_reprint,RathausReport der Stadt Erlangen vom 31. Juli 2026,,,https://www.wiesentbote.de/2026/07/31/rathausreport-der-stadt-erlangen-vom-31-juli-2026/,市府新闻稿转载：299由15至30min、298仅下午14时起、取消部分节庆加强，终案年节约预测76万欧元、非初稿114万
ER-FREEFARE,Stadt Erlangen,2026-07-01,official_press,Kostenloser Innenstadtbereich wird Ende 2026 eingestellt,,,https://erlangen.de/aktuelles/kostenloser-innenstadtbereich-wird-ende-2026-eingestellt,市议会2026-04-27决定2026-12-31结束免费内城公交试点；CityLinie继续运营
ER-CITY-CONT,Stadt Erlangen / Ratsinformationssystem,2026-07-14,council_docket,Weiterbetrieb der CityLinie im Jahr 2027 (613/390/2026),,,https://ratsinfo.erlangen.de/vo0050.asp?__kvonr=2141800,持续运营与删减频率并存；原文件记载预计2026-07-30送市议会终审，若缺投票原件不能推论所有条款已生效
ER-TAX,Stadt Erlangen / Ratsinformationssystem,2026-07-30,council_resolution,30/142/2026 Neuerlass der Zweitwohnungsteuersatzung,,,https://ratsinfo.erlangen.de/vo0050.asp?__kvonr=2141720,市议会通过2027-01-01引入第二住所税、16%年租金税率；收入只有预测尚非已结算
HALLE-BUD26,Stadt Halle (Saale),2026-07-03,official_municipal_budget_history,Haushaltspläne – Chronologie Haushalt 2026,,,https://halle.de/verwaltung-stadtrat/stadtpolitik-und-ortsrecht/haushalt/haushaltsplaene,州监督5月4日不再反对预算、允许向公益服务机构拨款；6月26日对修正预算未提出异议，7/3正式公布
AGS-ER,Statistikportal.de,2026-09-30,official_geo_registry,09562000 Erlangen,,,https://www.statistikportal.de/de/gemeindeverzeichnis/09562000,官方AGS核验
AGS-MUC,Statistikportal.de,2026-09-30,official_geo_registry,09162000 München,,,https://www.statistikportal.de/de/gemeindeverzeichnis/09162000,官方AGS核验
AGS-HALLE,Statistikportal.de,2026-09-30,official_geo_registry,15002000 Halle (Saale),,,https://www.statistikportal.de/de/gemeindeverzeichnis/15002000,官方AGS核验
GEO-09263000,Statistikportal.de (Statistische Ämter des Bundes und der Länder),,official_geo_registry,09263000 | Straubing,,,https://www.statistikportal.de/de/gemeindeverzeichnis/09263000,Stichtag Gebietsstand 30.09.2026; AGS ist achtstellig.
GEO-08221000,Statistikportal.de (Statistische Ämter des Bundes und der Länder),,official_geo_registry,08221000 | Heidelberg,,,https://www.statistikportal.de/de/gemeindeverzeichnis/08221000,Stichtag Gebietsstand 30.09.2026; AGS ist achtstellig.
GEO-05314000,Statistikportal.de (Statistische Ämter des Bundes und der Länder),,official_geo_registry,05314000 | Bonn,,,https://www.statistikportal.de/de/gemeindeverzeichnis/05314000,Stichtag Gebietsstand 30.09.2026; AGS ist achtstellig.
GEO-15002000,Statistikportal.de (Statistische Ämter des Bundes und der Länder),,official_geo_registry,15002000 | Halle (Saale),,,https://www.statistikportal.de/de/gemeindeverzeichnis/15002000,Stichtag Gebietsstand 30.09.2026; AGS ist achtstellig.
GEO-05114000,Statistikportal.de (Statistische Ämter des Bundes und der Länder),,official_geo_registry,05114000 | Krefeld,,,https://www.statistikportal.de/de/gemeindeverzeichnis/05114000,Stichtag Gebietsstand 30.09.2026; AGS ist achtstellig.
GEO-07211000,Statistikportal.de (Statistische Ämter des Bundes und der Länder),,official_geo_registry,07211000 | Trier,,,https://www.statistikportal.de/de/gemeindeverzeichnis/07211000,Stichtag Gebietsstand 30.09.2026; AGS ist achtstellig.
GEO-03241001,Statistikportal.de (Statistische Ämter des Bundes und der Länder),,official_geo_registry,03241001 | Hannover,,,https://www.statistikportal.de/de/gemeindeverzeichnis/03241001,Stichtag Gebietsstand 30.09.2026; AGS ist achtstellig.
GEO-09161000,Statistikportal.de (Statistische Ämter des Bundes und der Länder),,official_geo_registry,09161000 | Ingolstadt,,,https://www.statistikportal.de/de/gemeindeverzeichnis/09161000,Stichtag Gebietsstand 30.09.2026; AGS ist achtstellig.
GEO-01001000,Statistikportal.de (Statistische Ämter des Bundes und der Länder),,official_geo_registry,01001000 | Flensburg,,,https://www.statistikportal.de/de/gemeindeverzeichnis/01001000,Stichtag Gebietsstand 30.09.2026; AGS ist achtstellig.
GEO-05515000,Statistikportal.de (Statistische Ämter des Bundes und der Länder),,official_geo_registry,05515000 | Münster,,,https://www.statistikportal.de/de/gemeindeverzeichnis/05515000,Stichtag Gebietsstand 30.09.2026; AGS ist achtstellig.
GEO-15001000,Statistikportal.de (Statistische Ämter des Bundes und der Länder),,official_geo_registry,15001000 | Dessau-Roßlau,,,https://www.statistikportal.de/de/gemeindeverzeichnis/15001000,Stichtag Gebietsstand 30.09.2026; AGS ist achtstellig.
GEO-12061260,Statistikportal.de (Statistische Ämter des Bundes und der Länder),,official_geo_registry,12061260 | Königs Wusterhausen,,,https://www.statistikportal.de/de/gemeindeverzeichnis/12061260,Stichtag Gebietsstand 30.09.2026; AGS ist achtstellig.
MUE-2026-FREEZE,Stadt Münster,2026-09-08,municipal_official_release,Stadt Münster verhängt Haushaltssperre,,,https://www.stadt-muenster.de/aktuelles/newsdetail/stadt-muenster-verhaengt-haushaltssperre,即时冻结，仅限制新支出，不撤销原有预算。
MUE-2026-STAFF,Stadt Münster,2026-09-25,municipal_official_release,Haushaltskrise: Stadt spart beim Personal,,,https://www.stadt-muenster.de/aktuelles/newsdetail/haushaltskrise-stadt-spart-beim-personal,
MUE-2026-GRANTS,Stadt Münster,2026-09-29,municipal_official_release,Trotz Haushaltssperre: Zuwendungen für Träger gesichert,,,https://www.stadt-muenster.de/aktuelles/newsdetail/trotz-haushaltssperre-zuwendungen-fuer-traeger-gesichert,
MUE-2026-POOLS,Stadt Münster,2026-09-16,municipal_official_release,Hallenbäder Wolbeck und Roxel öffnen wieder für den öffentlichen Badebetrieb,,,https://www.stadt-muenster.de/aktuelles/newsdetail/hallenbaeder-wolbeck-und-roxel-oeffnen-fuer-oeffentlichen-badebetrieb,2026-11-07/14 为未来开放安排，不是已完成。
MUE-2026-APPROVED,Stadt Münster,2026-06-09,municipal_official_release,Bezirksregierung genehmigt Doppelhaushalt 2026/27,,,https://www.stadt-muenster.de/aktuelles/newsdetail/bezirksregierung-genehmigt-doppelhaushalt-2026-27,
MUE-2026-PORTAL,Stadt Münster,2026-10-07,municipal_finance_portal,Die Finanzen der Stadt Münster,,,https://www.stadt-muenster.de/stadtfinanzen,9月岗位控制、8日冻结、2026-10-07最新更新。
DES-2026-MAY,Stadt Dessau-Roßlau,,municipal_official_release,Haushalt tritt Ende Mai in Kraft,,,https://verwaltung.dessau-rosslau.de/stadt-buerger/neuigkeiten/detailseite/article/haushalt-tritt-ende-mai-in-kraft.html,4月22日市议会决议，预期5月29日公报生效；需核对实际公报。
DES-2026-SEP,Stadt Dessau-Roßlau,2026-09-25,municipal_official_release,Verschärfte Haushaltssperre für 2026,,,https://verwaltung.dessau-rosslau.de/stadt-buerger/neuigkeiten/detailseite/article/verschaerfte-haushaltssperre-fuer-2026.html,发布日期据市政府新闻目录2026-09-25；具体措施以正文为准。
FLE-2026-BUDGET,Stadt Flensburg,,municipal_finance_portal,Finanzwirtschaft / Haushalt 2026: aufsichtliche Genehmigung,,,https://www.flensburg.de/Politik-Verwaltung/Stadtverwaltung/Finanzen/Finanzwirtschaft/,2025-12-11议会通过；2026-01-20内政厅附限制批准。
KWH-2026-LIMIT,Stadt Königs Wusterhausen,,municipal_official_release,Aktionstag KOMMUNEN AM LIMIT,,,https://www.koenigs-wusterhausen.de/aktionstag-kommunen-am-limit-c06a920f326921c4,市府官方事实陈述，不等于已找到工程正式取消决议。
ING-2026-TRANSIT,VGI Verkehrsverbund Großraum Ingolstadt,,official_transport_operator,Fahrplanwechsel Stadtbus Ingolstadt - März 26,,,https://www.vgi.de/fahrplanwechsel-maerz-2026-stadtbus-ingolstadt,运营商明确列出因市财政整顿而变更线路，自2026-03-30开始。
BER-2025-YOUTH,Bezirksamt Treptow-Köpenick Berlin,2025-10-20,district_official_release,Keine Schließungen von Jugendfreizeiteinrichtungen,,,https://www.berlin.de/ba-treptow-koepenick/aktuelles/pressemitteilungen/2025/pressemitteilung.1608354.php,政策声明“本区无青年活动机构因2026/27预算关闭”，不证明每家机构持续开放至今。
KOE-2026-LIB-DAYS,Stadt Köln,2026-05-29,municipal_official_release,Montag einheitlicher Schließtag in Stadtteilbibliotheken,,,https://www.stadt-koeln.de/politik-und-verwaltung/presse/mitteilungen/28434/index.html,2026-06-29起统一闭馆日，公告明确总开放时数不变，排除财政紧缩记录。
BER-2026-HEAT,Bezirksamt Spandau Berlin,2026-06-27,district_official_release,Hitzebedingte Schließung der Bezirkszentralbibliothek,,,https://www.berlin.de/ba-spandau/aktuelles/pressemitteilungen/2026/pressemitteilung.1686678.php,暑热闭馆与财政无关，排除。
BER-2026-TRAIN,Bezirksamt Steglitz-Zehlendorf Berlin,2026-09-11,district_official_release,Schließtage im September und Oktober – Bibliothek,,,https://www.berlin.de/ba-steglitz-zehlendorf/aktuelles/pressemitteilungen/2026/pressemitteilung.1712840.php,培训、节庆及建设筹备导致关闭，未证实财政原因，排除。
KAR26-POOL-DECN,Stadt Karlsruhe,2026-04-29,official_website,Vorerst Weiterbetrieb für das Rappele: Gemeinderat beschließt eingeschränktes Betriebsmodell,,,https://www.karlsruhe.de/stadt-rathaus/aktuelles/meldungen/gemeinderat-stimmt-betriebskonzept-fuer-rappele-zu,
KAR26-POOL-OPS,Bäderbetriebe Karlsruhe,,official_website,Rheinstrandbad Rappenwört 2026: Öffnungszeiten und geschlossene Teilbereiche,,,https://www.ka-baeder.de/die-karlsruher-baeder/rheinstrandbad-rappenwoert,2026 season 23 May–30 Aug; exceptional weather closures must not be misclassified as austerity
KAR26-AGS,Statistische Ämter des Bundes und der Länder,,official_statistical_register,Amtliches Gemeindeverzeichnis Karlsruhe (08212000),,,https://www.statistikportal.de/de/gemeindeverzeichnis/08212000,
NEU26-FREEZE,Stadt Neuhaus am Rennweg,2026-09-08,official_website,Erneute Haushaltswirtschaftliche Sperre 2026 und Pflicht zum Haushaltssicherungskonzept,,,https://www.neuhaus-am-rennweg.de/news/1/1283392,
NEU26-GAZETTE,Stadt Neuhaus am Rennweg / Amtsblatt Nr.09/2026,2026-09,official_municipal_gazette,Erneute Anordnung einer Haushaltswirtschaftlichen Sperre gemäß §28 ThürGemHV,,,https://ol.wittich.de/titel/1723/ausgabe/9/2026/artikel/00000000000054779772-OL-1723-2026-38-9-0,Page contains typo claiming Dec 2026 official publication of 2025 budget; do not copy. Evidence includes investment itemization.
NEU26-AGS,Thüringer Landesamt für Statistik,,official_statistical_register,"Gemeindeblatt Neuhaus am Rennweg, AGS 16072013",,,https://statistik.thueringen.de/datenbank/gemeindeblatt.asp?gemnr=72013,
BAD26-OPERATOR,Förderverein Freibad Bad Iburg e. V.,2026-06-01,facility_operator_primary,"Bürgerbad Wiedereröffnung 15. Mai 2026, Öffnungszeiten und Betriebsnachrichten",,,https://www.freibadiburg.de/,"2026-06-01 is publication of opening retrospective within page, not page-wide last updated"
BAD26-NDR-REOPEN,Norddeutscher Rundfunk,2026-05-15,public_broadcaster_eyewitness,Nach 30000 Arbeitsstunden: Bad Iburger eröffnen ihr Freibad,,,https://www.ndr.de/nachrichten/niedersachsen/osnabrueck_emsland/buerger-retten-freibad-in-bad-iburg-gemeinschaftsprojekt%2Cbuergerbad-bad-iburg-100.html,
BAD26-NDR-VISIT,Norddeutscher Rundfunk,2026-07-20,public_broadcaster_followup,Bad Iburg Besucherrekord im neu eröffneten Bürgerbad,,,https://www.ndr.de/nachrichten/niedersachsen/osnabrueck_emsland/bad-iburg-besucherrekord-in-neu-eroeffnetem-buergerbad%2Caktuellosnabrueck-2344.html,
BAD26-AGS,Statistische Ämter des Bundes und der Länder,,official_statistical_register,Bad Iburg AGS 03459004,,,https://www.statistikportal.de/de/gemeindeverzeichnis/03459004,
HAN26-SWIM,Landeshauptstadt Hannover,2026-05,official_website,Freibadsaison beginnt: 2026 keine Einschränkungen wie 2025,,,https://www.hannover.de/Service/Presse-Medien/Landeshauptstadt-Hannover/Aktuelle-Meldungen-und-Veranstaltungen/Freibadsaison-beginnt,
HAN26-AGS,Statistische Ämter des Bundes und der Länder,,official_statistical_register,Hannover AGS 03241001,,,https://www.statistikportal.de/de/gemeindeverzeichnis/03241001,
BER26-ZLB,Zentral- und Landesbibliothek Berlin,,public_library_direct_report,Information zu den Mittelkürzungen: 2026/27 Haushaltsdruck und Serviceänderungen,,,https://www.zlb.de/kuerzungen/,
SAAR26-BUD-FINAL,Landeshauptstadt Saarbrücken,2026-06-24,official_website,Haushaltssatzung 2026: rechtsaufsichtliche Genehmigung mit gekürzter Kreditermächtigung,,,https://www.saarbruecken.de/ne/rathaus/stadtverwaltung/haushalt,
BER26-AGS,Statistische Ämter des Bundes und der Länder,,official_statistical_register,Amtliches Gemeindeverzeichnis Berlin (11000000),,,https://www.statistikportal.de/de/gemeindeverzeichnis/11000000,
MZ26-SUP,Landeshauptstadt Mainz,2026-04-23,municipal_official_press,ADD genehmigt Haushalt der Stadt Mainz unter Auflagen,,,https://www.mainz.de/pressemeldungen/Mainz/2026/april/add-genehmigt-haushalt,2026-10-09核验来源内容；原始页面时间若未明示则留空
MZ26-DRAFT27,Landeshauptstadt Mainz,2026-09-02,municipal_budget_draft,Haushalt 2027: Defizit wird trotz Konsolidierungspaket wachsen,,,https://www.mainz.de/pressemeldungen/Mainz/2026/september/haushalt-2027-defizit-wird-trotz-konsolidierungspaket-wachsen,2026-10-09核验来源内容；原始页面时间若未明示则留空
MZ26-POOL,Landeshauptstadt Mainz,2026-09-29,municipal_grant_notice,Bundesförderung gesichert: über eine Million Euro fürs Lehrschwimmbad,,,https://www.mainz.de/pressemeldungen/Mainz/2026/bundesfoerderung-gesichert-ueber-eine-million-euro-fuer-die-sanierung-des-lehrschwimmbads-der-theodor-heuss-schule,2026-10-09核验来源内容；原始页面时间若未明示则留空
DA26-APP,Wissenschaftsstadt Darmstadt,2026-03-11,municipal_official_press,Regierungspräsidium Darmstadt genehmigt Haushalt 2026,,,https://www.darmstadt.de/presseportal/pressemitteilungen/einzelansicht/regierungspraesidium-darmstadt-genehmigt-haushalt-2026,2026-10-09核验来源内容；原始页面时间若未明示则留空
GI26-FREEZE,Universitätsstadt Gießen,2026-09-15,municipal_official_press,Haushaltssperre und Nachtragshaushalt: Jugendhilfe und Personal belasten Haushalt,,,https://www.giessen.de/Rathaus/Newsroom/Aktuelle-Meldungen/Haushaltssperre-und-Nachtragshaushalt-Steigende-Kosten-in-Jugendhilfe-und-Personal-belasten-Haushalt.php?FID=2874.77323.1&ModID=255,2026-10-09核验来源内容；原始页面时间若未明示则留空
OF26-APP,Stadt Offenbach am Main,2026-06-19,municipal_official_press,Regierungspräsidium Darmstadt genehmigt Haushalt 2026 der Stadt Offenbach,,,https://www.offenbach.de/buerger_innen/rathaus-politik/haushalt-und-finanzen/meldungen/hh2026-genehmigt19.06.2026.php?loc=de,2026-10-09核验来源内容；原始页面时间若未明示则留空
KO26-APP,Stadt Koblenz,2026-03-11,municipal_official_press,Haushalt der Stadt Koblenz genehmigt,,,https://www.koblenz.de/rathaus/verwaltung/pressemeldungen/260311-haushalt-der-stadt-koblenz-genehmigt/,2026-10-09核验来源内容；原始页面时间若未明示则留空
TR26-APP,Stadt Trier,2026-02-06,municipal_official_press,Stadt Trier: Haushalt 2026 genehmigt,,,https://www.trier.de/aktuelles/nachrichten/17996.Stadt-Trier-Haushalt-2026-genehmigt.html,2026-10-09核验来源内容；原始页面时间若未明示则留空
ME26-BUD,Kreisstadt Merzig,,municipal_budget_bylaw,Bekanntmachung der Haushaltssatzung 2026,,,https://www.merzig.de/rathaus-buergerservice/pressemeldungen/bekanntmachung-der-haushaltssatzung-2026/,2026-10-09核验来源内容；原始页面时间若未明示则留空
ME25-BUD,Kreisstadt Merzig,,municipal_budget_bylaw,Bekanntmachung der Haushaltssatzung 2025,,,https://www.merzig.de/rathaus-buergerservice/pressemeldungen/bekanntmachung-der-haushaltssatzung-2025/,2026-10-09核验来源内容；原始页面时间若未明示则留空
NB26-BUD,Vier-Tore-Stadt Neubrandenburg,2026-07-02,municipal_finance_website,Finanzen: 2026 Haushalt rechtsaufsichtlich genehmigt,,,https://www.neubrandenburg.de/Politik-Verwaltung/Finanzen/,2026-10-09核验来源内容；原始页面时间若未明示则留空
SN25-PRELIM,Landeshauptstadt Schwerin,2025-03-26,municipal_official_press,Stadtspitze enttäuscht über Haushaltbeschlüsse: Vorläufige Haushaltsführung,,,https://www.schwerin.de/news/stadtspitze-enttaeuscht-ueber-haushaltsbeschluesse/,2026-10-09核验来源内容；原始页面时间若未明示则留空
SN25-COMP,Landeshauptstadt Schwerin,2025-05-27,municipal_official_press,Sondersitzung: Einigung auf genehmigungsfähigen Haushalt 2025 erzielt,,,https://www.schwerin.de/news/einigung-auf-genhmigten-haushalt-2025-erzielt/,2026-10-09核验来源内容；原始页面时间若未明示则留空
SN26-INV,Landeshauptstadt Schwerin,2026-03-11,municipal_official_press,Stadtverwaltung legt Investitionsvorschläge Sondervermögen vor,,,https://www.schwerin.de/news/verwendungsvorschlaege-fuer-sondervermoegen/,2026-10-09核验来源内容；原始页面时间若未明示则留空
AGS26-07315000,Statistische Ämter des Bundes und der Länder,,official_statistical_register,Gemeindeverzeichnis Mainz: AGS 07315000,,,https://www.statistikportal.de/de/gemeindeverzeichnis/07315000,2026-10-09核验来源内容；原始页面时间若未明示则留空
AGS26-06411000,Statistische Ämter des Bundes und der Länder,,official_statistical_register,Gemeindeverzeichnis Darmstadt: AGS 06411000,,,https://www.statistikportal.de/de/gemeindeverzeichnis/06411000,2026-10-09核验来源内容；原始页面时间若未明示则留空
AGS26-06531005,Statistische Ämter des Bundes und der Länder,,official_statistical_register,Gemeindeverzeichnis Gießen: AGS 06531005,,,https://www.statistikportal.de/de/gemeindeverzeichnis/06531005,2026-10-09核验来源内容；原始页面时间若未明示则留空
AGS26-06413000,Statistische Ämter des Bundes und der Länder,,official_statistical_register,Gemeindeverzeichnis Offenbach am Main: AGS 06413000,,,https://www.statistikportal.de/de/gemeindeverzeichnis/06413000,2026-10-09核验来源内容；原始页面时间若未明示则留空
AGS26-07111000,Statistische Ämter des Bundes und der Länder,,official_statistical_register,Gemeindeverzeichnis Koblenz: AGS 07111000,,,https://www.statistikportal.de/de/gemeindeverzeichnis/07111000,2026-10-09核验来源内容；原始页面时间若未明示则留空
AGS26-07211000,Statistische Ämter des Bundes und der Länder,,official_statistical_register,Gemeindeverzeichnis Trier: AGS 07211000,,,https://www.statistikportal.de/de/gemeindeverzeichnis/07211000,2026-10-09核验来源内容；原始页面时间若未明示则留空
AGS26-10042113,Statistische Ämter des Bundes und der Länder,,official_statistical_register,Gemeindeverzeichnis Merzig: AGS 10042113,,,https://www.statistikportal.de/de/gemeindeverzeichnis/10042113,2026-10-09核验来源内容；原始页面时间若未明示则留空
AGS26-13071107,Statistische Ämter des Bundes und der Länder,,official_statistical_register,Gemeindeverzeichnis Neubrandenburg: AGS 13071107,,,https://www.statistikportal.de/de/gemeindeverzeichnis/13071107,2026-10-09核验来源内容；原始页面时间若未明示则留空
AGS26-13004000,Statistische Ämter des Bundes und der Länder,,official_statistical_register,Gemeindeverzeichnis Schwerin: AGS 13004000,,,https://www.statistikportal.de/de/gemeindeverzeichnis/13004000,2026-10-09核验来源内容；原始页面时间若未明示则留空
NEU26-INV,Residenzstadt Neustrelitz,2026-05-07,official_council_resolution,VO(S)/2026/184 Begrenzung investiver Eigenanteile,,,https://neustrelitz.sitzung-mv.de/public/to020?SILFDNR=1441&TOLFDNR=12011,Adopted TOP 12; explicit exceptions and 50% next-year carryforward
NEU26-STAFF,Residenzstadt Neustrelitz,2026-05-07,official_council_resolution,VO(S)/2026/183 Personalwirtschaftliche Konsolidierung,,,https://neustrelitz.sitzung-mv.de/public/to020?SILFDNR=1441&TOLFDNR=12010,"Adopted TOP 13; 10% FTE over three years is TARGET, not completed cuts"
NEU26-CULT,Residenzstadt Neustrelitz,2026-05-07,official_council_resolution,VO(S)/2026/186 Prüfung der Organisationsform Kulturquartier,,,https://neustrelitz.sitzung-mv.de/public/to020?SILFDNR=1441&TOLFDNR=12013,Amended adoption TOP14; executive doubts enforceability of 160k subsidy freeze
NEU26-VOL,Residenzstadt Neustrelitz,2026-05-07,official_council_resolution,VO(S)/2026/185 Begrenzung nicht verpflichtender Ausgaben,,,https://neustrelitz.sitzung-mv.de/public/to020?SILFDNR=1441&TOLFDNR=12012,"Adopted TOP15; 25% 2026 effort not fully reached, 2027 2024-realized-level aspiration"
NEU26-EVAL,Residenzstadt Neustrelitz,2026-05-07,official_council_resolution,VO(S)/2026/187 Wirtschaftlichkeitsanalyse für Investitionen,,,https://neustrelitz.sitzung-mv.de/public/to020?SILFDNR=1441&TOLFDNR=12014,Adopted TOP16; requires assessment for investment volume above EUR250k
NEU26-MUSIC,Residenzstadt Neustrelitz,2026-05-07,official_council_resolution,VO(S)/2026/180-01 Sicherstellung Fête de la Musique,,,https://neustrelitz.sitzung-mv.de/public/to020?SILFDNR=1441&TOLFDNR=11980,"Adopted TOP17, maximum EUR15k release as exceptional indispensable cultural spending"
BEX26-POOL,Stadt Bexbach,2026-04-28,municipal_official_press,Kein Bäderbetrieb 2026 - Hohe Zukunftsinvestitionen geplant,,,https://www.bexbach.de/aktuelles/aktuelles/aktuelle-meldungen/details/stadtwerke-bexbach-freibad-hochwiesmuehle,2026 no operations due to renovation need/water losses; financial consolidation causality not proved
BEX26-FOLLOW,Stadt Bexbach,2026-09-30,municipal_mayoral_statement,Der Bürgermeister informiert – KW40: Freibad Hochwiesmühle,,,https://www.bexbach.de/aktuelles/aktuelles/buergermeister-blog/details/der-buergermeister-informiert-kw18-1-1-1-1-1,Council 2026-05-21 did not apply under one federal grant call; alternate Saarland programme reviewed; explicitly no permanent closure decision
HD26-VHS,Stadt Heidelberg,2026-04-20,municipal_official_press,Stadt Heidelberg gewährt Volkshochschule Sonderzuschuss in Höhe von 96.000 Euro,,,https://www.heidelberg.de/HD/Presse/20_04_2026%2Bstadt%2Bheidelberg%2Bgewaehrt%2Bvolkshochschule%2Bsonderzuschuss%2Bin%2Bhoehe%2Bvon%2B96_000%2Beuro.html,Council unanimously approved April16 2026; closes Maaßstraße classrooms lease end2025
HH25-NA-95K,Landeshauptstadt Hannover,2025-03-20,municipal_official_press,Entwicklung der Nordstadtbibliothek zum StadtGemeinschaftsHaus,,,https://www.hannover.de/Service/Presse-Medien/Landeshauptstadt-Hannover/Meldungsarchiv-f%C3%BCr-das-Jahr-2025/Entwicklung-der-Nord%C2%ADstadt%C2%ADbiblio%C2%ADthek-zum-Stadt%C2%ADGemein%C2%ADschafts%C2%ADHaus,"Proposed EUR95k annual library budget relief, EUR75k offset by other department; not audited actual"
HH25-NA-CALC,Landeshauptstadt Hannover,2025-03-13,municipal_council_document,Beschlussdrucksache StadtGemeinschaftsHaus Nord als Beitrag zum HSK XI,BDS StadtgemeinschaftsHaus Nord_13.03.25 09.01.pdf,pp.1-3,https://www.hannover.de/content/download/1037289/file/BDS%20StadtgemeinschaftsHaus%20Nord_13.03.25%2009.01.pdf,"Proposal cost table, not proof of eventual realized savings; March 2025"
HH26-OPEN,Landeshauptstadt Hannover,,official_facility_listing,StadtGemeinschaftsHaus Nord: Neuer Treffpunkt im Quartier,,,https://www.hannover.de/Service/Presse-Medien/Landeshauptstadt-Hannover/Aktuelle-Meldungen-und-Veranstaltungen/StadtGemeinschaftsHaus-Nord-Neuer-Treffpunkt-im-Quartier,Confirms community center in operation 2026 and library retained
HOM25-COUNCIL,Stadt Homberg (Ohm),,official_council_minutes,Beschlussprotokoll Stadtverordnetenversammlung 03.09.2025 - Freibad Eintrittspreise,,,https://ol.wittich.de/titel/1079/ausgabe/2/2026/artikel/00000000000051394248-OL-1079-2026-2-2-0,Council minutes: 2025 pool prices back to 2024 levels; above-charges refunded with proof; negotiations annual operator fee
MZ26-NEWLIB,Landeshauptstadt Mainz,2026-06-10,municipal_official_press,Neubau Bibliothek am Gutenbergplatz - Verwaltung legt Realisierungskonzept vor,,,https://www.mainz.de/pressemeldungen/Mainz/2026/juni/neubau-der-bibliothek-am-gutenbergplatz-verwaltung-legt-gremien-realisierungskonzept-vor,Submitted to council for decision June17; source does not substantiate final vote or beginning of works
KL25-TRAFFIC,Stadt Kaiserslautern,2025-01-15,municipal_official_press,Schulz: Bewohnerparken bei Heimspielen wird beibehalten,,,https://www.kaiserslautern.de/buerger_rathaus_politik/medienportal/pressemitteilungen/075690/index.html.de,2024 freeze blocked procurement of traffic study; 2025 city said freeze lifted and would now seek to commission it
KL26-BUD,Stadt Kaiserslautern,,municipal_approved_budget_explanatory_report,Vorbericht Haushaltsplan 2026,vorbericht_2026.pdf,printed p.42 (PDF p.44),https://www.kaiserslautern.de/mb/themen/finanzen/haushalt/vorbericht_2026.pdf,2024 freeze contributed (not independently quantified) to better budget outcome; avoid implying causality for total improvement
AGS26-13071110,Statistische Ämter des Bundes und der Länder,,official_statistical_register,Gemeindeverzeichnis Neustrelitz: AGS 13071110,,,https://www.statistikportal.de/de/gemeindeverzeichnis/13071110,Keep eight-digit string with zero prefixes
AGS26-10045111,Statistische Ämter des Bundes und der Länder,,official_statistical_register,Gemeindeverzeichnis Bexbach: AGS 10045111,,,https://www.statistikportal.de/de/gemeindeverzeichnis/10045111,Keep eight-digit string with zero prefixes
AGS26-06535009,Statistische Ämter des Bundes und der Länder,,official_statistical_register,Gemeindeverzeichnis Homberg (Ohm): AGS 06535009,,,https://www.statistikportal.de/de/gemeindeverzeichnis/06535009,Keep eight-digit string with zero prefixes
AGS26-07312000,Statistische Ämter des Bundes und der Länder,,official_statistical_register,Gemeindeverzeichnis Kaiserslautern: AGS 07312000,,,https://www.statistikportal.de/de/gemeindeverzeichnis/07312000,Keep eight-digit string with zero prefixes
