Regionalschlüssel;Kreisname;ko_kasskred;mitgl_sportv;ew_sportv;wahl_beteil;wohn_eigen;wohn_leer;heiz_wohn_best;erw_vol;eauto;v_harzt;v_karzt
1001000;Flensburg, Stadt;0;21,75;63,75;79,4;24,5;3;0,62;-2,5;3,76;65,1;66,4
1002000;Kiel, Landeshauptstadt;0;24,99;64,99;82,5;24,3;2,1;1,38;4,8;3,25;67,2;78,4
1003000;Lübeck, Hansestadt;293;17,76;62,36;79,5;29;2,9;1,83;8,4;2,96;67,5;83,8
1004000;Neumünster, Stadt;0;18,15;52,83;76,2;37;3,7;1,58;12,7;3,42;58,2;65,1
1051000;Dithmarschen;0;30,38;111,64;82,1;57,9;3,5;5,85;7,8;2,79;63;45,7
1053000;Herzogtum Lauenburg;22;23,92;83,45;84,1;50,9;2,7;5,54;3,6;3,35;62,7;44,9
1054000;Nordfriesland;28;32,89;115,95;83,2;52,9;3,7;8,13;5,8;4,4;66,5;46,1
1055000;Ostholstein;12;28,68;98,23;82,9;50,9;3,5;5,09;7,2;2,92;67,5;45,4
1056000;Pinneberg;175;25,32;61,78;84,6;48,9;2,3;4,02;-0,9;3,36;61,3;47
1057000;Plön;79;31,61;108,94;86,2;57,4;2,9;6,72;6,3;3,49;69,1;51,4
1058000;Rendsburg-Eckernförde;10;30,6;112,19;85,4;55,4;2,6;6,6;5,7;3,76;66,3;53,8
1059000;Schleswig-Flensburg;17;27,98;109,2;84,7;57,1;3,1;9,14;8,3;3,57;61,1;30,8
1060000;Segeberg;12;22,95;72,99;84,2;50,6;2,3;4,31;3,8;3,45;56,8;45,1
1061000;Steinburg;0;28,79;107,99;83,2;54,3;3,3;4,76;6,7;3,13;59,8;55,7
1062000;Stormarn;0;25,11;68,15;86,4;54;2,2;5,02;7,3;3,86;59,9;46,3
2000000;Hamburg, Freie und Hansestadt;0;27,5;40,91;80,9;21,2;2;1,74;3,6;4,39;61,9;60
3101000;Braunschweig, Stadt;0;25,18;84,19;83,4;29,9;3,7;2,12;3,8;5,14;65,4;72,5
3102000;Salzgitter, Stadt;1427;19,99;98,52;76,5;44;7,4;1,61;-9,3;2,23;56;51
3103000;Wolfsburg, Stadt;0;31,3;80,18;80,3;41,3;5,8;3,17;-6,3;9,05;57;65,7
3151000;Gifhorn;36;37,86;143,15;84,7;65,4;4;7,84;1,6;3,73;54,4;44
3153000;Goslar;81;29,69;161,87;80,5;47,6;8,6;3,29;0,7;2,71;70;39,2
3154000;Helmstedt;746;35,87;174,11;82,4;59;7,4;5,57;7,8;3,25;59,2;42
3155000;Northeim;8;37,52;201,86;82,6;56,5;7;8,48;2,7;3,04;76,5;48,7
3157000;Peine;75;34,09;129,56;85;61,8;4,3;5,74;-2,3;3,66;57,4;39,1
3158000;Wolfenbüttel;153;40,12;180,04;85,3;56,6;5;5,14;5,3;3,63;57,9;42,9
3159000;Göttingen;98;36,65;164,71;83,1;42,6;5,3;5,51;2,8;3,22;69,8;53,8
3241000;Region Hannover;92;23,45;82,8;83,8;37,5;3,6;2,82;2,6;3,72;64,7;48,3
3251000;Diepholz;10;33,68;105,92;83,5;60,4;3,8;5,57;4,3;3,43;52,2;40,8
3252000;Hameln-Pyrmont;239;32,29;152,02;81;50,4;5,9;6,12;-0,8;3,09;64,2;33,4
3254000;Hildesheim;94;32,31;128,96;83,7;48,4;4,8;4,46;1,8;3,22;67,6;45,9
3255000;Holzminden;714;41,58;231,28;81,5;57,6;8,1;9,43;7,7;2,37;69,8;32,3
3256000;Nienburg (Weser);42;41,84;157,93;82,1;58;4,5;7,33;2,5;2,86;54,9;33,7
3257000;Schaumburg;166;33,54;138,16;83;55,9;5,3;5,9;5,3;3,26;62;45,6
3351000;Celle;349;33,23;125,28;82,1;57,5;5,5;6,67;-1,2;2,99;62,6;47,8
3352000;Cuxhaven;366;36,23;119,16;82,9;58,9;4,2;5,43;8;2,44;58,7;35,8
3353000;Harburg;0;33,53;71,79;86,4;58;3;5,85;11,3;3,54;59,3;41,2
3354000;Lüchow-Dannenberg;0;30,14;130,14;82,9;59,4;5,6;16;1,6;2,74;65,1;48,4
3355000;Lüneburg;458;23,35;82,11;85,4;48,7;3,4;6,07;4;3,67;63,7;52,4
3356000;Osterholz;281;37,14;114,97;85,3;65,8;3,3;4,37;5,6;3,31;60,5;47,2
3357000;Rotenburg (Wümme);0;46,62;160,5;84,1;60,2;3,7;6,91;1,5;3,2;56,1;45,2
3358000;Heidekreis;29;34,09;127,93;82,5;53,9;4,2;7,24;-1,4;2,8;56,9;45,5
3359000;Stade;0;30,52;71,32;84,2;53,6;3,1;5,5;-1,3;3,23;54,9;42,3
3360000;Uelzen;1;31,84;152,6;82,8;53,8;5,1;8,56;2,3;3,25;65,4;45,2
3361000;Verden;0;36,55;134,83;84,3;59,4;3,7;5,08;8;3,3;63,5;44,4
3401000;Delmenhorst, Stadt;0;18,87;72,72;77,7;44,9;3,6;1,57;7,5;2,24;59,3;43,8
3402000;Emden, Stadt;252;32,68;102,9;78,8;44,8;4,2;1,29;-4,2;2,93;60,8;42,2
3403000;Oldenburg (Oldenburg), Stadt;0;22,74;60,75;84,3;35,5;3;2,24;0,8;4,71;61,9;82,2
3404000;Osnabrück, Stadt;0;26,01;59,75;82,7;30,2;3,1;2,85;1,1;4,2;67,2;75
3405000;Wilhelmshaven, Stadt;329;20,13;78,86;76,7;28,9;6,8;0,95;1,1;1,85;68;56,2
3451000;Ammerland;13;34,36;131,77;84,9;58,9;3,1;3,76;8,2;3,37;71,1;40,4
3452000;Aurich;289;34,05;146,82;82,8;62,9;4;2,53;3,1;2,79;62,2;43,2
3453000;Cloppenburg;42;28,77;95,1;82,7;58,3;2,6;5,88;10,7;3,47;50,1;33,4
3454000;Emsland;36;35,3;97,91;85,2;61,6;2,9;5,77;6,2;4,02;55,1;43,7
3455000;Friesland;70;37,06;157,56;83,7;58,4;3,6;2,58;4,5;3,01;72,1;22,5
3456000;Grafschaft Bentheim;7;35,7;82,82;84,7;63,8;2,5;5,19;5,6;3,97;53,8;39,2
3457000;Leer;77;28,48;99,8;82,8;61,4;3,9;3,11;0,3;2,7;61,8;37,4
3458000;Oldenburg;0;33,95;117,24;85,3;59,8;3,1;4,61;7,2;3,43;60,1;45,3
3459000;Osnabrück;75;30,9;84,92;84,6;55,5;3,6;7,13;3,9;3,62;60,1;45
3460000;Vechta;3;35,34;76,23;83,7;55,4;2,4;5,91;2,6;4,36;56,8;47,1
3461000;Wesermarsch;166;35,85;140,68;81,3;56,6;4,3;3,25;3,9;2,65;59,5;24,5
3462000;Wittmund;55;44,55;191,92;82,1;62,3;5,2;3,27;1,4;2,17;67,7;38,2
4011000;Bremen, Stadt;0;22,71;53,92;79,1;36,2;3,3;0,96;4,8;2,86;61,6;71,7
4012000;Bremerhaven, Stadt;0;15,59;60,62;71,1;29,7;5,9;1,69;1,5;2,33;60;61,8
5111000;Düsseldorf, Stadt;0;22,73;68,04;82;21,5;3;2,12;7,3;4,82;62,6;61,9
5112000;Duisburg, Stadt;1496;18,75;74,07;76,5;26;4,3;2,38;0;2,15;53,6;43,6
5113000;Essen, Stadt;1613;21,36;83,14;80,1;25,6;4;1,74;5,2;3,36;58,3;48,5
5114000;Krefeld, Stadt;1233;29;87,56;78,7;35,4;4,2;2,78;3,5;2,84;66,2;68,1
5116000;Mönchengladbach, Stadt;1660;52,99;74,5;77,3;36,8;3,9;2,85;7,4;2,91;61,5;58,5
5117000;Mülheim an der Ruhr, Stadt;5176;23,27;92,81;83,4;33,8;3,8;2,57;-4,3;3,07;57,1;44,4
5119000;Oberhausen, Stadt;7217;17,47;88,23;79,4;31,5;3,8;2,21;3,5;2,36;53,8;46,6
5120000;Remscheid, Stadt;3774;15,67;90,58;78,2;35,8;4,9;2,36;0,7;3,04;61,3;60,9
5122000;Solingen, Klingenstadt;2484;15,76;75,94;80,1;36,4;4;3,44;-0,3;3,42;58,1;60,4
5124000;Wuppertal, Stadt;2198;17,72;84,99;78,9;29;4,3;2,07;0,7;3,03;58,9;61,6
5154000;Kleve;77;28,81;111,18;81,5;50,6;2,7;9,55;7,2;2,93;53,7;40,7
5158000;Mettmann;960;23,54;82,69;83,1;42,9;3;2,65;4,4;3,85;61,4;53,8
5162000;Rhein-Kreis Neuss;616;25,83;85,29;83,9;47,4;2,6;5,11;6,4;3,37;60,2;47,1
5166000;Viersen;183;24,9;91,07;83,1;51,6;2,8;5,41;6,5;3,22;60,2;48,9
5170000;Wesel;885;26,51;98,96;83,1;47,2;3,1;5,28;6,2;3,19;55,6;44
5314000;Bonn, Stadt;1997;23,99;104,32;84,9;29,1;2,9;3,11;3,8;5,25;62,4;66,4
5315000;Köln, Stadt;545;30,7;67,38;83,1;24,2;2,5;2,41;6,8;4,04;61,5;63,5
5316000;Leverkusen, Stadt;2448;21,57;80,85;81,2;32,3;2,5;2,37;-3,2;3,3;65,8;62,5
5334000;Städteregion Aachen;1027;12,38;60,26;82,1;34,6;3,2;3,79;4,8;3,54;65,6;64,8
5358000;Düren;1132;26,4;136,62;82,6;51,4;3;7,04;4,9;3,2;62,3;44,5
5362000;Rhein-Erft-Kreis;434;22,85;86,8;83,8;50,1;2,5;4,77;3,1;3,11;60,3;44,6
5366000;Euskirchen;215;23,77;129,28;83,2;58,2;4,3;10,05;2,2;5,23;63,5;40,8
5370000;Heinsberg;84;22,13;116,49;81,7;55,2;3,2;9,42;10;2,99;61,7;45,3
5374000;Oberbergischer Kreis;1268;26,38;123,82;83,1;54,2;4,2;7,69;4,8;3,22;54,1;39,5
5378000;Rheinisch-Bergischer Kreis;362;21,61;75,82;85,9;51,3;3,2;5,76;3,8;3,72;59,3;49,1
5382000;Rhein-Sieg-Kreis;846;23,34;90,25;84,6;52,4;2,6;6,58;7,5;3,24;62,5;46,1
5512000;Bottrop, Stadt;1235;19,19;90,59;80,9;37,2;3,2;4,77;-0,1;2,66;53,6;46,5
5513000;Gelsenkirchen, Stadt;1526;76,12;77,19;74,5;23,5;5,4;2,07;1;2,22;54,2;44,2
5515000;Münster, Stadt;155;30,11;89,42;87,5;27,9;2,1;3,68;7,4;4,67;62;81,7
5554000;Borken;18;36,94;96,02;85,1;56,8;2,6;7,67;6,8;4,35;53,3;46
5558000;Coesfeld;51;18,25;89,46;87,3;55,2;2,3;8,02;8;3,93;64;45,2
5562000;Recklinghausen;1862;22,04;104,56;80,5;40,2;3,4;2,72;8,1;2,52;55,3;43,6
5566000;Steinfurt;105;31,82;80,18;85;55,5;2,6;6,88;7;3,94;60,7;45,2
5570000;Warendorf;72;30,45;94,59;84,7;53,8;2,9;5,85;10,4;3,44;57,7;45,2
5711000;Bielefeld, Stadt;173;25,53;75,96;81,8;32,6;3,2;3,56;9,9;4,71;53,3;59,7
5754000;Gütersloh;20;29,89;94,53;83;50,6;3,1;7,34;9,9;3,85;48,5;45,5
5758000;Herford;390;26,07;103,73;81,9;53,3;4,4;5,55;2,8;3,75;49,6;49,9
5762000;Höxter;327;37,9;191,09;84,1;60,2;4,9;9,71;5,4;3,34;60,3;32,5
5766000;Lippe;292;31,13;114,66;82,4;51,5;4,9;5,59;3,8;3,47;51,5;39,9
5770000;Minden-Lübbecke;34;35,14;144,95;81,6;54;4;6,93;5,4;3,66;58,5;39
5774000;Paderborn;138;33,86;99,76;83,1;46,4;3,3;9,82;4,1;4,39;53,2;43,1
5911000;Bochum, Stadt;825;25,49;99,25;81,3;27,6;3,6;1,82;6,3;3,25;58,7;57,9
5913000;Dortmund, Stadt;1717;46,62;76,86;80,1;26,5;3,3;2,2;9,1;3,33;54,7;44,9
5914000;Hagen, Stadt der FernUniversität;3860;18,32;98,53;76,8;28;5,9;2,79;-2;2,32;59,3;42,8
5915000;Hamm, Stadt;442;21,41;73,54;79,1;38,9;3;2,95;6,2;2,78;48;48,9
5916000;Herne, Stadt;2231;17,86;106,76;76,1;27,2;4,5;1,45;7,2;1,9;55,1;44,9
5954000;Ennepe-Ruhr-Kreis;1681;27,15;119,93;83,1;37,3;3,9;3,61;2,5;3,05;56,6;44,4
5958000;Hochsauerlandkreis;480;42,65;164,73;83,9;54,2;4,6;9,39;6,5;3,21;58,5;46,8
5962000;Märkischer Kreis;925;26,05;125,99;79,9;44;5;4,77;1,7;2,56;56,2;43,5
5966000;Olpe;23;40,1;154,72;84,7;58,4;3,8;12,77;5,5;3,16;57,8;36,2
5970000;Siegen-Wittgenstein;906;37,9;158,05;83,1;53,4;4,3;8,3;2,8;2,93;55;42,4
5974000;Soest;241;31,77;118,27;83;51,8;3,5;6,63;-0,2;3,8;55,5;46,8
5978000;Unna;1062;23,66;104,3;82;42,7;3,2;3,75;7,1;3,09;54,5;44,6
6411000;Darmstadt, Wissenschaftsstadt;0;34,25;60,4;84,7;28;3,6;2,79;1,5;4,47;65,8;65,5
6412000;Frankfurt am Main, Stadt;0;37,84;53,42;81,2;19,8;3,2;1,34;4;4,71;59;58,7
6413000;Offenbach am Main, Stadt;0;16,2;55,9;75,2;22,1;3,7;1,11;-6,8;4,05;60,2;59
6414000;Wiesbaden, Landeshauptstadt;0;24,44;76,3;79,7;27;3,3;2,02;8,3;8,15;66,1;61,4
6431000;Bergstraße;0;34,24;118,46;84,4;55,5;3,8;9,09;4,3;3,39;59,4;43,2
6432000;Darmstadt-Dieburg;1;33,06;105,77;85;56,3;3,5;7,88;5,9;3,56;50,5;41,8
6433000;Groß-Gerau;46;30,14;88,12;81,6;47,2;3,4;5,42;-1,4;3,61;55;47,2
6434000;Hochtaunuskreis;23;33,97;99,8;86;49,9;3,3;4,63;5,5;4,11;57,1;45,7
6435000;Main-Kinzig-Kreis;3;30,27;126,5;82,9;53,6;4,2;6,78;6,4;2,86;57,6;42,2
6436000;Main-Taunus-Kreis;13;32,48;86,63;85,8;49,5;3,2;3,34;9,4;3,28;54,3;44,5
6437000;Odenwaldkreis;0;36,43;162,95;82,7;61,3;5;13,89;2,1;2,81;65,3;22,9
6438000;Offenbach;0;25,25;76,49;83,1;46;3,3;3,43;6,8;3,04;55,9;43,1
6439000;Rheingau-Taunus-Kreis;2;36,07;140,29;85,3;54,9;3,8;6,59;5,4;3,66;59,2;46,1
6440000;Wetteraukreis;10;34,22;138,99;84,3;56,1;3,6;7,74;2,4;3,28;64;40,3
6531000;Gießen;0;36,35;132,42;83,4;45,3;4,1;5,6;2,1;3,28;66,5;49
6532000;Lahn-Dill-Kreis;0;40,03;169,46;81,1;59,5;4,2;9,24;0,2;2,91;64;40,8
6533000;Limburg-Weilburg;11;42,29;170,4;82,9;58,7;4,3;7,31;6,1;3,4;60,8;42,9
6534000;Marburg-Biedenkopf;0;33,69;155,8;84,7;51,1;3,6;8,57;1,7;3;61,8;52
6535000;Vogelsbergkreis;5;42,97;206,86;83,2;66,6;5,3;14,5;2,5;2,65;59,4;45,4
6611000;Kassel, documenta-Stadt;0;20,74;81,78;79,8;25,4;4,2;1,64;-0,2;3,8;64,8;64,5
6631000;Fulda;0;37,1;144,64;84,9;53;5,2;13,9;2;3,42;66,5;46,2
6632000;Hersfeld-Rotenburg;2;39,83;236,09;82,5;61;5,4;10,92;0,5;2,71;66,4;41,7
6633000;Kassel;15;35,75;120,06;84,5;60,9;4,7;7,46;1;3,88;60,8;44,1
6634000;Schwalm-Eder-Kreis;1;32,74;175,8;84,5;63,7;5,3;11,48;6,6;3,38;58,2;22,3
6635000;Waldeck-Frankenberg;1;42,09;194,15;82,5;58,6;4,7;9,62;3,2;3,14;61,7;45,4
6636000;Werra-Meißner-Kreis;15;35,03;211,56;82,7;58,9;5,8;10,82;1,8;2,74;58,6;47
7111000;Koblenz, kreisfreie Stadt;353;37,13;119,72;81,2;29,8;4,2;2,63;2,9;4,12;67,9;81
7131000;Ahrweiler;405;28,18;135,77;83,8;54,5;6,6;9,71;6,9;2,73;62,5;46,5
7132000;Altenkirchen (Westerwald);422;30,17;133,87;82,6;62,8;5;11,77;2,1;2,96;60,7;36,7
7133000;Bad Kreuznach;833;38,2;185,36;82,1;55,6;4,8;10,63;0;3,01;61,5;41,6
7134000;Birkenfeld;1729;39,74;248,29;80,6;59,9;6,4;11,27;0,8;1,97;64,2;26,4
7135000;Cochem-Zell;304;31,96;172,34;83,8;65,7;6,4;15,29;7,9;2,98;55,9;37,1
7137000;Mayen-Koblenz;584;29,35;121,44;83,3;55,2;4,7;7,34;0,2;3,13;57,3;34
7138000;Neuwied;660;22,34;114,17;82,1;55,8;4,5;5,98;5,3;2,85;63,4;43,5
7140000;Rhein-Hunsrück-Kreis;28;37,75;188,51;84,8;61;6,2;13,06;7,9;3,12;61,9;20,3
7141000;Rhein-Lahn-Kreis;323;36,18;188,13;83,2;57,1;5,7;8,97;10,1;3,06;59,5;17,5
7143000;Westerwaldkreis;0;30,38;160,46;83,1;63,4;4,4;10,42;3,3;3,49;58,1;33,6
7211000;Trier, kreisfreie Stadt;3678;25,04;84,67;80,3;29,2;5,6;8,58;-5,2;4,38;60,4;72,4
7231000;Bernkastel-Wittlich;159;31,8;187,66;83,5;62,3;6,1;18,86;1,2;2,77;58,2;45
7232000;Eifelkreis Bitburg-Prüm;574;26,87;176,57;83,3;64,1;6,2;22,98;-5,3;3,09;48,5;19,8
7233000;Vulkaneifel;453;31,47;199,13;83,4;65,4;5,7;17,06;-0,1;2,64;63,1;37,8
7235000;Trier-Saarburg;299;28,17;141,69;85,8;65,7;4,9;19,6;2,7;2,95;51,3;44,6
7311000;Frankenthal (Pfalz), kreisfreie Stadt;4038;25,76;91,74;78,8;46,8;3,3;1,79;11;2,24;63,7;96,9
7312000;Kaiserslautern, kreisfreie Stadt;5262;46,38;85,94;77,6;32,7;4,8;2,76;2,5;3,39;57,3;89,1
7313000;Landau in der Pfalz, kreisfreie Stadt;234;29,84;123,92;82,4;41,6;3,6;5,43;9,5;3,58;64,7;88,8
7314000;Ludwigshafen am Rhein, kreisfreie Stadt;3028;21,12;68,29;74,6;33,8;3,4;1,95;-4,3;3,14;63,1;55
7315000;Mainz, kreisfreie Stadt;670;34,53;86,15;85,6;29;2,9;2,98;-0,9;3,73;57,4;96,5
7316000;Neustadt an der Weinstraße, kreisfreie Stadt;0;32,39;94,48;83,5;46,8;5;3,56;-4,6;3,61;52,9;40,2
7317000;Pirmasens, kreisfreie Stadt;8578;23,61;120,45;73,8;38,2;10,2;4,82;-3,7;2,42;60,8;55,8
7318000;Speyer, kreisfreie Stadt;1117;25,78;70,08;80,2;40,8;3,6;2,72;6,8;2,93;62,3;77,2
7319000;Worms, kreisfreie Stadt;3009;35,98;119,32;78,1;40,3;4,5;3,81;0,7;2,61;55;47,5
7320000;Zweibrücken, kreisfreie Stadt;5097;33,08;173,74;79,5;47,2;6,2;3,52;3,5;3,06;63;64,9
7331000;Alzey-Worms;415;43,61;131,29;85,8;64;4,2;9,33;2,6;3,35;60,9;45,6
7332000;Bad Dürkheim;1021;31,7;115,95;85,9;62,8;4,7;7,3;-0,4;3,5;61,5;38,8
7333000;Donnersbergkreis;2438;34,91;158,78;81,9;65,5;5,6;13,2;-3,9;2,92;48,9;28,1
7334000;Germersheim;565;41,21;147,56;83,4;59,4;3,9;8,23;-0,6;3,27;52,2;35,2
7335000;Kaiserslautern;2465;39,2;169,11;84,6;65,7;5,6;9,09;1,6;2,97;64,1;34,5
7336000;Kusel;4176;36,26;242,09;82,8;71,7;7,1;15,09;-1,8;2,1;56,7;30,5
7337000;Südliche Weinstraße;129;36,94;171,36;83,5;63,6;5,4;11,92;5;3,45;61,2;35,9
7338000;Rhein-Pfalz-Kreis;32;34,15;124,42;84,9;64,5;3,7;5,37;-1,6;3,27;52,6;29
7339000;Mainz-Bingen;52;40,41;126,08;85,9;57,9;4,6;7,04;5,2;3,7;62,6;45
7340000;Südwestpfalz;137;40,02;221,29;85,2;73,1;6,3;15,55;-0,5;2,54;63,2;25,4
8111000;Stuttgart, Stadtkreis;0;41,89;45,67;82,9;29,9;3,6;3,31;0,7;5,94;57,2;62,8
8115000;Böblingen;5;26,84;58,72;84,5;55,8;4;9,02;0;6,01;51;43,2
8116000;Esslingen;0;27,93;69,97;84,7;51,9;4;9,73;2,8;4,3;55,5;45
8117000;Göppingen;87;32,27;88,98;82,4;57,4;4,9;11,11;-4;3,28;52,6;37,3
8118000;Ludwigsburg;12;31,55;81,3;85;55;4,2;7,59;1,8;3,84;59,9;44,3
8119000;Rems-Murr-Kreis;20;29,7;70,77;83,9;55,2;4;10,14;1,6;3,64;55,6;44,1
8121000;Heilbronn, Stadtkreis;0;34,11;53,77;76,9;41,9;4,2;5,03;-2,6;2,98;62,1;62,2
8125000;Heilbronn;5;32;86,9;84,5;61,6;4,7;13,69;5,2;3,77;53,3;42,7
8126000;Hohenlohekreis;0;32,94;95,6;83,7;61,8;4,8;23,9;4,8;4,49;56,9;52,6
8127000;Schwäbisch Hall;33;33,59;81,84;82,5;60,8;5,2;20,44;4,3;3,42;59,1;38,9
8128000;Main-Tauber-Kreis;1;43,09;155,85;84,1;60,3;6,3;19,65;0,2;2,79;60,8;48,2
8135000;Heidenheim;6;37;101,46;81,4;58,6;4,9;9,47;0,8;2,45;57,4;45,8
8136000;Ostalbkreis;376;38,87;111,69;84;60,2;5;15,7;2;3,12;55,9;45,3
8211000;Baden-Baden, Stadtkreis;0;39,27;105,22;80,1;40,1;5,5;6,99;-2,8;4,04;76,4;82
8212000;Karlsruhe, Stadtkreis;201;32,56;68,03;83,1;27,9;3,4;2,52;-0,1;4,55;57,3;69,6
8215000;Karlsruhe;16;36,11;117,24;84,5;57,9;4,3;10,05;3,9;3,64;53,6;44,6
8216000;Rastatt;3;41,12;120,86;81,9;56,6;4,6;11,74;-2,3;3,72;56,8;40,8
8221000;Heidelberg, Stadtkreis;0;31,42;74,57;85,5;23,9;3,6;1,95;2,1;4,06;66,2;86,6
8222000;Mannheim, Stadtkreis;0;19,66;59,58;78,4;26,4;4,5;1,51;-2;3,63;64,4;75,4
8225000;Neckar-Odenwald-Kreis;7;48,45;171,83;82;63,9;5,7;18,81;1,3;2,8;55,4;41,9
8226000;Rhein-Neckar-Kreis;0;37,37;116,68;84,3;53,1;4,3;8,62;6;4,65;62,5;51
8231000;Pforzheim, Stadtkreis;0;23,73;77,44;75,7;34,2;3,9;4,35;-5,2;3,36;60,1;59,9
8235000;Calw;71;31,55;116,06;83;59,9;6,2;18,17;0,9;4,52;54,3;29
8236000;Enzkreis;15;37,08;125,41;85;63,4;5,2;14;4,2;3,68;50,9;36,4
8237000;Freudenstadt;7;33,76;138,66;82,7;59,4;5,8;19,06;3,7;3,15;58,2;44,3
8311000;Freiburg im Breisgau, Stadtkreis;0;53,31;83,43;85,7;26,1;2,5;6,66;2,2;4,31;79,5;64,4
8315000;Breisgau-Hochschwarzwald;15;38,86;127,06;85,4;51,6;3,5;15,04;-0,4;3,76;62,7;51,1
8316000;Emmendingen;22;34,44;136,26;84,8;54,2;3,6;17,58;5,1;3,43;64,7;47,1
8317000;Ortenaukreis;7;42,85;137,59;81,9;53;4,3;18,25;2,5;3,2;63,3;43,7
8325000;Rottweil;11;45,15;152,88;82,9;62,3;6,2;20,12;1,3;3,03;50,5;32,2
8326000;Schwarzwald-Baar-Kreis;12;35,17;131,23;81,5;51,9;5,2;11,9;-0,1;2,99;57,8;43,8
8327000;Tuttlingen;0;37,27;120,09;81,5;60,8;4,7;14,16;-0,3;3,16;44,9;35,7
8335000;Konstanz;3;37,4;127,83;82,5;43,7;3,2;11,39;0,5;3,59;59,8;52,3
8336000;Lörrach;24;32,67;121,45;80,7;50,4;4,2;12,88;-4,9;3,68;54,6;50,9
8337000;Waldshut;25;35,77;161,42;80,6;54,3;5,3;21,15;-3,8;3,73;53,2;52,8
8415000;Reutlingen;0;33,01;89,48;83,6;56,8;4,2;13,42;-1;3,4;60,7;50,8
8416000;Tübingen;0;35,57;87,2;87;48,5;3,6;13,23;6,6;3,81;59,8;46,4
8417000;Zollernalbkreis;0;39,5;157,32;81,8;65,3;5,7;16,6;4,9;2,91;49,3;43,6
8421000;Ulm, Stadtkreis;0;42,57;59,72;83,5;33,8;3,4;3,7;-1,5;4,41;81,1;90,1
8425000;Alb-Donau-Kreis;5;40,29;104,21;85,9;63,8;5;20,17;4;3,54;57,4;42,6
8426000;Biberach;1;40,2;117,67;85,2;61,5;5;21,87;4,4;3,7;59,4;30,5
8435000;Bodenseekreis;0;36,86;100,13;84;49,5;3,9;12,54;-0,8;3,69;61,6;63,5
8436000;Ravensburg;172;39,86;107,25;84;53,7;3,7;17,76;4,4;3,66;60,9;55,2
8437000;Sigmaringen;0;39,7;153,68;82,8;60,8;4,8;20,16;4,4;3,01;53;41
9161000;Ingolstadt;0;21,8;46,09;76;37,4;3,9;7,66;-4,9;7,24;57,4;59,3
9162000;München, Landeshauptstadt;0;36,47;35,24;84,3;23,3;2,7;5,47;6,9;5,28;65,3;60,9
9163000;Rosenheim;109;27,22;79,19;80,2;29,6;2,2;5,84;-0,6;3,22;76,1;66,3
9171000;Altötting;0;40,16;64,15;81,3;54,1;3,8;16,5;1,4;3,62;62,8;44,9
9172000;Berchtesgadener Land;6;28,07;73,37;81,6;44,5;3,9;15,97;2,9;2,81;65,8;49
9173000;Bad Tölz-Wolfratshausen;12;37,29;94,97;85,2;45,9;3;17,09;1,5;3,4;65,1;44,5
9174000;Dachau;47;28,81;63,7;85,8;50;2,9;13,68;9,5;3,56;61;46,4
9175000;Ebersberg;167;32,86;76,96;88,1;50,5;3;14,2;5,5;4,49;56,2;45,1
9176000;Eichstätt;0;35,91;81,86;87,1;66,1;5;22,49;5,3;3,38;51,8;40,6
9177000;Erding;0;36,21;82,58;86,2;52;3,6;15,79;0,6;3,45;58,1;41,9
9178000;Freising;0;27,53;71,03;86,1;44,8;3,9;14,26;-5,2;3,84;53,5;38,4
9179000;Fürstenfeldbruck;0;28,02;60,01;86,6;50;2,8;9,45;6,9;3,58;60,8;52,4
9180000;Garmisch-Partenkirchen;0;37,9;121,57;84,7;41,9;4,3;11,1;6,1;3,03;80,9;78,2
9181000;Landsberg am Lech;2;37,3;91,85;87,5;56,2;3,7;20,55;4,7;4,89;61;43,8
9182000;Miesbach;0;44,42;107,55;85,9;47,7;4,3;15,44;5,5;3,93;72,8;55,6
9183000;Mühldorf a.Inn;3;36,36;90,09;82,2;55,9;3,9;19,35;5,6;3,5;61,5;37,7
9184000;München;227;29,19;62,94;87,5;45,5;2,7;7,78;11,3;6,71;54,9;47,8
9185000;Neuburg-Schrobenhausen;3;34,45;100,04;84,7;61,7;4,4;18,9;-0,8;2,78;56,5;45,2
9186000;Pfaffenhofen a.d.Ilm;44;35,98;87,07;85,5;57,1;4,2;19,53;11,7;3,75;57,9;39,2
9187000;Rosenheim;10;32,02;70,8;85,3;52,6;3,7;23,15;2,4;3,81;63,7;40
9188000;Starnberg;83;31,85;83,58;87,8;47,9;3,1;11,13;11,1;5,38;68,3;68,2
9189000;Traunstein;0;36,4;87,95;83,1;54,4;4,3;22,99;4,1;3,77;69;51,5
9190000;Weilheim-Schongau;65;35,26;86,1;86;53;4;19,7;6,6;3,62;72;44,8
9261000;Landshut;0;26,43;49,03;80,5;34,8;4,5;7,12;-6,4;3,32;62,3;89,6
9262000;Passau;0;29,16;81,62;78,6;31;5,7;7,52;-0,5;3,82;72,9;48,4
9263000;Straubing;0;22,96;111,87;74,4;33,1;4,5;8,25;-1,3;2,83;73,2;132,1
9271000;Deggendorf;0;43,95;138,39;81,1;55,6;4,8;24,7;-0,2;3,36;60,6;58,4
9272000;Freyung-Grafenau;169;33,17;127,39;83,1;71;7;32,57;13,3;2,67;64,3;29,6
9273000;Kelheim;0;37,68;99,44;83,9;61,2;4,6;20;-0,6;3,19;62,8;39,6
9274000;Landshut;0;42,08;111,67;85,6;62,4;3,9;22,3;6,7;3,99;60,2;22,7
9275000;Passau;9;35,82;129,47;82,7;64,5;5,4;24,26;2,4;3,43;71,6;32
9276000;Regen;21;43,06;192,22;81,6;64,5;7,5;29,64;8,9;2,62;66,3;29,1
9277000;Rottal-Inn;36;37,19;124,56;82,8;63,8;5;27,61;3,5;3,22;58,1;43,6
9278000;Straubing-Bogen;1;37,95;139,68;85,7;68,5;5,1;29,74;12,2;3,23;60,4;19,5
9279000;Dingolfing-Landau;0;40,29;138,58;81,6;62,3;4,3;22,97;-8,1;3,82;53,7;21
9361000;Amberg;0;21,06;77,58;78,1;38,3;4,8;7,18;4,2;3,65;89,9;117,5
9362000;Regensburg;0;25,12;56,53;82,4;21,8;2,9;5,5;-1,8;4,61;64,8;76,7
9363000;Weiden i.d.OPf.;0;28,88;99,88;78;35,1;5,9;6,1;-0,9;2,64;69,7;54,6
9371000;Amberg-Sulzbach;2;35,26;120,65;85,4;67,7;6,4;27,45;5,1;3,38;58,9;20,4
9372000;Cham;18;41,95;125,97;83,4;68,6;7,4;30,42;5,7;3,01;66,8;36,7
9373000;Neumarkt i.d.OPf.;0;35;84,01;86,6;66,8;4,3;19,57;4,8;3,32;61;30,6
9374000;Neustadt a.d.Waldnaab;18;36,94;114,64;85,6;67,2;6,9;27,41;11,9;3,05;68,8;21,6
9375000;Regensburg;3;35,8;88,82;86,5;62,4;4,4;20,33;9,4;3,73;63,3;45,6
9376000;Schwandorf;18;31,62;116,67;83,9;64,7;6;23,91;0,8;2,86;66,7;40,3
9377000;Tirschenreuth;34;36,75;135,79;85,4;66,2;7,5;26,7;20,1;2,45;57,8;31,3
9461000;Bamberg;0;35,71;77,56;82,9;27,1;4,8;3,37;-1,8;3,48;67,3;84
9462000;Bayreuth;0;24,07;77,85;80;27,8;4,8;5,86;-1,8;4,1;73,1;130,9
9463000;Coburg;0;31,66;109,94;80,7;36,6;5,9;3,71;-7,5;3,56;52;124,4
9464000;Hof;0;23,55;83,59;77;34,4;8,7;4,87;-4,7;2,54;81,4;46,6
9471000;Bamberg;30;33,45;117,35;87,4;65,4;5,4;21,53;6,6;3,01;61,9;43,3
9472000;Bayreuth;27;31,34;135,62;86,2;67,5;6,9;26,01;3,6;2,87;59,2;21,1
9473000;Coburg;0;37,74;143,51;84,8;62,7;5,3;14,12;-1,6;3,01;55,7;25,8
9474000;Forchheim;38;32,45;91,57;87,2;62,4;5,4;20,26;8,5;3,42;61;40,9
9475000;Hof;33;37,54;153,29;84,1;65,6;8,7;16,03;4,8;2,49;64;25,5
9476000;Kronach;50;38,81;200,32;84,7;69,7;6,9;23,67;1,8;2,37;59,5;38,7
9477000;Kulmbach;73;28,51;142,35;84,5;62,1;6,9;19,63;6,5;2,95;75;34,6
9478000;Lichtenfels;182;32,25;139,62;83,8;62,8;5,6;19,04;-3,2;2,44;66,5;33,4
9479000;Wunsiedel i.Fichtelgebirge;129;34,91;143,04;82;58,3;9,3;14,7;5,5;2,45;64,6;33,4
9561000;Ansbach;0;20,31;71,05;79,7;42,2;5,1;7,2;0;3,23;65,7;92,8
9562000;Erlangen;0;23,93;64,34;85,6;29,9;4,9;4,52;-4,9;3,94;64,7;96
9563000;Fürth;0;15,55;43,37;80,3;33,8;3,5;3,91;3;3,27;64,3;59,7
9564000;Nürnberg;6;19,37;40,53;79,3;27,8;3,2;2,31;1,6;3,62;67,9;64,7
9565000;Schwabach;0;22,32;70,34;83,1;49;3,5;7,23;5,4;3,37;75,2;49,9
9571000;Ansbach;6;30,97;77,93;85,7;65,4;5,1;24,55;0;3,23;54,4;22,5
9572000;Erlangen-Höchstadt;8;30,78;90,07;87,7;62,7;4,4;15,42;4,2;5,15;66;45,7
9573000;Fürth;0;21,63;64,21;85,8;57,5;4,2;10,85;2;3,56;65,7;45,4
9574000;Nürnberger Land;0;26,36;73,55;86,5;59,4;4,9;13,56;2,1;3,74;65,4;44,7
9575000;Neustadt a.d.Aisch-Bad Windsheim;6;30,47;108,42;85,4;64,8;6;24,74;4,3;3,65;59,8;47
9576000;Roth;11;36,57;98,68;86,7;63,1;4,3;16,47;8,3;3,33;64,3;34,7
9577000;Weißenburg-Gunzenhausen;0;34,67;115,32;83,7;62;6,1;20,48;-3,5;3,26;68;21,4
9661000;Aschaffenburg;0;28,17;85,58;81,9;33,3;4,5;7,38;-5,1;5,41;59,4;75,8
9662000;Schweinfurt;0;26,73;76,82;74,5;32,4;5,3;2,53;-7,3;3,53;70,4;84,8
9663000;Würzburg;0;23,63;59,46;83,7;23,6;3,1;3,26;3,3;4,01;79,1;105,1
9671000;Aschaffenburg;34;36,37;128,28;87,2;63;5,9;11,39;6,3;3,75;62,7;44,3
9672000;Bad Kissingen;0;39,42;131,97;84,8;60,8;6,9;16,74;2,5;3,16;62,9;47,1
9673000;Rhön-Grabfeld;0;40;149,36;86,2;65,8;6,6;20,95;2,7;3,22;62,2;26,8
9674000;Haßberge;22;36,63;162,38;86,7;69,6;5,8;24,12;4;3,18;64,1;46
9675000;Kitzingen;6;38,18;121,18;85,3;59;6,8;16,32;6,5;3,7;60,6;39,4
9676000;Miltenberg;7;36,09;125,54;85,7;61,4;6,1;14,03;4,8;2,7;65,9;38,5
9677000;Main-Spessart;32;41,03;145,52;86,5;66,3;6,7;21,08;1,7;3,09;62,4;41,3
9678000;Schweinfurt;1;36,39;122,18;87,3;67,6;5,7;16,78;1,2;3,63;58,1;18,1
9679000;Würzburg;20;39,72;116,73;88,5;60,2;5,3;13,45;1,5;4,07;61,7;45,6
9761000;Augsburg;0;24,24;42,85;79,4;31,5;4,3;4,18;-5,1;2,94;61,9;65,5
9762000;Kaufbeuren;0;20,21;69,88;78,8;39,9;4;5,42;-1,5;2,99;66,1;98,8
9763000;Kempten (Allgäu);0;17,84;42,82;79,5;32,1;2,9;5,81;-9,4;4,57;71,4;95,8
9764000;Memmingen;0;25,65;63,24;79,8;39,5;4,2;10,86;-5,6;3,13;63,8;121,1
9771000;Aichach-Friedberg;0;33,35;85,19;87,4;62,9;4,4;17,71;4,1;3,67;56,8;44,3
9772000;Augsburg;10;31,1;81,89;85,4;60;4,2;14,65;8,4;3,54;64,2;43,1
9773000;Dillingen a.d.Donau;0;36,69;93,84;83,6;66,3;4,7;20,04;0,5;2,62;56,3;47,4
9774000;Günzburg;0;33,12;92,23;82,4;60,9;5;18,59;3,4;3,32;57,5;44,2
9775000;Neu-Ulm;0;29,16;72,61;83,3;55,3;3,5;12,32;-0,6;3,15;53,6;28,1
9776000;Lindau (Bodensee);0;38,5;87,54;84;48;4,5;18,64;-0,5;3,28;64,2;52,1
9777000;Ostallgäu;17;41,5;105,93;86,4;58,9;4,7;23,81;3,6;3,45;61,2;29,7
9778000;Unterallgäu;2;33,52;103,29;85,3;62;5,5;24,39;7,4;3,07;53,7;13,4
9779000;Donau-Ries;14;39,89;112,3;85,3;63,7;5,4;18,35;-0,3;3,2;56,7;34,8
9780000;Oberallgäu;15;42,6;113,25;85,9;51,6;4,2;20,37;10,8;3,48;65,9;26,6
10041000;Regionalverband Saarbrücken;1334;30,31;159,89;80,2;45,8;6,2;3,15;-2,5;2,63;62;56,9
10042000;Merzig-Wadern;381;37,01;240,36;83,9;70;4,8;13,28;-2,5;2,44;60,6;45,1
10043000;Neunkirchen;568;37,53;191,26;80,8;60,8;6,1;4,71;-1,1;2,4;54,4;46,9
10044000;Saarlouis;376;34,85;203,32;82,9;65,2;4,8;6,45;-5;2,6;64,2;51,1
10045000;Saarpfalz-Kreis;658;39,01;216,97;84,4;63,1;5,4;5,89;2,4;2,86;66;50,1
10046000;St. Wendel;962;45,75;285,25;86,6;71,4;5,4;11,55;9,1;2,68;69,3;28,5
11000000;Berlin, Stadt;0;19,03;55,31;80,3;15,8;2;1,27;8,1;3,41;63,1;59,2
12051000;Brandenburg an der Havel, Stadt;0;15,91;112,76;75;22,5;8,6;4,32;-4,8;2,17;68,6;95,8
12052000;Cottbus, Stadt;0;22,25;131,64;78,3;23;6,6;3,71;-3;1,66;78,4;94,9
12053000;Frankfurt (Oder), Stadt;0;15,11;108,19;75,4;21;6,6;1,87;-4;1,54;74,7;99,4
12054000;Potsdam, Stadt;0;18,95;87,21;85,3;17;2,7;3,1;-7,1;2,87;64,1;74,6
12060000;Barnim;0;13,05;96,95;82,4;49,7;3,6;6,53;-6,4;2,46;53,4;31
12061000;Dahme-Spreewald;20;12,34;98,34;83,4;52,3;3,8;8,81;-3,2;2,59;57,6;38,9
12062000;Elbe-Elster;52;14,99;184,34;80,3;59,1;9,3;12,33;-2,4;1,18;72,6;24,2
12063000;Havelland;0;13,39;88,58;82,6;51,5;3,8;8,3;-10,8;2,84;57,9;43,8
12064000;Märkisch-Oderland;2;11,93;99,85;82,4;54,2;4,6;6,83;-3,5;2,15;59,3;44,6
12065000;Oberhavel;0;12,17;98,83;82,9;50,4;3,6;7,33;-3,4;2,7;61,2;42,4
12066000;Oberspreewald-Lausitz;61;13,68;141,32;78,7;42,4;9,2;7,42;-3,4;1,17;64,4;56,2
12067000;Oder-Spree;32;12,66;120,61;80,9;49,3;5,2;6,04;4,7;2,14;57,6;57,2
12068000;Ostprignitz-Ruppin;0;14,55;157,2;78,3;45,7;5,4;7,86;-6;1,56;67,6;62,6
12069000;Potsdam-Mittelmark;46;14,29;110,98;85,5;58;2,9;9,81;-6,1;3,13;60,3;45,8
12070000;Prignitz;0;11,12;135,45;78,4;49,2;9,3;9,34;-3,1;1,24;65,4;32,4
12071000;Spree-Neiße;314;14,68;141,34;81;52,2;10,2;10,52;-7,8;1,28;54;43
12072000;Teltow-Fläming;0;12,25;106,43;82,4;49,1;4,5;7,7;3,8;2,74;54,8;52,8
12073000;Uckermark;0;14,88;141,71;78,1;39,4;6,2;6,67;-2,1;1,44;63,9;48,6
13003000;Rostock;0;30,86;85,27;79,3;14,4;2,7;1,01;1,3;2,11;67,3;109,6
13004000;Schwerin;599;17,12;89,25;79;17,7;6,1;1,52;-4,9;2,1;72;94,6
13071000;Mecklenburgische Seenplatte;15;15,29;124,44;78,6;41,9;7;6,55;-4,3;1,3;69,3;44,4
13072000;Landkreis Rostock;4;11,91;99,18;81,7;52,3;4,7;7,45;0,1;1,94;65,9;47,5
13073000;Vorpommern-Rügen;0;14,13;120,78;78;41;6,3;5,34;-2,6;1,54;67,4;49,7
13074000;Nordwestmecklenburg;4;13,06;97,95;80,5;45,4;4,6;7,08;-4;1,97;64,9;40,2
13075000;Vorpommern-Greifswald;312;18,29;144,09;78,3;41,5;6,9;8,12;0,5;1,35;73;51
13076000;Ludwigslust-Parchim;105;14,05;116,27;80,8;53,8;5,5;8,56;-2,2;1,45;60,1;37,2
14511000;Chemnitz, Stadt;0;14,31;84,08;79,1;18,3;11;2,55;-4,9;2,14;58,4;68,2
14521000;Erzgebirgskreis;10;17,19;135,02;81,2;46,5;11,9;9,05;1,2;1,39;56;51,4
14522000;Mittelsachsen;5;15,38;128,39;79,4;45;10,9;7,87;-4,6;1,39;60,9;47,8
14523000;Vogtlandkreis;5;16,78;158,53;79,6;43,2;13;8,11;-1;1,44;60,4;58,6
14524000;Zwickau;18;14,2;110,03;79,8;39,9;13;4,98;0,5;1,82;60,2;60,5
14612000;Dresden, Stadt;0;20,19;68,17;83,2;16,5;4,1;2,34;-0,6;2,31;64,4;71
14625000;Bautzen;4;15,75;126,63;81;48,6;8,2;9,06;0;1,43;67,9;53,2
14626000;Görlitz;235;15,49;132,97;78,8;43,7;12,2;7,66;2;1,02;64,9;55,7
14627000;Meißen;5;15,18;106,49;81,4;43,3;8,5;7,43;-3,2;1,58;63,5;60,4
14628000;Sächsische Schweiz-Osterzgebirge;1;16,71;125,1;81,6;43,6;7,8;8,46;-1,6;1,62;64,7;58,2
14713000;Leipzig, Stadt;400;16,06;62,98;83;13,3;5,4;2,28;-5,8;2,6;61,4;70,4
14729000;Leipzig;13;16,69;129,02;81,7;49,6;7,8;6,89;-2,1;2;71,5;51,3
14730000;Nordsachsen;338;15,84;125,61;80,1;48,9;7,7;8,11;0,2;1,59;63,7;54,8
15001000;Dessau-Roßlau, Stadt;89;21,76;131,82;76,3;34,4;12,5;3,16;-4,3;1,81;66,5;80,4
15002000;Halle (Saale), Stadt;1586;16,74;77,25;76,1;16;7,8;2,41;-4,9;1,85;69,4;99,2
15003000;Magdeburg, Landeshauptstadt;105;18,98;71,44;78,6;18,1;6,7;2,47;-5,2;2,16;67,6;69,7
15081000;Altmarkkreis Salzwedel;0;18,83;200,1;78,5;56,4;8,7;11,07;-8,2;1,61;48,8;27,7
15082000;Anhalt-Bitterfeld;456;14,05;140,55;77,2;49,6;10,2;6,01;-2,3;1,37;63,8;49,5
15083000;Börde;44;16,5;148,2;80,2;58;7,9;6,95;-0,1;1,69;62,3;40,8
15084000;Burgenlandkreis;190;14,36;151,23;77,2;47,2;10,9;6,98;0,1;1,38;64;49,1
15085000;Harz;762;16,41;182,05;77,3;47,1;9,2;5,27;-4,3;1,66;66,4;66,1
15086000;Jerichower Land;170;16,61;140,71;79,2;55,6;8,8;7,44;-4,6;1,68;62,3;46
15087000;Mansfeld-Südharz;1156;15,07;165,11;76;55,2;9,4;7,94;-2;1,29;63,4;39,1
15088000;Saalekreis;58;16,07;146,22;80;53,9;7,5;6,83;-4,4;1,56;61,1;39,3
15089000;Salzlandkreis;747;14,85;137,86;75,8;46;10,7;4,33;-3,7;1,26;66,4;41,1
15090000;Stendal;789;17,08;190,41;77,4;48,5;10,5;7,85;-4,1;1,47;66;21,1
15091000;Wittenberg;771;14,53;146,91;78,4;54,4;8;7,66;-2,1;1,29;63,8;46,3
16051000;Erfurt, Stadt;0;16,94;125,13;81,8;21,9;4,5;2,77;-5,1;2,74;64,9;82,8
16052000;Gera, Stadt;0;15,9;114,27;76,3;23;11,5;3,02;-3,5;1,68;68,6;101,2
16053000;Jena, Stadt;0;23,26;102,53;85,1;20,6;3,1;2,43;1,4;2,61;66,6;84,9
16054000;Suhl, Stadt;0;22,27;205,36;78,3;35,9;10,1;4,22;-20,7;1,85;60,8;75,4
16055000;Weimar, Stadt;0;17,94;91,44;82,2;24,5;4,3;3,55;-5,3;2,85;70,1;77,5
16061000;Eichsfeld;1;23,68;196,82;83,6;60,4;6,5;10,21;-4,3;2,46;67,7;46
16062000;Nordhausen;2;16,28;166,17;78,4;47,1;7,8;7,85;-6,9;1,53;67,3;56,1
16063000;Wartburgkreis;0;15,74;138,52;80;52,9;8,2;9,79;-20,5;1,61;64,4;53,4
16064000;Unstrut-Hainich-Kreis;9;13,53;160,38;78,8;55;9,9;9,53;-3,1;2,01;68,5;63,4
16065000;Kyffhäuserkreis;29;14,68;214,41;77,8;60,2;10,5;10,84;-9,2;1,2;62,4;32,8
16066000;Schmalkalden-Meiningen;1;18,09;196,87;80,3;60,1;8;12,48;-18,4;1,56;67,4;54,5
16067000;Gotha;0;16,37;140,8;79,6;49,3;5,8;7,58;-2;1,87;63,9;48
16068000;Sömmerda;3;17,52;173,74;81;62;6,7;10,13;-4,3;1,61;66,8;31,4
16069000;Hildburghausen;193;15,82;167,94;81,5;65,3;7,7;18,54;-10;1,55;63;37,8
16070000;Ilm-Kreis;11;16,93;172,32;81,2;45,9;6,8;8,83;-17,8;2,13;64,6;43,2
16071000;Weimarer Land;4;15,23;158,69;82,7;57,6;7,9;10,67;-3,7;1,95;66,1;57,2
16072000;Sonneberg;179;15,03;158,11;79,2;57,3;9,7;10,73;-23,4;1,37;71,6;45,7
16073000;Saalfeld-Rudolstadt;15;16,36;151,73;80;50,1;8,8;12,87;-22,6;1,58;68,7;56,6
16074000;Saale-Holzland-Kreis;39;12,66;127,35;83,6;55,7;6,8;13,01;-4,8;1,87;71,8;54,3
16075000;Saale-Orla-Kreis;20;16;166,71;81,7;58,2;11,6;18,47;-10,6;1,22;66,6;29,7
16076000;Greiz;0;16,59;181,57;81,6;53,8;11,7;11,81;-2,6;1,4;62,8;58,9
16077000;Altenburger Land;1;16,75;150,92;78,4;41;15;7,66;-3,3;1,26;65,9;70,9
Ende der Tabelle.;;;;;;;;;;;;
