id,name,completed_new_residential_buildings_2025,completed_dwellings_new_residential_buildings_2025,completed_dwellings_new_small_residential_buildings_2025,completed_dwellings_all_measures_2025
09161,Ingolstadt,109,304,81,337
09162,München,593,3960,365,4324
09163,Rosenheim,46,106,40,119
09171,Altötting,122,207,119,303
09172,Berchtesgadener Land,93,380,75,449
09173,Bad Tölz-Wolfratshausen,148,687,142,789
09174,Dachau,233,411,242,475
09175,Ebersberg,119,442,98,525
09176,Eichstätt,238,439,256,507
09177,Erding,202,570,203,676
09178,Freising,228,420,229,475
09179,Fürstenfeldbruck,155,248,151,269
09180,Garmisch-Partenkirchen,78,212,80,269
09181,Landsberg am Lech,229,550,224,662
09182,Miesbach,153,420,144,556
09183,Mühldorf a.Inn,191,304,200,419
09184,München,277,517,274,634
09185,Neuburg-Schrobenhausen,202,374,207,422
09186,Pfaffenhofen a.d.Ilm,266,672,265,746
09187,Rosenheim,301,712,287,919
09188,Starnberg,146,210,164,244
09189,Traunstein,190,579,197,778
09190,Weilheim-Schongau,224,487,235,678
09261,Landshut,42,98,34,111
09262,Passau,37,127,28,223
09263,Straubing,49,407,39,421
09271,Deggendorf,183,576,182,606
09272,Freyung-Grafenau,95,145,100,214
09273,Kelheim,230,407,237,481
09274,Landshut,207,370,219,442
09275,Passau,520,956,547,1200
09276,Regen,111,197,112,292
09277,Rottal-Inn,215,466,219,610
09278,Straubing-Bogen,242,413,250,488
09279,Dingolfing-Landau,506,946,532,1018
09361,Amberg,42,130,36,148
09362,Regensburg,82,535,55,656
09363,Weiden i.d.OPf.,15,71,12,83
09371,Amberg-Sulzbach,241,336,264,381
09372,Cham,220,427,222,600
09373,Neumarkt i.d.OPf.,145,505,135,594
09374,Neustadt a.d.Waldnaab,125,194,132,243
09375,Regensburg,443,783,448,891
09376,Schwandorf,643,1322,654,1360
09377,Tirschenreuth,87,128,92,145
09461,Bamberg,29,662,,671
09462,Bayreuth,11,54,6,79
09463,Coburg,10,114,5,149
09464,Hof,14,28,12,40
09471,Bamberg,223,289,237,371
09472,Bayreuth,176,215,191,243
09473,Coburg,73,164,72,180
09474,Forchheim,223,343,234,441
09475,Hof,132,213,136,233
09476,Kronach,61,63,63,79
09477,Kulmbach,94,240,91,280
09478,Lichtenfels,59,91,59,104
09479,Wunsiedel i.Fichtelgebirge,74,87,77,126
09561,Ansbach,42,85,40,112
09562,Erlangen,66,720,51,938
09563,Fürth,56,103,49,203
09564,Nürnberg,202,1898,139,2229
09565,Schwabach,20,58,16,70
09571,Ansbach,259,575,260,726
09572,Erlangen-Höchstadt,147,297,155,363
09573,Fürth,95,149,99,217
09574,Nürnberger Land,133,355,122,430
09575,Neustadt a.d.Aisch-Bad Windsheim,58,103,62,128
09576,Roth,211,339,217,462
09577,Weißenburg-Gunzenhausen,107,233,110,336
09661,Aschaffenburg,42,113,37,126
09662,Schweinfurt,14,174,9,209
09663,Würzburg,80,552,68,665
09671,Aschaffenburg,124,270,140,364
09672,Bad Kissingen,133,202,141,234
09673,Rhön-Grabfeld,139,244,137,357
09674,Haßberge,161,234,171,293
09675,Kitzingen,225,313,247,410
09676,Miltenberg,154,316,154,438
09677,Main-Spessart,126,198,146,269
09678,Schweinfurt,121,225,122,271
09679,Würzburg,192,403,195,560
09761,Augsburg,127,1094,67,1259
09762,Kaufbeuren,33,46,32,92
09763,Kempten (Allgäu),46,284,43,348
09764,Memmingen,18,61,15,72
09771,Aichach-Friedberg,175,353,177,416
09772,Augsburg,370,708,362,809
09773,Dillingen a.d.Donau,101,219,100,275
09774,Günzburg,183,412,201,529
09775,Neu-Ulm,202,621,186,927
09776,Lindau (Bodensee),68,377,52,428
09777,Ostallgäu,150,318,153,437
09778,Unterallgäu,252,538,252,666
09779,Donau-Ries,239,440,263,580
09780,Oberallgäu,133,261,143,333
