id,name,asking_rent_2025_eur_m2,building_land_price_band_2024,vacancy_2022_pct,owner_occupier_2022_pct,living_area_2022_m2_person,renewable_heat_new_2024_pct,renewable_heat_stock_2022_pct
01001,"Flensburg, Stadt",9.59,100 bis unter 200,3.0,24.5,49.5,5.16,0.62
01002,"Kiel, Landeshauptstadt",10.4,300 bis unter 500,2.1,24.3,47.1,8.01,1.38
01003,"Lübeck, Hansestadt",11.73,500 und mehr,2.9,29.0,49.6,22.63,1.83
01004,"Neumünster, Stadt",9.16,100 bis unter 200,3.7,37.0,53.0,18.95,1.58
01051,Dithmarschen,9.43,100 bis unter 200,3.5,57.9,64.3,61.81,5.85
01053,Herzogtum Lauenburg,10.26,200 bis unter 300,2.7,50.9,58.0,72.37,5.54
01054,Nordfriesland,10.71,100 bis unter 200,3.7,52.9,63.1,43.13,8.13
01055,Ostholstein,11.44,300 bis unter 500,3.5,50.9,60.2,46.59,5.09
01056,Pinneberg,12.43,300 bis unter 500,2.3,48.9,54.0,49.94,4.02
01057,Plön,10.83,200 bis unter 300,2.9,57.4,61.2,60.62,6.72
01058,Rendsburg-Eckernförde,9.98,200 bis unter 300,2.6,55.4,60.1,47.45,6.6
01059,Schleswig-Flensburg,9.17,100 bis unter 200,3.1,57.1,62.9,46.74,9.14
01060,Segeberg,12.12,200 bis unter 300,2.3,50.6,57.1,51.61,4.31
01061,Steinburg,9.14,100 bis unter 200,3.3,54.3,60.3,56.24,4.76
01062,Stormarn,12.37,300 bis unter 500,2.2,54.0,55.5,49.38,5.02
02000,"Hamburg, Freie und Hansestadt",14.68,500 und mehr,2.0,21.2,47.4,16.14,1.74
03101,"Braunschweig, Stadt",10.19,300 bis unter 500,3.7,29.9,52.9,21.67,2.12
03102,"Salzgitter, Stadt",6.44,50 bis unter 100,7.4,44.0,49.9,74.52,1.61
03103,"Wolfsburg, Stadt",8.99,200 bis unter 300,5.8,41.3,56.2,45.87,3.17
03151,Gifhorn,9.0,100 bis unter 200,4.0,65.4,63.2,87.33,7.84
03153,Goslar,7.14,50 bis unter 100,8.6,47.6,60.0,53.49,3.29
03154,Helmstedt,7.31,50 bis unter 100,7.4,59.0,64.7,73.54,5.57
03155,Northeim,7.0,50 bis unter 100,7.0,56.5,65.2,81.36,8.48
03157,Peine,9.08,100 bis unter 200,4.3,61.8,58.7,78.86,5.74
03158,Wolfenbüttel,8.22,100 bis unter 200,5.0,56.6,63.4,78.5,5.14
03159,Göttingen,9.93,50 bis unter 100,5.3,42.6,60.8,77.26,5.51
03241,Region Hannover,10.53,200 bis unter 300,3.6,37.5,55.6,54.89,2.82
03251,Diepholz,8.95,100 bis unter 200,3.8,60.4,65.8,79.13,5.57
03252,Hameln-Pyrmont,7.6,100 bis unter 200,5.9,50.4,63.0,75.63,6.12
03254,Hildesheim,8.61,200 bis unter 300,4.8,48.4,61.5,61.34,4.46
03255,Holzminden,6.77,50 bis unter 100,8.1,57.6,67.3,45.95,9.43
03256,Nienburg (Weser),8.17,50 bis unter 100,4.5,58.0,69.3,72.77,7.33
03257,Schaumburg,8.24,50 bis unter 100,5.3,55.9,64.4,71.43,5.9
03351,Celle,8.44,100 bis unter 200,5.5,57.5,61.9,54.59,6.67
03352,Cuxhaven,9.35,50 bis unter 100,4.2,58.9,60.8,59.74,5.43
03353,Harburg,12.06,200 bis unter 300,3.0,58.0,60.1,56.16,5.85
03354,Lüchow-Dannenberg,6.57,bis unter 50,5.6,59.4,67.1,90.7,16.0
03355,Lüneburg,11.12,100 bis unter 200,3.4,48.7,61.0,50.58,6.07
03356,Osterholz,9.46,50 bis unter 100,3.3,65.8,61.6,65.84,4.37
03357,Rotenburg (Wümme),9.03,50 bis unter 100,3.7,60.2,67.2,70.19,6.91
03358,Heidekreis,8.35,50 bis unter 100,4.2,53.9,64.8,70.97,7.24
03359,Stade,10.59,100 bis unter 200,3.1,53.6,60.4,65.65,5.5
03360,Uelzen,8.64,50 bis unter 100,5.1,53.8,65.6,85.09,8.56
03361,Verden,9.85,100 bis unter 200,3.7,59.4,63.7,63.9,5.08
03401,"Delmenhorst, Stadt",8.95,200 bis unter 300,3.6,44.9,53.9,44.44,1.57
03402,"Emden, Stadt",8.01,100 bis unter 200,4.2,44.8,56.7,27.03,1.29
03403,"Oldenburg (Oldenburg), Stadt",11.08,300 bis unter 500,3.0,35.5,57.7,61.6,2.24
03404,"Osnabrück, Stadt",10.39,300 bis unter 500,3.1,30.2,53.3,50.43,2.85
03405,"Wilhelmshaven, Stadt",6.94,100 bis unter 200,6.8,28.9,55.9,80.0,0.95
03451,Ammerland,10.49,200 bis unter 300,3.1,58.9,66.7,54.41,3.76
03452,Aurich,8.53,100 bis unter 200,4.0,62.9,61.0,62.37,2.53
03453,Cloppenburg,8.43,100 bis unter 200,2.6,58.3,65.8,62.66,5.88
03454,Emsland,9.09,50 bis unter 100,2.9,61.6,64.5,69.16,5.77
03455,Friesland,8.42,100 bis unter 200,3.6,58.4,67.7,71.43,2.58
03456,Grafschaft Bentheim,9.62,100 bis unter 200,2.5,63.8,65.8,65.1,5.19
03457,Leer,8.77,100 bis unter 200,3.9,61.4,63.6,56.76,3.11
03458,Oldenburg,9.09,100 bis unter 200,3.1,59.8,65.2,0.0,4.61
03459,Osnabrück,8.35,100 bis unter 200,3.6,55.5,64.0,71.25,7.13
03460,Vechta,9.01,100 bis unter 200,2.4,55.4,66.4,79.46,5.91
03461,Wesermarsch,7.77,50 bis unter 100,4.3,56.6,63.9,71.94,3.25
03462,Wittmund,8.86,50 bis unter 100,5.2,62.3,64.7,65.98,3.27
04011,"Bremen, Stadt",11.06,200 bis unter 300,3.3,36.2,51.5,19.76,0.96
04012,"Bremerhaven, Stadt",7.61,100 bis unter 200,5.9,29.7,49.8,47.27,1.69
05111,"Düsseldorf, Stadt",13.77,500 und mehr,3.0,21.5,50.7,20.75,2.12
05112,"Duisburg, Stadt",7.94,200 bis unter 300,4.3,26.0,48.3,45.84,2.38
05113,"Essen, Stadt",9.27,300 bis unter 500,4.0,25.6,49.7,58.36,1.74
05114,"Krefeld, Stadt",9.65,300 bis unter 500,4.2,35.4,52.1,47.16,2.78
05116,"Mönchengladbach, Stadt",9.43,300 bis unter 500,3.9,36.8,52.7,85.12,2.85
05117,"Mülheim an der Ruhr, Stadt",9.24,300 bis unter 500,3.8,33.8,54.7,74.79,2.57
05119,"Oberhausen, Stadt",8.14,300 bis unter 500,3.8,31.5,51.6,31.25,2.21
05120,"Remscheid, Stadt",7.69,200 bis unter 300,4.9,35.8,51.8,86.36,2.36
05122,"Solingen, Klingenstadt",9.03,300 bis unter 500,4.0,36.4,51.6,72.99,3.44
05124,"Wuppertal, Stadt",8.62,300 bis unter 500,4.3,29.0,48.7,54.24,2.07
05154,Kleve,8.93,100 bis unter 200,2.7,50.6,59.1,71.23,9.55
05158,Mettmann,10.47,500 und mehr,3.0,42.9,53.4,62.42,2.65
05162,Rhein-Kreis Neuss,10.91,300 bis unter 500,2.6,47.4,55.9,89.6,5.11
05166,Viersen,9.54,200 bis unter 300,2.8,51.6,59.0,72.79,5.41
05170,Wesel,8.84,200 bis unter 300,3.1,47.2,56.2,59.42,5.28
05314,"Bonn, Stadt",12.76,500 und mehr,2.9,29.1,51.4,32.6,3.11
05315,"Köln, Stadt",13.79,500 und mehr,2.5,24.2,49.7,21.39,2.41
05316,"Leverkusen, Stadt",10.7,300 bis unter 500,2.5,32.3,51.8,50.52,2.37
05334,Städteregion Aachen,10.37,300 bis unter 500,3.2,34.6,54.1,53.88,3.79
05358,Düren,9.11,200 bis unter 300,3.0,51.4,61.6,75.46,7.04
05362,Rhein-Erft-Kreis,11.58,300 bis unter 500,2.5,50.1,55.4,66.81,4.77
05366,Euskirchen,9.59,100 bis unter 200,4.3,58.2,65.7,71.61,10.05
05370,Heinsberg,8.95,100 bis unter 200,3.2,55.2,60.1,87.59,9.42
05374,Oberbergischer Kreis,8.54,100 bis unter 200,4.2,54.2,60.2,86.7,7.69
05378,Rheinisch-Bergischer Kreis,10.69,300 bis unter 500,3.2,51.3,60.3,60.98,5.76
05382,Rhein-Sieg-Kreis,11.07,300 bis unter 500,2.6,52.4,59.2,83.92,6.58
05512,"Bottrop, Stadt",8.48,200 bis unter 300,3.2,37.2,50.5,30.6,4.77
05513,"Gelsenkirchen, Stadt",7.13,200 bis unter 300,5.4,23.5,48.7,76.92,2.07
05515,"Münster, Stadt",11.84,500 und mehr,2.1,27.9,54.2,23.54,3.68
05554,Borken,9.32,100 bis unter 200,2.6,56.8,60.8,77.76,7.67
05558,Coesfeld,9.89,200 bis unter 300,2.3,55.2,60.9,81.86,8.02
05562,Recklinghausen,7.77,300 bis unter 500,3.4,40.2,53.8,50.29,2.72
05566,Steinfurt,9.41,200 bis unter 300,2.6,55.5,60.6,64.86,6.88
05570,Warendorf,8.91,bis unter 50,2.9,53.8,60.5,64.43,5.85
05711,"Bielefeld, Stadt",9.52,300 bis unter 500,3.2,32.6,52.3,50.34,3.56
05754,Gütersloh,9.56,200 bis unter 300,3.1,50.6,58.9,83.94,7.34
05758,Herford,8.14,100 bis unter 200,4.4,53.3,59.4,67.98,5.55
05762,Höxter,6.94,50 bis unter 100,4.9,60.2,62.8,85.71,9.71
05766,Lippe,8.15,100 bis unter 200,4.9,51.5,58.9,77.71,5.59
05770,Minden-Lübbecke,9.22,50 bis unter 100,4.0,54.0,65.1,73.75,6.93
05774,Paderborn,9.47,200 bis unter 300,3.3,46.4,58.1,79.52,9.82
05911,"Bochum, Stadt",9.05,300 bis unter 500,3.6,27.6,51.9,66.99,1.82
05913,"Dortmund, Stadt",9.2,300 bis unter 500,3.3,26.5,50.8,52.36,2.2
05914,"Hagen, Stadt der FernUniversität",7.19,200 bis unter 300,5.9,28.0,51.3,90.18,2.79
05915,"Hamm, Stadt",7.65,200 bis unter 300,3.0,38.9,54.2,55.52,2.95
05916,"Herne, Stadt",7.68,300 bis unter 500,4.5,27.2,52.5,49.63,1.45
05954,Ennepe-Ruhr-Kreis,8.15,200 bis unter 300,3.9,37.3,54.2,70.7,3.61
05958,Hochsauerlandkreis,7.35,50 bis unter 100,4.6,54.2,62.1,82.61,9.39
05962,Märkischer Kreis,7.13,100 bis unter 200,5.0,44.0,56.3,73.57,4.77
05966,Olpe,8.69,100 bis unter 200,3.8,58.4,63.9,91.58,12.77
05970,Siegen-Wittgenstein,8.21,100 bis unter 200,4.3,53.4,59.7,88.97,8.3
05974,Soest,8.42,100 bis unter 200,3.5,51.8,58.8,71.74,6.63
05978,Unna,8.08,200 bis unter 300,3.2,42.7,54.5,90.69,3.75
06411,"Darmstadt, Wissenschaftsstadt",14.16,500 und mehr,3.6,28.0,49.6,46.43,2.79
06412,"Frankfurt am Main, Stadt",16.64,500 und mehr,3.2,19.8,48.3,12.37,1.34
06413,"Offenbach am Main, Stadt",13.6,500 und mehr,3.7,22.1,45.4,28.3,1.11
06414,"Wiesbaden, Landeshauptstadt",13.24,500 und mehr,3.3,27.0,50.2,30.39,2.02
06431,Bergstraße,10.88,200 bis unter 300,3.8,55.5,61.7,69.89,9.09
06432,Darmstadt-Dieburg,11.79,300 bis unter 500,3.5,56.3,58.4,79.33,7.88
06433,Groß-Gerau,12.77,300 bis unter 500,3.4,47.2,53.9,55.45,5.42
06434,Hochtaunuskreis,13.68,500 und mehr,3.3,49.9,60.7,60.97,4.63
06435,Main-Kinzig-Kreis,11.19,200 bis unter 300,4.2,53.6,60.2,50.0,6.78
06436,Main-Taunus-Kreis,13.49,500 und mehr,3.2,49.5,55.6,51.77,3.34
06437,Odenwaldkreis,9.11,100 bis unter 200,5.0,61.3,61.8,91.85,13.89
06438,Offenbach,12.73,500 und mehr,3.3,46.0,59.2,37.92,3.43
06439,Rheingau-Taunus-Kreis,10.94,300 bis unter 500,3.8,54.9,62.9,66.79,6.59
06440,Wetteraukreis,11.3,200 bis unter 300,3.6,56.1,62.0,58.97,7.74
06531,Gießen,10.86,100 bis unter 200,4.1,45.3,60.5,64.43,5.6
06532,Lahn-Dill-Kreis,9.11,100 bis unter 200,4.2,59.5,67.0,61.98,9.24
06533,Limburg-Weilburg,9.53,200 bis unter 300,4.3,58.7,65.2,87.58,7.31
06534,Marburg-Biedenkopf,10.01,100 bis unter 200,3.6,51.1,61.2,53.26,8.57
06535,Vogelsbergkreis,7.61,50 bis unter 100,5.3,66.6,67.8,87.45,14.5
06611,"Kassel, documenta-Stadt",9.05,200 bis unter 300,4.2,25.4,49.9,14.0,1.64
06631,Fulda,9.69,100 bis unter 200,5.2,53.0,63.3,74.64,13.9
06632,Hersfeld-Rotenburg,7.88,50 bis unter 100,5.4,61.0,65.1,71.43,10.92
06633,Kassel,8.86,100 bis unter 200,4.7,60.9,64.2,68.97,7.46
06634,Schwalm-Eder-Kreis,7.59,50 bis unter 100,5.3,63.7,67.8,77.95,11.48
06635,Waldeck-Frankenberg,7.35,50 bis unter 100,4.7,58.6,67.8,68.75,9.62
06636,Werra-Meißner-Kreis,6.97,50 bis unter 100,5.8,58.9,64.2,43.8,10.82
07111,"Koblenz, kreisfreie Stadt",10.65,500 und mehr,4.2,29.8,55.7,93.94,2.63
07131,Ahrweiler,9.72,100 bis unter 200,6.6,54.5,61.0,67.31,9.71
07132,Altenkirchen (Westerwald),8.0,50 bis unter 100,5.0,62.8,65.2,90.64,11.77
07133,Bad Kreuznach,9.8,100 bis unter 200,4.8,55.6,58.3,78.69,10.63
07134,Birkenfeld,7.45,bis unter 50,6.4,59.9,63.3,91.2,11.27
07135,Cochem-Zell,7.98,50 bis unter 100,6.4,65.7,73.0,86.98,15.29
07137,Mayen-Koblenz,9.12,100 bis unter 200,4.7,55.2,67.4,60.8,7.34
07138,Neuwied,9.41,100 bis unter 200,4.5,55.8,59.0,68.44,5.98
07140,Rhein-Hunsrück-Kreis,8.32,50 bis unter 100,6.2,61.0,69.2,67.03,13.06
07141,Rhein-Lahn-Kreis,8.99,50 bis unter 100,5.7,57.1,61.5,73.29,8.97
07143,Westerwaldkreis,8.72,50 bis unter 100,4.4,63.4,64.8,78.41,10.42
07211,"Trier, kreisfreie Stadt",11.32,300 bis unter 500,5.6,29.2,58.3,61.72,8.58
07231,Bernkastel-Wittlich,8.43,50 bis unter 100,6.1,62.3,66.7,93.91,18.86
07232,Eifelkreis Bitburg-Prüm,9.31,50 bis unter 100,6.2,64.1,71.2,78.57,22.98
07233,Vulkaneifel,8.02,bis unter 50,5.7,65.4,65.5,83.21,17.06
07235,Trier-Saarburg,9.58,100 bis unter 200,4.9,65.7,70.9,77.26,19.6
07311,"Frankenthal (Pfalz), kreisfreie Stadt",10.82,bis unter 50,3.3,46.8,57.4,38.71,1.79
07312,"Kaiserslautern, kreisfreie Stadt",10.42,200 bis unter 300,4.8,32.7,55.0,17.5,2.76
07313,"Landau in der Pfalz, kreisfreie Stadt",10.86,300 bis unter 500,3.6,41.6,55.8,78.1,5.43
07314,"Ludwigshafen am Rhein, kreisfreie Stadt",11.27,300 bis unter 500,3.4,33.8,52.9,35.21,1.95
07315,"Mainz, kreisfreie Stadt",14.22,500 und mehr,2.9,29.0,49.2,37.32,2.98
07316,"Neustadt an der Weinstraße, kreisfreie Stadt",10.41,300 bis unter 500,5.0,46.8,58.9,29.03,3.56
07317,"Pirmasens, kreisfreie Stadt",6.97,100 bis unter 200,10.2,38.2,60.5,84.62,4.82
07318,"Speyer, kreisfreie Stadt",10.82,500 und mehr,3.6,40.8,57.2,6.38,2.72
07319,"Worms, kreisfreie Stadt",10.22,300 bis unter 500,4.5,40.3,54.0,64.63,3.81
07320,"Zweibrücken, kreisfreie Stadt",7.48,100 bis unter 200,6.2,47.2,58.4,60.87,3.52
07331,Alzey-Worms,9.93,100 bis unter 200,4.2,64.0,62.0,58.39,9.33
07332,Bad Dürkheim,10.14,300 bis unter 500,4.7,62.8,64.9,64.61,7.3
07333,Donnersbergkreis,9.21,100 bis unter 200,5.6,65.5,65.1,67.2,13.2
07334,Germersheim,10.68,300 bis unter 500,3.9,59.4,57.7,50.85,8.23
07335,Kaiserslautern,9.89,100 bis unter 200,5.6,65.7,63.6,69.03,9.09
07336,Kusel,8.45,50 bis unter 100,7.1,71.7,64.4,81.33,15.09
07337,Südliche Weinstraße,9.8,200 bis unter 300,5.4,63.6,65.8,87.43,11.92
07338,Rhein-Pfalz-Kreis,10.82,300 bis unter 500,3.7,64.5,63.8,63.35,5.37
07339,Mainz-Bingen,11.05,300 bis unter 500,4.6,57.9,61.7,87.72,7.04
07340,Südwestpfalz,7.47,50 bis unter 100,6.3,73.1,73.3,77.3,15.55
08111,"Stuttgart, Stadtkreis",16.02,500 und mehr,3.6,29.9,48.9,23.56,3.31
08115,Böblingen,13.67,500 und mehr,4.0,55.8,54.8,62.46,9.02
08116,Esslingen,13.06,500 und mehr,4.0,51.9,53.7,70.84,9.73
08117,Göppingen,11.14,200 bis unter 300,4.9,57.4,56.7,90.91,11.11
08118,Ludwigsburg,13.59,500 und mehr,4.2,55.0,53.4,63.57,7.59
08119,Rems-Murr-Kreis,12.79,300 bis unter 500,4.0,55.2,55.1,52.27,10.14
08121,"Heilbronn, Stadtkreis",12.76,500 und mehr,4.2,41.9,52.0,60.0,5.03
08125,Heilbronn,11.95,200 bis unter 300,4.7,61.6,59.9,65.16,13.69
08126,Hohenlohekreis,10.37,100 bis unter 200,4.8,61.8,57.4,66.51,23.9
08127,Schwäbisch Hall,10.33,100 bis unter 200,5.2,60.8,59.5,71.36,20.44
08128,Main-Tauber-Kreis,9.07,100 bis unter 200,6.3,60.3,65.2,94.65,19.65
08135,Heidenheim,10.0,100 bis unter 200,4.9,58.6,58.9,78.72,9.47
08136,Ostalbkreis,10.83,200 bis unter 300,5.0,60.2,58.8,74.17,15.7
08211,"Baden-Baden, Stadtkreis",11.61,300 bis unter 500,5.5,40.1,58.8,25.81,6.99
08212,"Karlsruhe, Stadtkreis",13.15,500 und mehr,3.4,27.9,54.4,25.68,2.52
08215,Karlsruhe,11.27,300 bis unter 500,4.3,57.9,61.2,60.82,10.05
08216,Rastatt,10.66,200 bis unter 300,4.6,56.6,59.3,91.01,11.74
08221,"Heidelberg, Stadtkreis",14.49,500 und mehr,3.6,23.9,50.8,13.75,1.95
08222,"Mannheim, Stadtkreis",12.53,500 und mehr,4.5,26.4,48.6,17.05,1.51
08225,Neckar-Odenwald-Kreis,9.41,50 bis unter 100,5.7,63.9,63.9,95.17,18.81
08226,Rhein-Neckar-Kreis,11.69,300 bis unter 500,4.3,53.1,60.1,67.61,8.62
08231,"Pforzheim, Stadtkreis",10.62,300 bis unter 500,3.9,34.2,50.3,23.51,4.35
08235,Calw,10.11,200 bis unter 300,6.2,59.9,57.2,91.09,18.17
08236,Enzkreis,10.86,200 bis unter 300,5.2,63.4,56.5,94.43,14.0
08237,Freudenstadt,9.72,100 bis unter 200,5.8,59.4,58.4,54.63,19.06
08311,"Freiburg im Breisgau, Stadtkreis",12.88,500 und mehr,2.5,26.1,48.0,43.57,6.66
08315,Breisgau-Hochschwarzwald,12.42,300 bis unter 500,3.5,51.6,59.6,67.11,15.04
08316,Emmendingen,12.19,200 bis unter 300,3.6,54.2,56.0,72.04,17.58
08317,Ortenaukreis,10.66,200 bis unter 300,4.3,53.0,58.8,48.27,18.25
08325,Rottweil,9.09,100 bis unter 200,6.2,62.3,63.6,79.04,20.12
08326,Schwarzwald-Baar-Kreis,9.88,200 bis unter 300,5.2,51.9,57.3,72.87,11.9
08327,Tuttlingen,10.04,200 bis unter 300,4.7,60.8,57.2,77.07,14.16
08335,Konstanz,12.8,300 bis unter 500,3.2,43.7,56.8,62.87,11.39
08336,Lörrach,12.87,300 bis unter 500,4.2,50.4,55.7,37.82,12.88
08337,Waldshut,10.6,200 bis unter 300,5.3,54.3,57.5,87.59,21.15
08415,Reutlingen,11.88,200 bis unter 300,4.2,56.8,56.8,82.18,13.42
08416,Tübingen,12.59,300 bis unter 500,3.6,48.5,56.5,73.5,13.23
08417,Zollernalbkreis,9.77,100 bis unter 200,5.7,65.3,57.6,80.15,16.6
08421,"Ulm, Stadtkreis",13.75,500 und mehr,3.4,33.8,52.5,25.68,3.7
08425,Alb-Donau-Kreis,11.1,100 bis unter 200,5.0,63.8,58.7,88.06,20.17
08426,Biberach,11.13,100 bis unter 200,5.0,61.5,59.8,87.13,21.87
08435,Bodenseekreis,13.2,300 bis unter 500,3.9,49.5,56.9,67.59,12.54
08436,Ravensburg,11.65,200 bis unter 300,3.7,53.7,57.9,57.53,17.76
08437,Sigmaringen,9.44,100 bis unter 200,4.8,60.8,60.7,71.52,20.16
09161,Ingolstadt,13.06,500 und mehr,3.9,37.4,51.8,56.56,7.66
09162,"München, Landeshauptstadt",21.01,500 und mehr,2.7,23.3,47.0,19.37,5.47
09163,Rosenheim,14.33,500 und mehr,2.2,29.6,54.6,22.47,5.84
09171,Altötting,10.45,300 bis unter 500,3.8,54.1,58.1,69.5,16.5
09172,Berchtesgadener Land,12.18,500 und mehr,3.9,44.5,56.7,77.7,15.97
09173,Bad Tölz-Wolfratshausen,14.53,500 und mehr,3.0,45.9,56.0,76.0,17.09
09174,Dachau,15.78,500 und mehr,2.9,50.0,57.7,75.12,13.68
09175,Ebersberg,15.67,500 und mehr,3.0,50.5,56.2,71.43,14.2
09176,Eichstätt,11.12,500 und mehr,5.0,66.1,66.2,87.06,22.49
09177,Erding,13.21,500 und mehr,3.6,52.0,56.4,55.45,15.79
09178,Freising,14.41,500 und mehr,3.9,44.8,56.0,66.62,14.26
09179,Fürstenfeldbruck,16.64,500 und mehr,2.8,50.0,54.0,76.94,9.45
09180,Garmisch-Partenkirchen,13.73,500 und mehr,4.3,41.9,60.7,92.93,11.1
09181,Landsberg am Lech,13.06,500 und mehr,3.7,56.2,60.8,64.49,20.55
09182,Miesbach,15.85,500 und mehr,4.3,47.7,59.3,42.05,15.44
09183,Mühldorf a.Inn,10.7,300 bis unter 500,3.9,55.9,60.3,63.7,19.35
09184,München,18.72,500 und mehr,2.7,45.5,56.4,29.36,7.78
09185,Neuburg-Schrobenhausen,11.1,300 bis unter 500,4.4,61.7,60.9,84.72,18.9
09186,Pfaffenhofen a.d.Ilm,11.86,300 bis unter 500,4.2,57.1,63.0,66.57,19.53
09187,Rosenheim,13.1,500 und mehr,3.7,52.6,61.7,65.3,23.15
09188,Starnberg,17.23,500 und mehr,3.1,47.9,63.4,84.01,11.13
09189,Traunstein,11.72,500 und mehr,4.3,54.4,58.4,77.19,22.99
09190,Weilheim-Schongau,13.22,500 und mehr,4.0,53.0,62.4,64.02,19.7
09261,Landshut,12.77,500 und mehr,4.5,34.8,55.1,80.21,7.12
09262,Passau,10.47,200 bis unter 300,5.7,31.0,58.5,84.71,7.52
09263,Straubing,10.06,300 bis unter 500,4.5,33.1,54.2,98.37,8.25
09271,Deggendorf,9.96,100 bis unter 200,4.8,55.6,63.2,73.56,24.7
09272,Freyung-Grafenau,8.08,100 bis unter 200,7.0,71.0,65.5,77.86,32.57
09273,Kelheim,10.12,100 bis unter 200,4.6,61.2,68.5,75.64,20.0
09274,Landshut,10.53,200 bis unter 300,3.9,62.4,63.7,78.41,22.3
09275,Passau,9.07,100 bis unter 200,5.4,64.5,67.1,72.46,24.26
09276,Regen,7.55,100 bis unter 200,7.5,64.5,65.2,86.67,29.64
09277,Rottal-Inn,8.83,50 bis unter 100,5.0,63.8,67.7,78.07,27.61
09278,Straubing-Bogen,9.23,50 bis unter 100,5.1,68.5,69.0,85.55,29.74
09279,Dingolfing-Landau,9.67,50 bis unter 100,4.3,62.3,60.9,36.09,22.97
09361,Amberg,10.29,200 bis unter 300,4.8,38.3,56.1,85.71,7.18
09362,Regensburg,13.76,300 bis unter 500,2.9,21.8,49.6,66.57,5.5
09363,Weiden i.d.OPf.,9.4,200 bis unter 300,5.9,35.1,56.1,50.26,6.1
09371,Amberg-Sulzbach,8.28,100 bis unter 200,6.4,67.7,66.2,88.51,27.45
09372,Cham,8.38,50 bis unter 100,7.4,68.6,64.1,82.91,30.42
09373,Neumarkt i.d.OPf.,10.89,300 bis unter 500,4.3,66.8,64.3,78.67,19.57
09374,Neustadt a.d.Waldnaab,8.14,50 bis unter 100,6.9,67.2,63.6,88.0,27.41
09375,Regensburg,10.19,300 bis unter 500,4.4,62.4,59.4,76.27,20.33
09376,Schwandorf,9.13,100 bis unter 200,6.0,64.7,64.3,55.73,23.91
09377,Tirschenreuth,7.24,50 bis unter 100,7.5,66.2,68.2,73.26,26.7
09461,Bamberg,11.92,300 bis unter 500,4.8,27.1,52.5,8.21,3.37
09462,Bayreuth,11.48,300 bis unter 500,4.8,27.8,52.9,89.53,5.86
09463,Coburg,8.9,100 bis unter 200,5.9,36.6,57.7,28.24,3.71
09464,Hof,7.46,100 bis unter 200,8.7,34.4,59.5,76.92,4.87
09471,Bamberg,10.76,100 bis unter 200,5.4,65.4,65.4,85.25,21.53
09472,Bayreuth,9.49,100 bis unter 200,6.9,67.5,68.2,78.27,26.01
09473,Coburg,7.73,50 bis unter 100,5.3,62.7,58.4,79.51,14.12
09474,Forchheim,10.35,300 bis unter 500,5.4,62.4,62.8,71.01,20.26
09475,Hof,7.03,bis unter 50,8.7,65.6,60.7,100.0,16.03
09476,Kronach,8.3,50 bis unter 100,6.9,69.7,61.9,79.46,23.67
09477,Kulmbach,8.18,50 bis unter 100,6.9,62.1,61.5,52.2,19.63
09478,Lichtenfels,8.47,100 bis unter 200,5.6,62.8,65.8,89.3,19.04
09479,Wunsiedel i.Fichtelgebirge,7.14,50 bis unter 100,9.3,58.3,59.7,76.92,14.7
09561,Ansbach,9.84,200 bis unter 300,5.1,42.2,55.1,75.0,7.2
09562,Erlangen,12.83,500 und mehr,4.9,29.9,53.7,12.54,4.52
09563,Fürth,12.37,500 und mehr,3.5,33.8,52.0,31.13,3.91
09564,Nürnberg,12.46,500 und mehr,3.2,27.8,50.0,9.23,2.31
09565,Schwabach,10.45,500 und mehr,3.5,49.0,55.3,78.95,7.23
09571,Ansbach,9.04,100 bis unter 200,5.1,65.4,61.5,75.99,24.55
09572,Erlangen-Höchstadt,11.27,300 bis unter 500,4.4,62.7,64.5,79.92,15.42
09573,Fürth,11.44,300 bis unter 500,4.2,57.5,59.9,47.05,10.85
09574,Nürnberger Land,10.99,300 bis unter 500,4.9,59.4,62.8,81.45,13.56
09575,Neustadt a.d.Aisch-Bad Windsheim,9.41,100 bis unter 200,6.0,64.8,64.8,77.21,24.74
09576,Roth,10.45,200 bis unter 300,4.3,63.1,62.9,82.3,16.47
09577,Weißenburg-Gunzenhausen,9.58,100 bis unter 200,6.1,62.0,62.3,74.04,20.48
09661,Aschaffenburg,11.57,500 und mehr,4.5,33.3,56.9,75.17,7.38
09662,Schweinfurt,8.9,200 bis unter 300,5.3,32.4,50.6,19.58,2.53
09663,Würzburg,12.54,300 bis unter 500,3.1,23.6,50.7,8.93,3.26
09671,Aschaffenburg,10.35,300 bis unter 500,5.9,63.0,62.2,85.07,11.39
09672,Bad Kissingen,7.99,50 bis unter 100,6.9,60.8,64.1,55.24,16.74
09673,Rhön-Grabfeld,8.08,50 bis unter 100,6.6,65.8,66.9,72.57,20.95
09674,Haßberge,8.38,50 bis unter 100,5.8,69.6,62.3,93.75,24.12
09675,Kitzingen,9.52,100 bis unter 200,6.8,59.0,63.1,71.82,16.32
09676,Miltenberg,9.85,200 bis unter 300,6.1,61.4,60.4,79.47,14.03
09677,Main-Spessart,8.86,50 bis unter 100,6.7,66.3,62.5,95.83,21.08
09678,Schweinfurt,8.79,50 bis unter 100,5.7,67.6,63.4,94.51,16.78
09679,Würzburg,10.99,200 bis unter 300,5.3,60.2,62.0,89.56,13.45
09761,Augsburg,13.58,500 und mehr,4.3,31.5,48.7,26.75,4.18
09762,Kaufbeuren,10.53,300 bis unter 500,4.0,39.9,51.1,75.64,5.42
09763,Kempten (Allgäu),12.1,300 bis unter 500,2.9,32.1,56.7,50.0,5.81
09764,Memmingen,11.88,300 bis unter 500,4.2,39.5,54.4,75.34,10.86
09771,Aichach-Friedberg,11.99,500 und mehr,4.4,62.9,60.3,69.61,17.71
09772,Augsburg,12.11,300 bis unter 500,4.2,60.0,56.7,67.11,14.65
09773,Dillingen a.d.Donau,10.15,100 bis unter 200,4.7,66.3,62.0,80.8,20.04
09774,Günzburg,10.47,100 bis unter 200,5.0,60.9,61.6,82.88,18.59
09775,Neu-Ulm,12.16,300 bis unter 500,3.5,55.3,55.2,47.91,12.32
09776,Lindau (Bodensee),12.85,500 und mehr,4.5,48.0,69.5,94.07,18.64
09777,Ostallgäu,11.69,200 bis unter 300,4.7,58.9,61.1,69.83,23.81
09778,Unterallgäu,11.37,100 bis unter 200,5.5,62.0,61.2,75.0,24.39
09779,Donau-Ries,10.2,100 bis unter 200,5.4,63.7,60.3,73.0,18.35
09780,Oberallgäu,12.1,300 bis unter 500,4.2,51.6,58.1,79.94,20.37
10041,Regionalverband Saarbrücken,9.07,100 bis unter 200,6.2,45.8,62.0,61.11,3.15
10042,Merzig-Wadern,9.25,50 bis unter 100,4.8,70.0,73.2,86.27,13.28
10043,Neunkirchen,8.15,50 bis unter 100,6.1,60.8,64.9,64.71,4.71
10044,Saarlouis,8.75,100 bis unter 200,4.8,65.2,71.1,81.5,6.45
10045,Saarpfalz-Kreis,9.76,100 bis unter 200,5.4,63.1,65.1,38.34,5.89
10046,St. Wendel,8.41,50 bis unter 100,5.4,71.4,71.3,73.43,11.55
11000,"Berlin, Stadt",14.09,500 und mehr,2.0,15.8,47.5,12.09,1.27
12051,"Brandenburg an der Havel, Stadt",8.54,100 bis unter 200,8.6,22.5,50.4,47.83,4.32
12052,"Cottbus, Stadt",7.97,100 bis unter 200,6.6,23.0,50.7,31.65,3.71
12053,"Frankfurt (Oder), Stadt",7.54,50 bis unter 100,6.6,21.0,47.7,15.15,1.87
12054,"Potsdam, Stadt",12.02,300 bis unter 500,2.7,17.0,45.0,27.92,3.1
12060,Barnim,10.43,100 bis unter 200,3.6,49.7,52.1,67.35,6.53
12061,Dahme-Spreewald,14.05,100 bis unter 200,3.8,52.3,53.0,36.3,8.81
12062,Elbe-Elster,6.19,bis unter 50,9.3,59.1,55.5,85.11,12.33
12063,Havelland,11.05,100 bis unter 200,3.8,51.5,49.7,51.4,8.3
12064,Märkisch-Oderland,9.84,100 bis unter 200,4.6,54.2,52.1,52.18,6.83
12065,Oberhavel,12.71,100 bis unter 200,3.6,50.4,53.3,47.33,7.33
12066,Oberspreewald-Lausitz,6.54,bis unter 50,9.2,42.4,52.0,64.96,7.42
12067,Oder-Spree,9.64,100 bis unter 200,5.2,49.3,50.7,65.8,6.04
12068,Ostprignitz-Ruppin,8.72,bis unter 50,5.4,45.7,57.5,32.27,7.86
12069,Potsdam-Mittelmark,10.04,100 bis unter 200,2.9,58.0,52.9,51.0,9.81
12070,Prignitz,7.1,bis unter 50,9.3,49.2,58.1,72.04,9.34
12071,Spree-Neiße,6.43,bis unter 50,10.2,52.2,55.4,58.39,10.52
12072,Teltow-Fläming,10.02,100 bis unter 200,4.5,49.1,54.6,75.67,7.7
12073,Uckermark,7.17,bis unter 50,6.2,39.4,54.4,57.43,6.67
13003,Rostock,10.94,300 bis unter 500,2.7,14.4,43.5,24.18,1.01
13004,Schwerin,9.37,100 bis unter 200,6.1,17.7,46.0,26.11,1.52
13071,Mecklenburgische Seenplatte,6.75,50 bis unter 100,7.0,41.9,52.5,37.79,6.55
13072,Landkreis Rostock,8.52,100 bis unter 200,4.7,52.3,54.9,58.49,7.45
13073,Vorpommern-Rügen,8.54,50 bis unter 100,6.3,41.0,49.9,62.85,5.34
13074,Nordwestmecklenburg,8.73,100 bis unter 200,4.6,45.4,52.5,76.04,7.08
13075,Vorpommern-Greifswald,8.78,100 bis unter 200,6.9,41.5,49.8,47.8,8.12
13076,Ludwigslust-Parchim,7.54,bis unter 50,5.5,53.8,55.7,61.41,8.56
14511,"Chemnitz, Stadt",5.86,100 bis unter 200,11.0,18.3,46.2,61.69,2.55
14521,Erzgebirgskreis,5.76,50 bis unter 100,11.9,46.5,48.7,72.11,9.05
14522,Mittelsachsen,6.02,bis unter 50,10.9,45.0,49.8,81.63,7.87
14523,Vogtlandkreis,5.35,50 bis unter 100,13.0,43.2,51.9,76.23,8.11
14524,Zwickau,6.03,50 bis unter 100,13.0,39.9,48.7,84.27,4.98
14612,"Dresden, Stadt",9.64,300 bis unter 500,4.1,16.5,44.8,9.56,2.34
14625,Bautzen,6.2,50 bis unter 100,8.2,48.6,51.0,78.45,9.06
14626,Görlitz,5.89,bis unter 50,12.2,43.7,53.7,76.69,7.66
14627,Meißen,6.96,100 bis unter 200,8.5,43.3,48.6,79.75,7.43
14628,Sächsische Schweiz-Osterzgebirge,7.53,100 bis unter 200,7.8,43.6,49.2,69.07,8.46
14713,"Leipzig, Stadt",9.9,300 bis unter 500,5.4,13.3,46.2,13.98,2.28
14729,Leipzig,7.24,100 bis unter 200,7.8,49.6,52.1,79.8,6.89
14730,Nordsachsen,7.35,50 bis unter 100,7.7,48.9,50.9,29.83,8.11
15001,"Dessau-Roßlau, Stadt",7.05,50 bis unter 100,12.5,34.4,50.6,89.23,3.16
15002,"Halle (Saale), Stadt",8.03,200 bis unter 300,7.8,16.0,46.8,15.61,2.41
15003,"Magdeburg, Landeshauptstadt",7.37,200 bis unter 300,6.7,18.1,47.7,34.67,2.47
15081,Altmarkkreis Salzwedel,6.06,bis unter 50,8.7,56.4,58.3,83.51,11.07
15082,Anhalt-Bitterfeld,6.62,50 bis unter 100,10.2,49.6,50.0,77.56,6.01
15083,Börde,6.35,50 bis unter 100,7.9,58.0,54.9,85.06,6.95
15084,Burgenlandkreis,6.1,bis unter 50,10.9,47.2,52.0,64.97,6.98
15085,Harz,6.41,50 bis unter 100,9.2,47.1,54.7,83.52,5.27
15086,Jerichower Land,6.77,50 bis unter 100,8.8,55.6,55.1,72.86,7.44
15087,Mansfeld-Südharz,6.08,bis unter 50,9.4,55.2,53.9,83.87,7.94
15088,Saalekreis,6.67,50 bis unter 100,7.5,53.9,51.8,92.42,6.83
15089,Salzlandkreis,6.22,50 bis unter 100,10.7,46.0,53.9,89.61,4.33
15090,Stendal,6.54,bis unter 50,10.5,48.5,55.1,70.0,7.85
15091,Wittenberg,6.37,bis unter 50,8.0,54.4,55.0,77.78,7.66
16051,"Erfurt, Stadt",10.0,200 bis unter 300,4.5,21.9,46.0,22.5,2.77
16052,"Gera, Stadt",6.17,50 bis unter 100,11.5,23.0,47.5,5.49,3.02
16053,"Jena, Stadt",11.66,300 bis unter 500,3.1,20.6,46.0,10.4,2.43
16054,"Suhl, Stadt",6.73,50 bis unter 100,10.1,35.9,51.8,72.15,4.22
16055,"Weimar, Stadt",9.75,100 bis unter 200,4.3,24.5,48.1,37.5,3.55
16061,Eichsfeld,7.16,bis unter 50,6.5,60.4,55.6,60.12,10.21
16062,Nordhausen,6.42,bis unter 50,7.8,47.1,50.8,86.36,7.85
16063,Wartburgkreis,7.02,bis unter 50,8.2,52.9,54.1,76.85,9.79
16064,Unstrut-Hainich-Kreis,6.34,bis unter 50,9.9,55.0,54.6,77.92,9.53
16065,Kyffhäuserkreis,6.31,bis unter 50,10.5,60.2,56.1,75.0,10.84
16066,Schmalkalden-Meiningen,6.69,bis unter 50,8.0,60.1,54.0,64.36,12.48
16067,Gotha,6.96,50 bis unter 100,5.8,49.3,53.6,73.91,7.58
16068,Sömmerda,7.47,50 bis unter 100,6.7,62.0,54.2,86.21,10.13
16069,Hildburghausen,7.05,bis unter 50,7.7,65.3,55.3,68.42,18.54
16070,Ilm-Kreis,7.71,50 bis unter 100,6.8,45.9,49.3,58.43,8.83
16071,Weimarer Land,8.2,50 bis unter 100,7.9,57.6,54.2,88.89,10.67
16072,Sonneberg,6.52,bis unter 50,9.7,57.3,51.7,80.95,10.73
16073,Saalfeld-Rudolstadt,6.81,bis unter 50,8.8,50.1,52.2,67.65,12.87
16074,Saale-Holzland-Kreis,7.18,50 bis unter 100,6.8,55.7,54.5,92.02,13.01
16075,Saale-Orla-Kreis,6.32,bis unter 50,11.6,58.2,54.0,66.67,18.47
16076,Greiz,5.68,50 bis unter 100,11.7,53.8,53.5,86.05,11.81
16077,Altenburger Land,6.14,50 bis unter 100,15.0,41.0,51.6,33.33,7.66
