ags,county,year,new_residential_buildings,new_dwellings_in_residential_buildings,rooms_in_new_residential_buildings,floor_area_new_residential_sqm,nonliving_area_new_residential_sqm
05111,"Düsseldorf, krfr. Stadt",2015,265,947,3878,105569,19711
05111,"Düsseldorf, krfr. Stadt",2016,380,1985,6389,168164,33983
05111,"Düsseldorf, krfr. Stadt",2017,216,2072,6628,187532,45246
05111,"Düsseldorf, krfr. Stadt",2018,278,2028,6245,166845,47926
05111,"Düsseldorf, krfr. Stadt",2019,288,1996,6415,167910,43721
05111,"Düsseldorf, krfr. Stadt",2020,271,1800,6449,175808,30052
05111,"Düsseldorf, krfr. Stadt",2021,217,1962,5716,156277,23977
05111,"Düsseldorf, krfr. Stadt",2022,227,1812,5114,136544,35331
05111,"Düsseldorf, krfr. Stadt",2023,303,1886,5689,148851,38336
05111,"Düsseldorf, krfr. Stadt",2024,225,1807,5682,145531,30605
05111,"Düsseldorf, krfr. Stadt",2025,136,1525,4223,120825,36527
05112,"Duisburg, krfr. Stadt",2015,186,370,1652,38981,5042
05112,"Duisburg, krfr. Stadt",2016,139,321,1227,30777,3512
05112,"Duisburg, krfr. Stadt",2017,238,540,2076,56789,9949
05112,"Duisburg, krfr. Stadt",2018,244,712,2673,68662,12799
05112,"Duisburg, krfr. Stadt",2019,232,585,2185,63430,11455
05112,"Duisburg, krfr. Stadt",2020,185,434,1781,43987,9805
05112,"Duisburg, krfr. Stadt",2021,141,591,2069,54470,11870
05112,"Duisburg, krfr. Stadt",2022,123,707,2143,58443,16070
05112,"Duisburg, krfr. Stadt",2023,188,515,1947,54148,6391
05112,"Duisburg, krfr. Stadt",2024,157,525,1731,48924,12599
05112,"Duisburg, krfr. Stadt",2025,165,714,2203,62608,14758
05113,"Essen, krfr. Stadt",2015,273,872,3670,96131,19683
05113,"Essen, krfr. Stadt",2016,204,587,2044,58197,8261
05113,"Essen, krfr. Stadt",2017,393,1048,4099,110258,21833
05113,"Essen, krfr. Stadt",2018,281,930,3595,95574,17864
05113,"Essen, krfr. Stadt",2019,189,902,3192,87218,12155
05113,"Essen, krfr. Stadt",2020,154,946,2765,70212,19536
05113,"Essen, krfr. Stadt",2021,186,1183,3444,93765,32215
05113,"Essen, krfr. Stadt",2022,115,653,2207,65021,15891
05113,"Essen, krfr. Stadt",2023,105,715,2261,62121,18819
05113,"Essen, krfr. Stadt",2024,80,329,1182,34126,10007
05113,"Essen, krfr. Stadt",2025,106,767,2401,65072,13943
05114,"Krefeld, krfr. Stadt",2015,158,281,1281,31589,1321
05114,"Krefeld, krfr. Stadt",2016,95,192,861,22264,454
05114,"Krefeld, krfr. Stadt",2017,130,354,1514,40082,2781
05114,"Krefeld, krfr. Stadt",2018,113,235,1037,25975,2316
05114,"Krefeld, krfr. Stadt",2019,105,247,1000,26058,1606
05114,"Krefeld, krfr. Stadt",2020,77,253,901,22838,1621
05114,"Krefeld, krfr. Stadt",2021,96,215,803,23051,4061
05114,"Krefeld, krfr. Stadt",2022,49,134,491,13747,3152
05114,"Krefeld, krfr. Stadt",2023,82,302,955,27167,5413
05114,"Krefeld, krfr. Stadt",2024,41,176,547,17134,3014
05114,"Krefeld, krfr. Stadt",2025,26,38,190,5392,815
05116,"Mönchengladbach, krfr. Stadt",2015,104,283,989,25405,4256
05116,"Mönchengladbach, krfr. Stadt",2016,292,598,2678,66102,14133
05116,"Mönchengladbach, krfr. Stadt",2017,248,521,2074,55171,10266
05116,"Mönchengladbach, krfr. Stadt",2018,126,234,1084,26993,5464
05116,"Mönchengladbach, krfr. Stadt",2019,257,572,2532,62771,14623
05116,"Mönchengladbach, krfr. Stadt",2020,279,650,2767,69947,12783
05116,"Mönchengladbach, krfr. Stadt",2021,190,475,1917,49616,8480
05116,"Mönchengladbach, krfr. Stadt",2022,133,244,1093,29601,6681
05116,"Mönchengladbach, krfr. Stadt",2023,134,593,1992,52688,17929
05116,"Mönchengladbach, krfr. Stadt",2024,69,215,875,22698,3289
05116,"Mönchengladbach, krfr. Stadt",2025,229,632,2340,66072,17063
05117,"Mülheim an der Ruhr, krfr. Stadt",2015,140,457,1665,49356,6977
05117,"Mülheim an der Ruhr, krfr. Stadt",2016,64,108,511,14974,543
05117,"Mülheim an der Ruhr, krfr. Stadt",2017,123,404,1311,34012,3893
05117,"Mülheim an der Ruhr, krfr. Stadt",2018,125,375,1433,34925,3710
05117,"Mülheim an der Ruhr, krfr. Stadt",2019,100,312,1183,34302,5886
05117,"Mülheim an der Ruhr, krfr. Stadt",2020,81,326,1155,32293,8346
05117,"Mülheim an der Ruhr, krfr. Stadt",2021,186,462,1784,51165,6316
05117,"Mülheim an der Ruhr, krfr. Stadt",2022,111,268,1031,30287,5330
05117,"Mülheim an der Ruhr, krfr. Stadt",2023,66,177,663,20978,2743
05117,"Mülheim an der Ruhr, krfr. Stadt",2024,95,238,881,27795,2655
05117,"Mülheim an der Ruhr, krfr. Stadt",2025,49,131,511,15947,3163
05119,"Oberhausen, krfr. Stadt",2015,151,292,1178,31780,4124
05119,"Oberhausen, krfr. Stadt",2016,139,306,1112,27793,4980
05119,"Oberhausen, krfr. Stadt",2017,124,375,1251,33352,5531
05119,"Oberhausen, krfr. Stadt",2018,122,297,1216,29984,5527
05119,"Oberhausen, krfr. Stadt",2019,158,371,1519,37779,8618
05119,"Oberhausen, krfr. Stadt",2020,131,290,1247,29960,6271
05119,"Oberhausen, krfr. Stadt",2021,24,76,280,7294,2997
05119,"Oberhausen, krfr. Stadt",2022,48,170,619,15611,2586
05119,"Oberhausen, krfr. Stadt",2023,25,81,289,8096,1274
05119,"Oberhausen, krfr. Stadt",2024,36,160,562,14400,3621
05119,"Oberhausen, krfr. Stadt",2025,29,224,755,20703,8850
05120,"Remscheid, krfr. Stadt",2015,28,47,227,6151,1957
05120,"Remscheid, krfr. Stadt",2016,65,160,554,15494,2230
05120,"Remscheid, krfr. Stadt",2017,58,141,546,14178,2617
05120,"Remscheid, krfr. Stadt",2018,103,252,861,24107,3989
05120,"Remscheid, krfr. Stadt",2019,55,104,452,12145,2451
05120,"Remscheid, krfr. Stadt",2020,42,145,367,11103,2402
05120,"Remscheid, krfr. Stadt",2021,55,115,470,13745,3710
05120,"Remscheid, krfr. Stadt",2022,36,100,430,12737,5037
05120,"Remscheid, krfr. Stadt",2023,27,50,220,5865,1840
05120,"Remscheid, krfr. Stadt",2024,24,66,239,7346,1863
05120,"Remscheid, krfr. Stadt",2025,29,43,190,5628,1190
05122,"Solingen, krfr. Stadt",2015,135,241,1202,30022,4134
05122,"Solingen, krfr. Stadt",2016,81,181,771,19832,3341
05122,"Solingen, krfr. Stadt",2017,118,294,1410,33477,8698
05122,"Solingen, krfr. Stadt",2018,110,258,1137,28655,5327
05122,"Solingen, krfr. Stadt",2019,107,305,1111,30782,5599
05122,"Solingen, krfr. Stadt",2020,77,289,1166,29010,4612
05122,"Solingen, krfr. Stadt",2021,86,180,819,20167,5381
05122,"Solingen, krfr. Stadt",2022,95,509,1920,47013,17473
05122,"Solingen, krfr. Stadt",2023,70,280,895,26704,5137
05122,"Solingen, krfr. Stadt",2024,45,137,550,15844,2685
05122,"Solingen, krfr. Stadt",2025,76,298,1087,32390,2796
05124,"Wuppertal, krfr. Stadt",2015,135,348,1503,39502,10023
05124,"Wuppertal, krfr. Stadt",2016,204,341,1511,39146,7635
05124,"Wuppertal, krfr. Stadt",2017,80,149,720,19288,5725
05124,"Wuppertal, krfr. Stadt",2018,126,280,1262,32379,7751
05124,"Wuppertal, krfr. Stadt",2019,111,261,1158,31506,7350
05124,"Wuppertal, krfr. Stadt",2020,95,340,1128,28200,6183
05124,"Wuppertal, krfr. Stadt",2021,154,281,1231,32666,7739
05124,"Wuppertal, krfr. Stadt",2022,49,168,599,17269,5894
05124,"Wuppertal, krfr. Stadt",2023,84,217,897,24384,4792
05124,"Wuppertal, krfr. Stadt",2024,77,240,944,25354,8192
05124,"Wuppertal, krfr. Stadt",2025,101,260,1038,28436,8707
05154,"Kleve, Kreis",2015,424,895,3584,87428,15223
05154,"Kleve, Kreis",2016,429,1143,3923,97824,19662
05154,"Kleve, Kreis",2017,483,1131,4405,109570,22702
05154,"Kleve, Kreis",2018,430,1096,4093,102722,20111
05154,"Kleve, Kreis",2019,407,1158,4067,100147,20910
05154,"Kleve, Kreis",2020,454,1021,4059,101283,19781
05154,"Kleve, Kreis",2021,464,949,4000,98949,20044
05154,"Kleve, Kreis",2022,383,913,3402,91723,17052
05154,"Kleve, Kreis",2023,443,1323,4575,122177,30584
05154,"Kleve, Kreis",2024,294,992,3270,85028,13918
05154,"Kleve, Kreis",2025,232,682,2433,64166,16436
05158,"Mettmann, Kreis",2015,473,1093,4680,124197,26512
05158,"Mettmann, Kreis",2016,349,754,3456,91137,18828
05158,"Mettmann, Kreis",2017,314,948,3349,87364,17118
05158,"Mettmann, Kreis",2018,299,663,2799,77290,15822
05158,"Mettmann, Kreis",2019,443,1148,4573,123768,25434
05158,"Mettmann, Kreis",2020,321,775,3268,86910,19982
05158,"Mettmann, Kreis",2021,331,809,3116,80214,16349
05158,"Mettmann, Kreis",2022,429,1008,4100,110632,23211
05158,"Mettmann, Kreis",2023,262,911,3276,89641,28157
05158,"Mettmann, Kreis",2024,112,298,1208,32879,7201
05158,"Mettmann, Kreis",2025,142,646,2254,61861,17068
05162,Rhein-Kreis Neuss,2015,729,1084,5546,142000,20297
05162,Rhein-Kreis Neuss,2016,727,1579,6570,184358,41347
05162,Rhein-Kreis Neuss,2017,524,1149,4843,130266,20109
05162,Rhein-Kreis Neuss,2018,472,1040,4417,119212,24410
05162,Rhein-Kreis Neuss,2019,611,1254,5192,138513,22011
05162,Rhein-Kreis Neuss,2020,526,1134,5068,130061,20931
05162,Rhein-Kreis Neuss,2021,418,964,4013,110316,21231
05162,Rhein-Kreis Neuss,2022,362,1083,3939,106110,25423
05162,Rhein-Kreis Neuss,2023,414,1000,4379,115013,25466
05162,Rhein-Kreis Neuss,2024,234,689,2522,70882,16343
05162,Rhein-Kreis Neuss,2025,205,502,2037,53146,11948
05166,"Viersen, Kreis",2015,305,534,2457,62684,13120
05166,"Viersen, Kreis",2016,205,271,1331,34520,7387
05166,"Viersen, Kreis",2017,277,553,2360,60016,13387
05166,"Viersen, Kreis",2018,328,735,3001,74523,15444
05166,"Viersen, Kreis",2019,354,633,2854,71466,14811
05166,"Viersen, Kreis",2020,386,651,2973,78596,14072
05166,"Viersen, Kreis",2021,292,615,2586,67260,16115
05166,"Viersen, Kreis",2022,279,578,2356,65054,15655
05166,"Viersen, Kreis",2023,218,444,1871,49744,10150
05166,"Viersen, Kreis",2024,226,648,2157,60230,11002
05166,"Viersen, Kreis",2025,177,431,1689,44818,11314
05170,"Wesel, Kreis",2015,412,804,3487,85819,16852
05170,"Wesel, Kreis",2016,547,1190,4642,114893,20400
05170,"Wesel, Kreis",2017,468,1001,4252,105058,17385
05170,"Wesel, Kreis",2018,499,948,4219,103656,15012
05170,"Wesel, Kreis",2019,507,1125,4396,114804,21031
05170,"Wesel, Kreis",2020,529,1104,4825,119411,19421
05170,"Wesel, Kreis",2021,429,1200,4534,118609,19450
05170,"Wesel, Kreis",2022,354,925,3432,90416,16040
05170,"Wesel, Kreis",2023,282,566,2289,63245,11618
05170,"Wesel, Kreis",2024,256,800,2616,69989,14361
05170,"Wesel, Kreis",2025,268,564,2221,58680,9596
05314,"Bonn, krfr. Stadt",2015,239,1156,4405,111047,22737
05314,"Bonn, krfr. Stadt",2016,203,1450,4438,110958,21807
05314,"Bonn, krfr. Stadt",2017,190,1259,4429,103512,15521
05314,"Bonn, krfr. Stadt",2018,223,1154,3515,86079,19737
05314,"Bonn, krfr. Stadt",2019,226,1110,3468,88163,14332
05314,"Bonn, krfr. Stadt",2020,164,1064,3142,82291,16887
05314,"Bonn, krfr. Stadt",2021,126,1185,3520,96487,28525
05314,"Bonn, krfr. Stadt",2022,127,625,2129,59774,13320
05314,"Bonn, krfr. Stadt",2023,92,700,2012,54868,14936
05314,"Bonn, krfr. Stadt",2024,141,1309,3335,85450,26000
05314,"Bonn, krfr. Stadt",2025,86,686,1982,51293,14307
05315,"Köln, krfr. Stadt",2015,787,2908,10834,286014,18058
05315,"Köln, krfr. Stadt",2016,623,3095,10600,274039,43172
05315,"Köln, krfr. Stadt",2017,389,2055,6336,173659,26221
05315,"Köln, krfr. Stadt",2018,650,3402,10279,270933,52590
05315,"Köln, krfr. Stadt",2019,370,2030,6919,172011,31840
05315,"Köln, krfr. Stadt",2020,297,1801,5587,150942,29125
05315,"Köln, krfr. Stadt",2021,371,2232,6692,183813,25389
05315,"Köln, krfr. Stadt",2022,436,2101,6360,167052,20948
05315,"Köln, krfr. Stadt",2023,457,3232,9826,266179,33530
05315,"Köln, krfr. Stadt",2024,285,1573,4922,127903,16488
05315,"Köln, krfr. Stadt",2025,393,3481,10661,291390,50342
05316,"Leverkusen, krfr. Stadt",2015,103,155,771,19630,5499
05316,"Leverkusen, krfr. Stadt",2016,71,122,619,15449,4253
05316,"Leverkusen, krfr. Stadt",2017,205,424,1774,46496,12114
05316,"Leverkusen, krfr. Stadt",2018,91,246,956,26937,9128
05316,"Leverkusen, krfr. Stadt",2019,49,186,714,17361,3635
05316,"Leverkusen, krfr. Stadt",2020,68,420,1380,35710,11680
05316,"Leverkusen, krfr. Stadt",2021,233,707,2807,71257,20219
05316,"Leverkusen, krfr. Stadt",2022,68,172,699,19586,4888
05316,"Leverkusen, krfr. Stadt",2023,33,191,622,17605,3820
05316,"Leverkusen, krfr. Stadt",2024,52,194,688,18968,3599
05316,"Leverkusen, krfr. Stadt",2025,45,133,503,13120,4583
05334,Städteregion Aachen (einschl. Stadt Aachen),2015,474,1187,4939,127729,28514
05334,Städteregion Aachen (einschl. Stadt Aachen),2016,502,1095,4588,115023,25293
05334,Städteregion Aachen (einschl. Stadt Aachen),2017,493,1315,5149,135160,34447
05334,Städteregion Aachen (einschl. Stadt Aachen),2018,488,1448,5321,138251,25510
05334,Städteregion Aachen (einschl. Stadt Aachen),2019,440,1631,5453,139067,27399
05334,Städteregion Aachen (einschl. Stadt Aachen),2020,444,1185,4400,114627,26547
05334,Städteregion Aachen (einschl. Stadt Aachen),2021,378,1360,4497,115572,25216
05334,Städteregion Aachen (einschl. Stadt Aachen),2022,418,1469,5080,138615,28366
05334,Städteregion Aachen (einschl. Stadt Aachen),2023,356,1134,4507,112919,23385
05334,Städteregion Aachen (einschl. Stadt Aachen),2024,303,954,3403,87863,19424
05334,Städteregion Aachen (einschl. Stadt Aachen),2025,198,593,2175,58736,13184
05358,"Düren, Kreis",2015,228,307,1580,38775,8713
05358,"Düren, Kreis",2016,463,714,3461,88922,16687
05358,"Düren, Kreis",2017,443,846,3709,93200,18638
05358,"Düren, Kreis",2018,469,900,3820,95920,20579
05358,"Düren, Kreis",2019,409,820,3448,88807,19271
05358,"Düren, Kreis",2020,545,1053,4685,121826,26475
05358,"Düren, Kreis",2021,408,747,3445,87958,16599
05358,"Düren, Kreis",2022,496,928,4138,107900,23667
05358,"Düren, Kreis",2023,398,953,3875,104660,19584
05358,"Düren, Kreis",2024,325,775,3119,86148,21332
05358,"Düren, Kreis",2025,204,448,1795,47097,7731
05362,Rhein-Erft-Kreis,2015,609,1179,5065,130973,25388
05362,Rhein-Erft-Kreis,2016,576,1254,5384,135625,24646
05362,Rhein-Erft-Kreis,2017,541,1199,5389,136049,29859
05362,Rhein-Erft-Kreis,2018,570,1057,5038,123565,24997
05362,Rhein-Erft-Kreis,2019,656,1703,7001,171275,35261
05362,Rhein-Erft-Kreis,2020,542,1506,5954,153260,37043
05362,Rhein-Erft-Kreis,2021,577,1846,6973,176063,37241
05362,Rhein-Erft-Kreis,2022,514,1331,5108,133959,28755
05362,Rhein-Erft-Kreis,2023,446,1491,5620,144027,38870
05362,Rhein-Erft-Kreis,2024,338,916,3409,92665,19537
05362,Rhein-Erft-Kreis,2025,293,814,3029,84287,19173
05366,"Euskirchen, Kreis",2015,295,409,2122,51063,11273
05366,"Euskirchen, Kreis",2016,329,519,2572,61915,14795
05366,"Euskirchen, Kreis",2017,323,491,2565,61030,13763
05366,"Euskirchen, Kreis",2018,435,867,3736,93995,25235
05366,"Euskirchen, Kreis",2019,624,983,4583,112416,23698
05366,"Euskirchen, Kreis",2020,591,986,4729,118424,29789
05366,"Euskirchen, Kreis",2021,461,701,3425,88183,19222
05366,"Euskirchen, Kreis",2022,484,965,4176,113027,26489
05366,"Euskirchen, Kreis",2023,524,847,3928,103874,23840
05366,"Euskirchen, Kreis",2024,306,789,3068,80400,21233
05366,"Euskirchen, Kreis",2025,263,617,2496,64112,13349
05370,"Heinsberg, Kreis",2015,598,929,4446,108168,27896
05370,"Heinsberg, Kreis",2016,581,1021,4463,110505,26637
05370,"Heinsberg, Kreis",2017,724,1247,5501,137397,30635
05370,"Heinsberg, Kreis",2018,485,959,3983,100114,23873
05370,"Heinsberg, Kreis",2019,691,1324,5491,140768,33784
05370,"Heinsberg, Kreis",2020,650,1103,4872,121570,28508
05370,"Heinsberg, Kreis",2021,697,1153,5125,132410,32454
05370,"Heinsberg, Kreis",2022,576,1172,4962,127674,31551
05370,"Heinsberg, Kreis",2023,624,1316,5366,136121,30001
05370,"Heinsberg, Kreis",2024,495,979,4053,106790,24887
05370,"Heinsberg, Kreis",2025,378,772,3117,83138,21752
05374,Oberbergischer Kreis,2015,222,390,1941,44998,10753
05374,Oberbergischer Kreis,2016,224,507,2209,52580,12610
05374,Oberbergischer Kreis,2017,190,361,1555,38562,9226
05374,Oberbergischer Kreis,2018,148,303,1361,32244,9557
05374,Oberbergischer Kreis,2019,283,561,2616,63457,16574
05374,Oberbergischer Kreis,2020,258,445,2190,51941,12299
05374,Oberbergischer Kreis,2021,242,451,2142,54346,12526
05374,Oberbergischer Kreis,2022,353,645,3102,77578,17280
05374,Oberbergischer Kreis,2023,247,428,2030,52364,14042
05374,Oberbergischer Kreis,2024,224,436,2028,50469,11851
05374,Oberbergischer Kreis,2025,192,449,1716,44811,9480
05378,Rheinisch-Bergischer Kreis,2015,290,726,2993,77840,23238
05378,Rheinisch-Bergischer Kreis,2016,434,1119,4562,119513,28923
05378,Rheinisch-Bergischer Kreis,2017,310,680,3060,76081,15908
05378,Rheinisch-Bergischer Kreis,2018,247,529,2240,60701,14344
05378,Rheinisch-Bergischer Kreis,2019,427,941,3982,106224,27133
05378,Rheinisch-Bergischer Kreis,2020,339,757,3321,87899,23728
05378,Rheinisch-Bergischer Kreis,2021,305,829,3190,84960,23604
05378,Rheinisch-Bergischer Kreis,2022,290,762,2980,80686,18089
05378,Rheinisch-Bergischer Kreis,2023,253,912,3340,92901,29353
05378,Rheinisch-Bergischer Kreis,2024,287,1073,4161,105187,28840
05378,Rheinisch-Bergischer Kreis,2025,165,502,1878,50520,15026
05382,Rhein-Sieg-Kreis,2015,807,1727,7788,191779,46439
05382,Rhein-Sieg-Kreis,2016,819,1801,7730,193589,51352
05382,Rhein-Sieg-Kreis,2017,953,1984,8678,221461,54449
05382,Rhein-Sieg-Kreis,2018,700,1469,6328,163618,36767
05382,Rhein-Sieg-Kreis,2019,835,1722,7633,191629,51940
05382,Rhein-Sieg-Kreis,2020,683,1812,7257,189879,57772
05382,Rhein-Sieg-Kreis,2021,718,1551,6597,168997,40392
05382,Rhein-Sieg-Kreis,2022,780,1808,7134,185536,41945
05382,Rhein-Sieg-Kreis,2023,689,1571,6463,173772,42180
05382,Rhein-Sieg-Kreis,2024,448,1112,4366,115735,30473
05382,Rhein-Sieg-Kreis,2025,378,1091,4096,110974,29242
05512,"Bottrop, krfr. Stadt",2015,58,152,615,15476,2723
05512,"Bottrop, krfr. Stadt",2016,52,139,534,12383,2530
05512,"Bottrop, krfr. Stadt",2017,76,291,921,22339,2655
05512,"Bottrop, krfr. Stadt",2018,76,208,860,22957,4063
05512,"Bottrop, krfr. Stadt",2019,141,278,1214,30248,3716
05512,"Bottrop, krfr. Stadt",2020,85,233,841,22157,5041
05512,"Bottrop, krfr. Stadt",2021,153,260,1207,29744,4327
05512,"Bottrop, krfr. Stadt",2022,68,190,691,19186,3276
05512,"Bottrop, krfr. Stadt",2023,53,196,753,19658,4040
05512,"Bottrop, krfr. Stadt",2024,30,134,471,12177,3046
05512,"Bottrop, krfr. Stadt",2025,19,34,137,4074,499
05513,"Gelsenkirchen, krfr. Stadt",2015,87,183,737,19915,4225
05513,"Gelsenkirchen, krfr. Stadt",2016,109,140,778,17805,1380
05513,"Gelsenkirchen, krfr. Stadt",2017,189,699,2114,51264,7196
05513,"Gelsenkirchen, krfr. Stadt",2018,113,245,948,23259,4918
05513,"Gelsenkirchen, krfr. Stadt",2019,87,129,575,15162,1794
05513,"Gelsenkirchen, krfr. Stadt",2020,130,209,945,25309,3274
05513,"Gelsenkirchen, krfr. Stadt",2021,141,328,1391,35879,3508
05513,"Gelsenkirchen, krfr. Stadt",2022,74,154,687,17085,3746
05513,"Gelsenkirchen, krfr. Stadt",2023,19,33,163,4885,903
05513,"Gelsenkirchen, krfr. Stadt",2024,30,104,376,10985,3569
05513,"Gelsenkirchen, krfr. Stadt",2025,34,108,392,11157,2758
05515,"Münster, krfr. Stadt",2015,373,1147,3782,106739,17363
05515,"Münster, krfr. Stadt",2016,378,1613,4509,120482,15638
05515,"Münster, krfr. Stadt",2017,361,1331,3984,112595,18556
05515,"Münster, krfr. Stadt",2018,240,968,2735,76134,9883
05515,"Münster, krfr. Stadt",2019,398,1553,5079,134393,29859
05515,"Münster, krfr. Stadt",2020,449,1683,5294,144866,28684
05515,"Münster, krfr. Stadt",2021,322,1296,4160,112690,24424
05515,"Münster, krfr. Stadt",2022,302,1759,4388,111912,21209
05515,"Münster, krfr. Stadt",2023,277,2099,4921,124147,27162
05515,"Münster, krfr. Stadt",2024,131,905,2378,64942,18089
05515,"Münster, krfr. Stadt",2025,192,1036,2896,76522,15353
05554,"Borken, Kreis",2015,696,1352,6159,146727,28180
05554,"Borken, Kreis",2016,728,1487,6563,155778,31699
05554,"Borken, Kreis",2017,767,1563,6716,166341,33920
05554,"Borken, Kreis",2018,633,1364,5699,140843,26879
05554,"Borken, Kreis",2019,703,1489,6455,160741,36827
05554,"Borken, Kreis",2020,817,1486,6979,169782,36933
05554,"Borken, Kreis",2021,788,1812,7370,184387,36754
05554,"Borken, Kreis",2022,628,1455,5893,151216,35094
05554,"Borken, Kreis",2023,543,1335,5229,138117,27936
05554,"Borken, Kreis",2024,468,1275,4925,122576,24669
05554,"Borken, Kreis",2025,377,1285,4555,120515,26973
05558,"Coesfeld, Kreis",2015,331,573,2808,65983,11025
05558,"Coesfeld, Kreis",2016,451,923,4119,94086,18253
05558,"Coesfeld, Kreis",2017,361,698,3137,76895,14175
05558,"Coesfeld, Kreis",2018,441,847,3836,95946,19098
05558,"Coesfeld, Kreis",2019,442,837,3961,96814,21962
05558,"Coesfeld, Kreis",2020,374,813,3619,84708,15545
05558,"Coesfeld, Kreis",2021,332,1039,3839,95191,19570
05558,"Coesfeld, Kreis",2022,396,820,3438,87805,17946
05558,"Coesfeld, Kreis",2023,303,720,2935,73157,15262
05558,"Coesfeld, Kreis",2024,257,694,2707,67919,14480
05558,"Coesfeld, Kreis",2025,257,696,2629,71159,16980
05562,"Recklinghausen, Kreis",2015,515,927,4071,101383,13968
05562,"Recklinghausen, Kreis",2016,432,876,3625,94293,14747
05562,"Recklinghausen, Kreis",2017,517,1022,4287,112175,24214
05562,"Recklinghausen, Kreis",2018,669,1183,5345,135722,19699
05562,"Recklinghausen, Kreis",2019,400,1038,4029,106181,18922
05562,"Recklinghausen, Kreis",2020,394,1031,4040,102827,18169
05562,"Recklinghausen, Kreis",2021,283,729,2849,75307,15517
05562,"Recklinghausen, Kreis",2022,317,897,3394,90748,17748
05562,"Recklinghausen, Kreis",2023,385,1085,3993,108454,22126
05562,"Recklinghausen, Kreis",2024,301,861,3144,85269,14458
05562,"Recklinghausen, Kreis",2025,234,747,2648,69718,15204
05566,"Steinfurt, Kreis",2015,1073,1980,9041,217969,35410
05566,"Steinfurt, Kreis",2016,956,1628,7556,185190,29856
05566,"Steinfurt, Kreis",2017,962,2118,8634,214362,36759
05566,"Steinfurt, Kreis",2018,959,1931,8276,204841,35361
05566,"Steinfurt, Kreis",2019,806,1554,6688,171924,30286
05566,"Steinfurt, Kreis",2020,954,2048,8677,216485,43766
05566,"Steinfurt, Kreis",2021,757,1743,7217,181382,32414
05566,"Steinfurt, Kreis",2022,775,1813,7277,185078,33449
05566,"Steinfurt, Kreis",2023,734,1981,7425,194504,34441
05566,"Steinfurt, Kreis",2024,566,1554,5931,153256,29390
05566,"Steinfurt, Kreis",2025,423,1120,4221,108109,20450
05570,"Warendorf, Kreis",2015,448,725,3679,87271,15438
05570,"Warendorf, Kreis",2016,440,781,3510,83260,15771
05570,"Warendorf, Kreis",2017,453,863,3851,94731,20679
05570,"Warendorf, Kreis",2018,473,1027,4350,106220,21595
05570,"Warendorf, Kreis",2019,456,863,3988,96238,21357
05570,"Warendorf, Kreis",2020,453,899,3937,98087,18499
05570,"Warendorf, Kreis",2021,394,745,3408,84077,18752
05570,"Warendorf, Kreis",2022,515,1171,4913,124931,21447
05570,"Warendorf, Kreis",2023,424,994,4132,102115,21226
05570,"Warendorf, Kreis",2024,354,860,3400,84081,16285
05570,"Warendorf, Kreis",2025,254,719,2676,68741,14958
05711,"Bielefeld, krfr. Stadt",2015,204,609,2348,56595,13758
05711,"Bielefeld, krfr. Stadt",2016,241,765,3114,81341,20228
05711,"Bielefeld, krfr. Stadt",2017,242,649,2464,62255,15455
05711,"Bielefeld, krfr. Stadt",2018,300,1046,4021,99118,25447
05711,"Bielefeld, krfr. Stadt",2019,219,839,2592,66460,11956
05711,"Bielefeld, krfr. Stadt",2020,259,879,3221,82402,19264
05711,"Bielefeld, krfr. Stadt",2021,224,765,2687,73047,18096
05711,"Bielefeld, krfr. Stadt",2022,222,1110,3219,81139,22479
05711,"Bielefeld, krfr. Stadt",2023,242,718,2701,69002,15746
05711,"Bielefeld, krfr. Stadt",2024,194,876,2987,76910,19363
05711,"Bielefeld, krfr. Stadt",2025,145,1003,2507,63323,16840
05754,"Gütersloh, Kreis",2015,532,1108,4912,123254,23448
05754,"Gütersloh, Kreis",2016,546,1400,5864,144144,33569
05754,"Gütersloh, Kreis",2017,483,1408,5306,137959,31489
05754,"Gütersloh, Kreis",2018,449,1059,4463,111136,24500
05754,"Gütersloh, Kreis",2019,546,1367,5509,139776,28760
05754,"Gütersloh, Kreis",2020,521,1335,5315,137302,35364
05754,"Gütersloh, Kreis",2021,503,1356,5307,137896,30222
05754,"Gütersloh, Kreis",2022,473,1146,4601,116967,26875
05754,"Gütersloh, Kreis",2023,491,1413,5412,144681,35644
05754,"Gütersloh, Kreis",2024,326,884,3312,88807,21617
05754,"Gütersloh, Kreis",2025,369,908,3609,94071,22079
05758,"Herford, Kreis",2015,286,456,2247,54979,10487
05758,"Herford, Kreis",2016,284,489,2397,59585,10736
05758,"Herford, Kreis",2017,283,563,2842,67922,13761
05758,"Herford, Kreis",2018,264,517,2230,54455,9813
05758,"Herford, Kreis",2019,270,438,2277,54380,10219
05758,"Herford, Kreis",2020,323,586,2895,71477,15758
05758,"Herford, Kreis",2021,215,446,1959,49986,10303
05758,"Herford, Kreis",2022,243,573,2345,64192,11624
05758,"Herford, Kreis",2023,211,436,1838,49687,8366
05758,"Herford, Kreis",2024,206,468,1809,48980,11568
05758,"Herford, Kreis",2025,148,370,1377,38301,6970
05762,"Höxter, Kreis",2015,142,194,1070,25617,7372
05762,"Höxter, Kreis",2016,133,288,1155,28359,6559
05762,"Höxter, Kreis",2017,144,177,986,24090,6917
05762,"Höxter, Kreis",2018,183,291,1393,33477,9009
05762,"Höxter, Kreis",2019,156,189,1134,27243,7181
05762,"Höxter, Kreis",2020,135,210,1110,26702,6524
05762,"Höxter, Kreis",2021,138,224,1136,27092,6634
05762,"Höxter, Kreis",2022,235,310,1691,43345,10276
05762,"Höxter, Kreis",2023,183,417,1623,42930,9716
05762,"Höxter, Kreis",2024,97,166,745,19688,5111
05762,"Höxter, Kreis",2025,82,106,564,14649,2976
05766,"Lippe, Kreis",2015,274,545,2436,59578,12676
05766,"Lippe, Kreis",2016,336,541,2732,65912,12233
05766,"Lippe, Kreis",2017,264,607,2546,63028,12982
05766,"Lippe, Kreis",2018,280,621,2463,60512,13548
05766,"Lippe, Kreis",2019,323,645,2986,74753,15388
05766,"Lippe, Kreis",2020,342,762,3334,86859,16375
05766,"Lippe, Kreis",2021,314,745,3087,83006,19574
05766,"Lippe, Kreis",2022,331,595,2808,72666,14195
05766,"Lippe, Kreis",2023,321,619,2868,74081,12309
05766,"Lippe, Kreis",2024,183,332,1503,40474,8108
05766,"Lippe, Kreis",2025,169,511,1883,50361,11540
05770,"Minden-Lübbecke, Kreis",2015,360,603,2884,72762,14187
05770,"Minden-Lübbecke, Kreis",2016,424,652,3191,79516,17191
05770,"Minden-Lübbecke, Kreis",2017,366,707,3139,80807,17884
05770,"Minden-Lübbecke, Kreis",2018,376,767,3306,84541,17946
05770,"Minden-Lübbecke, Kreis",2019,377,647,3281,79906,18924
05770,"Minden-Lübbecke, Kreis",2020,468,911,4160,104907,24228
05770,"Minden-Lübbecke, Kreis",2021,426,709,3514,91517,17815
05770,"Minden-Lübbecke, Kreis",2022,420,866,3640,93907,19437
05770,"Minden-Lübbecke, Kreis",2023,353,635,2970,77717,14349
05770,"Minden-Lübbecke, Kreis",2024,328,659,2947,76438,16088
05770,"Minden-Lübbecke, Kreis",2025,222,397,1827,48388,8592
05774,"Paderborn, Kreis",2015,448,1230,4743,114971,27192
05774,"Paderborn, Kreis",2016,427,1201,4723,116256,25097
05774,"Paderborn, Kreis",2017,509,1096,5063,123650,29710
05774,"Paderborn, Kreis",2018,482,1265,5028,123514,25489
05774,"Paderborn, Kreis",2019,495,958,4596,111323,25069
05774,"Paderborn, Kreis",2020,517,1170,5230,131460,28636
05774,"Paderborn, Kreis",2021,656,1769,6884,174988,43441
05774,"Paderborn, Kreis",2022,483,1125,4713,121220,26246
05774,"Paderborn, Kreis",2023,489,1119,4582,119098,26392
05774,"Paderborn, Kreis",2024,440,1084,4374,118140,32838
05774,"Paderborn, Kreis",2025,315,1071,3656,97679,26089
05911,"Bochum, krfr. Stadt",2015,65,215,848,22791,5178
05911,"Bochum, krfr. Stadt",2016,177,254,1327,33372,4503
05911,"Bochum, krfr. Stadt",2017,189,505,2040,51366,7408
05911,"Bochum, krfr. Stadt",2018,114,509,1888,48120,8002
05911,"Bochum, krfr. Stadt",2019,124,328,1403,37157,6401
05911,"Bochum, krfr. Stadt",2020,162,730,2545,72760,20895
05911,"Bochum, krfr. Stadt",2021,177,554,2152,57192,9608
05911,"Bochum, krfr. Stadt",2022,100,352,1342,35238,5814
05911,"Bochum, krfr. Stadt",2023,113,890,2317,67211,24716
05911,"Bochum, krfr. Stadt",2024,131,1349,2915,68715,24665
05911,"Bochum, krfr. Stadt",2025,72,309,1094,29718,10710
05913,"Dortmund, krfr. Stadt",2015,348,897,3659,98890,7479
05913,"Dortmund, krfr. Stadt",2016,433,857,3444,98631,406
05913,"Dortmund, krfr. Stadt",2017,568,1315,5170,141064,4520
05913,"Dortmund, krfr. Stadt",2018,517,1409,5222,143138,5873
05913,"Dortmund, krfr. Stadt",2019,335,1306,4491,121701,11199
05913,"Dortmund, krfr. Stadt",2020,416,1636,5186,148390,12753
05913,"Dortmund, krfr. Stadt",2021,325,1489,4294,122759,7034
05913,"Dortmund, krfr. Stadt",2022,320,1964,5515,146769,23910
05913,"Dortmund, krfr. Stadt",2023,226,1180,3557,102479,9500
05913,"Dortmund, krfr. Stadt",2024,238,1249,3901,106134,20095
05913,"Dortmund, krfr. Stadt",2025,143,692,2153,60692,11155
05914,"Hagen, krfr. Stadt",2015,62,130,548,14122,2216
05914,"Hagen, krfr. Stadt",2016,66,114,555,13861,2637
05914,"Hagen, krfr. Stadt",2017,62,95,469,11847,1653
05914,"Hagen, krfr. Stadt",2018,80,177,856,18699,3522
05914,"Hagen, krfr. Stadt",2019,49,111,435,11325,2657
05914,"Hagen, krfr. Stadt",2020,48,193,716,17036,5277
05914,"Hagen, krfr. Stadt",2021,37,89,414,10819,3431
05914,"Hagen, krfr. Stadt",2022,39,122,473,13157,3236
05914,"Hagen, krfr. Stadt",2023,50,74,348,9417,1758
05914,"Hagen, krfr. Stadt",2024,54,163,597,14768,3316
05914,"Hagen, krfr. Stadt",2025,27,73,300,8335,1685
05915,"Hamm, krfr. Stadt",2015,124,286,1019,26812,4467
05915,"Hamm, krfr. Stadt",2016,132,327,1273,34124,5385
05915,"Hamm, krfr. Stadt",2017,120,283,1038,27508,7039
05915,"Hamm, krfr. Stadt",2018,93,290,1064,27910,7794
05915,"Hamm, krfr. Stadt",2019,139,409,1483,36596,6259
05915,"Hamm, krfr. Stadt",2020,143,365,1187,29218,4809
05915,"Hamm, krfr. Stadt",2021,277,434,1983,51184,8227
05915,"Hamm, krfr. Stadt",2022,165,374,1462,39179,9485
05915,"Hamm, krfr. Stadt",2023,138,478,1714,46739,7180
05915,"Hamm, krfr. Stadt",2024,83,344,1220,32239,5773
05915,"Hamm, krfr. Stadt",2025,68,199,795,20742,3713
05916,"Herne, krfr. Stadt",2015,49,66,335,8496,1579
05916,"Herne, krfr. Stadt",2016,28,55,252,6973,1571
05916,"Herne, krfr. Stadt",2017,37,118,449,11805,2541
05916,"Herne, krfr. Stadt",2018,16,128,391,9815,1840
05916,"Herne, krfr. Stadt",2019,95,213,955,22889,3426
05916,"Herne, krfr. Stadt",2020,32,181,727,14910,4685
05916,"Herne, krfr. Stadt",2021,40,179,638,17666,4809
05916,"Herne, krfr. Stadt",2022,57,166,614,19054,3601
05916,"Herne, krfr. Stadt",2023,37,124,466,12517,2834
05916,"Herne, krfr. Stadt",2024,33,135,466,12365,4151
05916,"Herne, krfr. Stadt",2025,28,134,484,14034,3427
05954,Ennepe-Ruhr-Kreis,2015,166,258,1190,31361,7573
05954,Ennepe-Ruhr-Kreis,2016,221,530,2189,58748,11785
05954,Ennepe-Ruhr-Kreis,2017,269,478,2311,58293,13990
05954,Ennepe-Ruhr-Kreis,2018,244,632,2498,63514,12588
05954,Ennepe-Ruhr-Kreis,2019,195,458,1967,51522,10165
05954,Ennepe-Ruhr-Kreis,2020,196,433,1783,47276,10700
05954,Ennepe-Ruhr-Kreis,2021,131,334,1389,36433,7027
05954,Ennepe-Ruhr-Kreis,2022,199,521,1947,52950,13567
05954,Ennepe-Ruhr-Kreis,2023,195,406,1665,46323,9497
05954,Ennepe-Ruhr-Kreis,2024,80,157,706,18971,4415
05954,Ennepe-Ruhr-Kreis,2025,98,344,1313,36103,8108
05958,Hochsauerlandkreis,2015,247,374,2008,46677,13165
05958,Hochsauerlandkreis,2016,268,462,2257,53550,12227
05958,Hochsauerlandkreis,2017,262,463,2323,55643,16612
05958,Hochsauerlandkreis,2018,240,375,2075,49354,13818
05958,Hochsauerlandkreis,2019,299,467,2412,60319,16982
05958,Hochsauerlandkreis,2020,378,691,3126,79431,21278
05958,Hochsauerlandkreis,2021,358,644,3209,77065,18538
05958,Hochsauerlandkreis,2022,321,522,2707,64376,17063
05958,Hochsauerlandkreis,2023,319,541,2593,70426,17796
05958,Hochsauerlandkreis,2024,239,395,1863,50648,12281
05958,Hochsauerlandkreis,2025,188,424,1915,49720,15191
05962,Märkischer Kreis,2015,141,228,1109,26582,4699
05962,Märkischer Kreis,2016,149,340,1250,28836,6566
05962,Märkischer Kreis,2017,177,277,1372,33876,8913
05962,Märkischer Kreis,2018,130,294,1246,33057,9318
05962,Märkischer Kreis,2019,266,608,2547,65712,16703
05962,Märkischer Kreis,2020,186,296,1416,35246,7298
05962,Märkischer Kreis,2021,177,329,1482,37746,7492
05962,Märkischer Kreis,2022,192,316,1459,36929,7322
05962,Märkischer Kreis,2023,193,504,1971,51799,11437
05962,Märkischer Kreis,2024,149,515,1807,47813,15216
05962,Märkischer Kreis,2025,118,264,1066,29063,6446
05966,"Olpe, Kreis",2015,123,196,999,23790,6567
05966,"Olpe, Kreis",2016,132,327,1160,28361,7546
05966,"Olpe, Kreis",2017,135,253,1156,27491,5783
05966,"Olpe, Kreis",2018,163,391,1522,38658,8536
05966,"Olpe, Kreis",2019,143,276,1208,30832,7330
05966,"Olpe, Kreis",2020,111,203,976,25616,8148
05966,"Olpe, Kreis",2021,132,286,1275,31961,9709
05966,"Olpe, Kreis",2022,129,265,1196,31597,10237
05966,"Olpe, Kreis",2023,120,243,1046,27713,6747
05966,"Olpe, Kreis",2024,131,241,992,27077,6950
05966,"Olpe, Kreis",2025,117,215,969,26273,6966
05970,"Siegen-Wittgenstein, Kreis",2015,196,551,1760,42270,9174
05970,"Siegen-Wittgenstein, Kreis",2016,156,324,1443,36078,9794
05970,"Siegen-Wittgenstein, Kreis",2017,217,437,1932,49874,14468
05970,"Siegen-Wittgenstein, Kreis",2018,169,242,1277,31778,7585
05970,"Siegen-Wittgenstein, Kreis",2019,193,430,1889,47370,13143
05970,"Siegen-Wittgenstein, Kreis",2020,189,478,1964,48212,12546
05970,"Siegen-Wittgenstein, Kreis",2021,241,458,1944,50785,12585
05970,"Siegen-Wittgenstein, Kreis",2022,230,424,1920,48265,12230
05970,"Siegen-Wittgenstein, Kreis",2023,188,448,1736,46138,9758
05970,"Siegen-Wittgenstein, Kreis",2024,181,443,1822,46709,9225
05970,"Siegen-Wittgenstein, Kreis",2025,133,371,1403,36295,7175
05974,"Soest, Kreis",2015,474,926,4281,104219,26039
05974,"Soest, Kreis",2016,501,922,4476,103660,23054
05974,"Soest, Kreis",2017,415,856,3738,92532,20093
05974,"Soest, Kreis",2018,372,874,3803,92736,25249
05974,"Soest, Kreis",2019,464,810,3755,97963,20535
05974,"Soest, Kreis",2020,424,672,3385,86032,18344
05974,"Soest, Kreis",2021,422,758,3473,90740,19223
05974,"Soest, Kreis",2022,531,907,4345,112793,23736
05974,"Soest, Kreis",2023,439,929,4074,104259,22845
05974,"Soest, Kreis",2024,309,782,3140,83049,20903
05974,"Soest, Kreis",2025,285,575,2403,63763,11526
05978,"Unna, Kreis",2015,294,623,2688,69334,14931
05978,"Unna, Kreis",2016,470,874,3738,95498,19017
05978,"Unna, Kreis",2017,283,615,2707,65578,16523
05978,"Unna, Kreis",2018,298,685,2868,71948,14583
05978,"Unna, Kreis",2019,334,715,3057,75023,14728
05978,"Unna, Kreis",2020,326,886,3514,88647,22191
05978,"Unna, Kreis",2021,271,617,2454,65652,16701
05978,"Unna, Kreis",2022,244,670,2646,68463,17399
05978,"Unna, Kreis",2023,275,826,3006,81153,15558
05978,"Unna, Kreis",2024,187,408,1663,45306,9355
05978,"Unna, Kreis",2025,219,483,2055,51236,9411
