ags,county,2022,2023,2024,2025,2026
14511,"Chemnitz, Stadt",180,275,295,260,145
14521,Erzgebirgskreis,30,80,185,35,40
14522,Mittelsachsen,40,30,45,105,90
14523,Vogtlandkreis,25,55,55,45,45
14524,Zwickau,75,95,280,100,120
14612,"Dresden, Stadt",570,1390,1465,1635,1190
14625,Bautzen,45,45,60,60,245
14626,Görlitz,55,55,95,70,110
14627,Meißen,35,100,585,455,475
14628,Sächsische Schweiz-Osterzgebirge,20,25,120,140,110
14713,"Leipzig, Stadt",550,760,945,3645,2735
14729,Leipzig,10,10,100,90,20
14730,Nordsachsen,25,15,305,250,265
