AGS,Name,GEBAEUDEART_SYS_1,GEBAEUDEART_SYS_11,GEBAEUDEART_SYS_111,GEBAEUDEART_SYS_112,GEBAEUDEART_SYS_12,BAUJAHR_10JA__01,BAUJAHR_10JA__02,BAUJAHR_10JA__03,BAUJAHR_10JA__04,BAUJAHR_10JA__05,BAUJAHR_10JA__06,BAUJAHR_10JA__07,BAUJAHR_10JA__08,BAUJAHR_10JA__09,BAUJAHR_10JA__10,EIGENTUM__1,EIGENTUM__2,EIGENTUM__3,EIGENTUM__4,EIGENTUM__5,EIGENTUM__6,EIGENTUM__7,EIGENTUM__8,HEIZTYP__1,HEIZTYP__2,HEIZTYP__3,HEIZTYP__4,HEIZTYP__5,HEIZTYP__6,ENERGIETRAEGER__1,ENERGIETRAEGER__2,ENERGIETRAEGER__3,ENERGIETRAEGER__4,ENERGIETRAEGER__5,ENERGIETRAEGER__6,ENERGIETRAEGER__7,ENERGIETRAEGER__8,ENERGIETRAEGER__9,ZAHLWOHNGN_HHG__1,ZAHLWOHNGN_HHG__2,ZAHLWOHNGN_HHG__3,ZAHLWOHNGN_HHG__4,ZAHLWOHNGN_HHG__5,GEBTYPBAUWEISE__1,GEBTYPBAUWEISE__2,GEBTYPBAUWEISE__3,GEBTYPBAUWEISE__4
01001,"Flensburg, Stadt",17984,17706,17679,30,275,2400,2140,2195,2794,2198,1422,1586,1851,807,597,1106,13913,1631,19,891,287,6,131,16616,171,34,1033,84,50,475,566,57,–,136,79,6,16616,50,11775,991,2816,1984,415,8035,2247,7188,513
01002,"Kiel, Landeshauptstadt",38247,37680,37608,70,565,3953,8362,6275,5665,3481,3877,2401,2457,1169,605,4039,28612,895,102,3987,366,52,191,12741,2070,490,22454,374,117,20703,3626,349,8,464,224,10,12741,117,23633,1996,5108,6148,1356,12425,6310,17591,1924
01003,"Lübeck, Hansestadt",45664,44890,44834,54,777,7783,8136,6662,7944,3558,2688,3075,3315,1504,1002,3015,36834,1507,960,2635,440,42,232,4735,4156,885,34766,817,308,33843,4925,466,10,702,650,21,4735,308,30664,3397,6756,3972,877,16791,8498,18217,2165
01004,"Neumünster, Stadt",19715,19390,19378,12,326,1542,2903,3067,4046,2400,1636,1866,1225,542,490,1052,16418,488,736,731,164,29,93,6132,959,195,12070,267,94,10915,2043,126,3,207,189,8,6132,94,14884,1158,2257,1231,179,11062,3925,4259,468
01051,Dithmarschen,52486,50925,50907,17,1559,8465,5479,5675,8310,6794,4742,5951,3770,1512,1783,1378,49400,796,94,352,322,19,127,2291,1881,527,45633,1753,399,29870,15628,1425,37,1446,1360,28,2291,399,44645,3853,3231,621,136,43160,3884,3172,2275
01053,Herzogtum Lauenburg,60938,59584,59563,19,1351,6302,4891,6327,8179,8807,5896,7907,6732,3008,2887,2824,55060,652,258,1527,404,51,160,5899,2470,633,50213,1403,320,38935,10803,1876,73,1995,1021,16,5899,320,49570,5174,4337,1541,322,41416,7953,8836,2732
01054,Nordfriesland,69417,67230,67192,36,2190,9286,5698,6083,9650,8788,6710,8316,6451,3976,4456,3952,62095,1484,537,434,580,117,219,6916,2397,923,56716,1992,475,35096,18668,1532,199,4299,2213,19,6916,475,55204,6654,6121,1063,376,50097,8041,7854,3424
01055,Ostholstein,69879,68192,68160,34,1685,7639,5615,7591,10651,10386,7821,7736,6544,2845,3054,4769,61911,1477,236,689,579,33,185,3894,2652,765,59063,2865,638,46381,12618,1934,36,1962,2377,38,3894,638,53951,6770,6427,2032,699,47921,10394,8736,2826
01056,Pinneberg,86019,84265,84233,33,1752,6482,6181,8278,13912,12753,9808,10510,9067,4892,4134,5550,75981,1386,289,1946,600,71,195,6033,3915,1044,73734,993,299,64329,10903,960,20,2643,810,21,6033,299,69239,6378,6297,3256,853,50103,14182,18475,3257
01057,Plön,44488,43447,43426,18,1044,4652,3766,5043,6566,7121,4236,5664,4203,1679,1562,2194,40690,777,134,218,329,12,137,3429,1333,557,37095,1658,420,24414,11892,1580,51,1513,1183,9,3429,420,36353,3998,3110,813,219,29418,6758,6505,1806
01058,Rendsburg-Eckernförde,92774,90588,90551,36,2188,9895,8258,9345,12744,14227,9352,12527,8722,3836,3871,3945,85028,973,312,1573,610,66,264,8796,3716,1409,75368,2892,591,55110,19486,3385,137,3078,2146,44,8796,591,76934,7782,6092,1601,365,66095,11221,11309,4151
01059,Schleswig-Flensburg,73894,72258,72242,18,1634,12257,5329,5355,9075,9834,6376,10017,6897,4226,4512,2513,68791,803,380,531,532,33,313,12806,2436,1158,54518,2425,556,31157,20331,3193,230,3629,1965,31,12806,556,61225,7117,4533,859,157,56345,7773,6531,3244
01060,Segeberg,80170,78443,78398,46,1729,4669,4305,6061,11877,14106,9634,11697,9431,4185,4214,3767,72815,1232,243,1427,497,19,171,8742,2664,998,66082,1313,375,52145,13632,1607,56,2525,1081,11,8742,375,66494,5769,4955,2354,597,49026,10582,17484,3080
01061,Steinburg,44489,43016,43002,12,1472,7736,4326,4342,7041,6160,3745,5088,3416,1190,1443,1836,40567,499,270,759,366,21,162,2441,1905,365,38683,849,236,28246,10668,1160,36,1131,537,30,2441,236,36456,3735,3508,655,136,33481,4212,4661,2133
01062,Stormarn,70688,69485,69458,30,1200,4502,4818,5823,10003,11918,8578,8776,8593,4463,3204,4245,63806,979,186,819,488,45,119,5951,2436,892,60133,988,286,47637,11367,1028,47,2989,1367,19,5951,286,58324,5400,4562,1913,483,43923,11761,12742,2260
02000,"Hamburg, Freie und Hansestadt",260630,256713,256339,376,3915,25785,36741,44508,44188,23790,22395,20533,19849,12845,9999,26830,174346,20572,19544,12891,3345,1387,1712,47197,20046,5726,181762,4702,1199,170984,27887,2044,123,6166,4936,93,47197,1199,157407,16808,33491,40063,12863,108850,38147,106158,7473
03101,"Braunschweig, Stadt",44493,43679,43628,52,812,5007,7292,6290,7969,5857,2648,2603,3867,1562,1396,4951,33339,2131,1276,2151,355,100,181,9229,4390,503,29639,586,149,27694,5382,490,9,1041,484,16,9229,149,26768,3597,7034,5926,1174,21067,6245,15290,1896
03102,"Salzgitter, Stadt",23818,23389,23385,4,428,2246,4608,2992,4104,3177,1778,2420,1593,466,433,2022,17977,131,672,2839,94,11,73,3153,1839,1077,17148,469,131,17595,1986,269,4,323,341,20,3153,131,15873,1995,4530,1248,171,10852,2654,9539,778
03103,"Wolfsburg, Stadt",28462,28072,28062,12,388,1132,1352,4742,5173,3412,2866,3011,3861,1469,1444,2384,22174,202,1652,1761,200,10,78,18957,488,267,8087,537,126,3453,3699,375,3,1236,606,8,18957,126,19894,2607,3536,1967,453,16855,3392,7315,898
03151,Gifhorn,59361,58310,58301,8,1053,4756,3005,4783,7303,8218,7068,11783,6476,2656,3314,3199,54991,582,120,116,204,21,131,3248,2813,580,50389,1888,448,37540,11886,2327,118,2472,1307,19,3248,448,47653,7257,3743,604,110,47157,6450,3504,2248
03153,Goslar,39686,38600,38557,46,1083,9754,5258,4673,7131,4943,2605,2808,1664,340,509,3375,34196,308,793,524,302,60,134,673,4455,198,32274,1752,339,29262,6417,1184,11,432,1333,39,673,339,25156,6621,6368,1225,320,27528,4049,6654,1457
03154,Helmstedt,30656,29950,29948,–,704,6277,2473,3938,4463,3732,2574,2929,2170,904,1186,1889,27675,58,539,224,184,3,78,906,2131,185,25529,1615,289,19141,6954,879,21,997,1439,25,906,289,23361,3521,3145,584,51,21029,3381,5021,1224
03155,Northeim,41283,40130,40122,9,1152,10525,4714,4530,6620,5152,2806,3321,2340,566,713,3623,36162,45,444,630,190,58,135,1020,2231,177,35067,2341,445,22385,11995,3129,45,805,1439,27,1020,445,27907,8087,4498,668,123,30594,4034,4758,1895
03157,Peine,43050,42221,42215,3,831,6464,4316,3941,5672,5628,3490,5637,4209,1449,2250,2816,39209,18,551,224,166,17,57,1936,2288,261,36957,1325,286,27348,9537,997,40,1735,1139,28,1936,286,33098,5740,3509,605,102,32274,4957,4342,1482
03158,Wolfenbüttel,36423,35798,35786,12,623,7479,2278,3417,5996,4768,2714,4673,2986,991,1117,2596,32356,355,500,317,138,57,96,1144,2194,208,31083,1497,296,24171,7414,1111,10,1033,1205,35,1144,296,27744,4089,3548,916,120,25621,4115,5309,1380
03159,Göttingen,85330,83158,82919,241,2169,16986,8661,9217,14300,11964,7811,7728,5024,1790,1840,7857,72716,1307,1073,1148,620,227,383,3233,6062,417,71975,2938,704,54303,18982,4072,71,2229,1687,46,3233,704,54839,14459,12056,3190,786,58174,8995,14443,3715
03241,Region Hannover,237681,233343,233235,111,4336,19499,20465,28991,41085,36129,23785,29392,21792,8861,7672,22810,196516,5309,4137,5878,1759,355,914,14095,28349,3724,185650,4810,1050,177651,29862,3568,216,6456,4701,78,14095,1050,158246,26582,27599,20793,4462,126798,28216,73655,9013
03251,Diepholz,72852,70758,70745,16,2094,7771,6268,6710,10040,11443,6298,10627,7306,2812,3578,4916,66279,72,229,745,358,5,256,2919,3794,623,63207,1827,484,53937,10402,1852,96,1884,1259,24,2919,484,57080,9546,5263,859,110,55626,7735,6113,3374
03252,Hameln-Pyrmont,43419,42396,42387,5,1022,8085,4256,4909,8069,6120,3037,4294,3215,665,771,3907,37781,272,795,219,326,14,107,1759,1936,216,37536,1595,373,25310,11820,2074,45,962,1039,30,1759,373,28551,7502,5863,1311,197,32576,3989,5182,1674
03254,Hildesheim,75976,74424,74408,14,1555,14196,6827,8655,12038,10558,5985,8184,6166,1533,1831,5753,66984,775,1296,477,402,11,276,1779,5681,553,64051,3355,554,47701,19026,2590,32,1759,2485,49,1779,554,53154,10962,8364,3109,385,51381,8941,13049,2606
03255,Holzminden,22849,22215,22211,7,632,5471,2695,2496,4078,3299,1467,1703,1086,259,290,1924,20257,53,112,281,134,9,80,269,1275,107,19130,1750,317,9943,8756,1775,–,651,1111,25,269,317,15405,4460,2652,290,48,18925,1732,1309,882
03256,Nienburg (Weser),39196,37852,37847,3,1344,6394,4611,4513,5720,4648,2857,4770,3193,1031,1462,2570,35257,47,713,199,229,28,145,1238,1463,243,34493,1480,279,24010,9638,1900,47,1087,975,22,1238,279,29051,6343,3447,321,34,32029,2441,2447,2279
03257,Schaumburg,47100,45811,45804,10,1286,7514,4516,4650,7604,6631,3607,5796,4184,1101,1489,4596,41434,38,354,288,263,16,110,791,2302,195,42053,1435,321,27553,14094,1657,10,1476,1166,31,791,321,31143,9471,5480,874,131,38823,3440,2849,1980
03351,Celle,59961,58770,58759,13,1188,5459,5555,6592,10835,9792,5255,7243,5151,1760,2311,2747,54801,488,563,713,266,152,229,2149,3083,403,51809,2037,481,39053,12350,2007,98,2177,1628,21,2149,481,47229,6957,4844,771,157,45912,5680,6319,2047
03352,Cuxhaven,70385,68619,68609,9,1768,9098,6933,6480,10650,10642,6133,9108,6490,2191,2661,3508,64653,510,688,587,254,42,145,2224,2654,539,62205,2155,600,41064,20764,2271,83,1725,1616,36,2224,600,56450,7415,5132,1094,294,58688,4142,4826,2731
03353,Harburg,83807,82360,82345,13,1449,5303,4314,5538,11668,15251,9312,14149,9357,4677,4238,4772,77517,67,272,584,426,32,133,2962,2520,951,75232,1677,468,53558,20085,2032,51,3261,1376,15,2962,468,67147,8986,5737,1609,328,59795,11093,10232,2688
03354,Lüchow-Dannenberg,19135,18306,18303,3,832,4880,1852,1674,2273,2965,1749,2061,1045,260,376,819,17860,93,60,58,168,4,87,949,505,132,15030,2253,270,9347,4244,2796,60,347,1098,28,949,270,15200,2406,1352,151,30,15823,938,1141,1240
03355,Lüneburg,52954,51810,51772,41,1141,5926,3942,4702,6368,7209,4964,8856,6028,2708,2251,3221,47716,252,545,479,296,225,224,2947,2701,633,45055,1383,233,36643,8400,2016,105,1673,887,49,2947,233,40132,6005,5112,1346,352,37370,6752,6999,1824
03356,Osterholz,39673,38735,38729,5,940,2988,2323,3298,6183,7529,4108,5498,4435,1615,1696,2352,36722,4,170,170,122,26,113,1302,1895,355,35117,786,219,27009,8941,745,22,908,519,18,1302,219,32260,4663,2279,400,71,29530,4243,4457,1442
03357,Rotenburg (Wümme),58198,56738,56718,15,1462,4486,5386,5743,7883,8851,5163,9727,5944,2068,2941,2687,54157,123,166,494,391,22,164,2843,1945,480,51207,1352,375,37404,12861,2183,105,1632,779,23,2843,375,47169,7085,3336,527,84,46365,5291,3961,2584
03358,Heidekreis,46328,45218,45215,6,1107,4750,4763,4769,7497,6360,3649,6666,4643,1372,1862,2544,41975,253,79,468,367,257,386,2034,1639,272,40619,1392,367,28703,10913,2202,68,1266,757,21,2034,367,34871,6583,4112,647,113,36573,4688,2961,2108
03359,Stade,65677,64426,64404,27,1253,6163,4561,4940,8514,11529,6133,10331,6582,3226,3699,3350,60205,761,137,541,383,94,213,2887,2624,575,58328,954,305,43494,14472,1297,48,2373,780,18,2887,305,53374,5982,4755,1239,327,47030,8421,8278,1952
03360,Uelzen,31484,30666,30659,9,816,4545,3339,3894,5507,4376,2356,3896,2143,590,842,1740,28615,238,314,226,190,18,142,902,1263,194,27256,1603,263,15852,10523,2099,64,691,1070,19,902,263,23758,4194,2934,517,83,25121,2347,2626,1388
03361,Verden,44434,43401,43394,5,1032,4849,3087,4063,5287,7544,4749,6461,4402,2040,1944,2935,40403,52,402,242,170,94,132,1853,2444,325,38809,738,262,30620,9074,895,26,1245,448,19,1853,262,34253,5955,3562,577,75,33041,5390,4193,1812
03401,"Delmenhorst, Stadt",22111,21684,21681,–,426,1962,2532,2223,3318,4399,2540,2527,1621,583,411,1374,19276,137,621,526,93,3,84,568,3104,157,17724,511,43,19950,827,90,–,209,412,6,568,43,16437,2668,2224,675,112,13102,3259,5071,676
03402,"Emden, Stadt",15685,15359,15349,8,327,1081,2248,2730,2578,1977,1214,1768,1295,493,302,789,13223,736,355,314,155,9,106,556,2091,110,12612,204,115,14386,305,75,5,101,137,8,556,115,12340,955,1832,481,78,7951,2683,4563,487
03403,"Oldenburg (Oldenburg), Stadt",45969,45181,45153,29,786,3864,4242,4816,6288,6395,5042,6671,3872,2549,2241,3858,38541,144,94,2271,519,280,266,1169,5088,397,38973,260,84,43212,429,175,20,676,195,3,1169,84,32405,4881,6249,1985,446,31919,6469,6500,1080
03404,"Osnabrück, Stadt",33366,32690,32558,129,673,2314,4542,6053,5853,4093,3234,2820,2271,1385,802,3846,26942,701,39,1152,385,7,288,824,4721,275,27142,325,75,26980,4191,360,5,596,316,13,824,75,17894,4892,7454,2683,441,15872,5183,10926,1380
03405,"Wilhelmshaven, Stadt",17875,17408,17397,9,464,2145,4301,1578,2864,2386,1437,1475,1045,312,328,1080,13055,1266,38,1931,305,137,65,248,4833,173,12428,128,59,16717,614,53,6,106,65,7,248,59,10979,1281,4151,1268,190,8577,3085,5675,535
03451,Ammerland,45410,44220,44215,7,1191,2356,2627,3552,5986,6450,4993,7680,5972,3129,2663,1852,42268,3,653,234,266,9,124,874,2173,245,41443,492,183,40901,1544,635,25,860,384,–,874,183,37593,4613,2666,452,79,36202,5128,2196,1885
03452,Aurich,79117,76669,76663,9,2447,4662,5531,7833,12084,10910,8603,13009,8244,4364,3870,2748,74432,255,483,515,355,35,294,2121,3682,448,70541,1759,569,71986,1477,690,29,919,1298,30,2121,569,66754,6679,4825,650,208,62040,9039,4374,3662
03453,Cloppenburg,53421,52087,52074,11,1335,1286,2784,3952,6024,6807,5595,10723,7243,4040,4965,2523,49874,5,248,329,286,7,154,1667,2436,545,47682,810,283,45396,2905,1095,36,1414,617,5,1667,283,42726,7166,3039,414,74,44473,4762,2150,2036
03454,Emsland,108304,105621,105563,59,2681,2492,5916,9788,13261,14083,12586,19654,14644,7840,8040,5655,100305,729,220,638,468,21,265,3509,4881,870,96989,1528,526,85588,11654,2058,86,3665,1200,21,3509,526,88784,12066,6214,1017,218,87563,11619,5126,3999
03455,Friesland,39726,38634,38633,3,1095,4670,3742,3735,6118,6102,3753,5471,3129,1396,1614,1636,36666,–,818,240,200,29,133,702,2718,215,35053,862,176,35743,1500,371,11,500,714,13,702,176,32625,3783,2828,388,99,31027,4747,2445,1509
03456,Grafschaft Bentheim,47183,46230,46207,23,953,1947,4118,6404,6554,5546,4651,6417,6214,2782,2541,2669,43339,154,481,143,192,3,199,1469,1608,302,42685,895,222,38930,3645,836,42,1311,715,9,1469,222,39262,4731,2527,504,159,35363,6375,3988,1459
03457,Leer,66224,64235,64223,15,1986,4232,5051,6604,10179,8260,6440,9897,7192,4472,3890,1776,62405,541,300,636,319,60,194,1150,2649,389,60328,1263,443,60233,1710,620,9,1069,967,22,1150,443,56301,5747,3630,450,96,53917,6056,3526,2725
03458,Oldenburg,45809,44493,44493,–,1319,3065,3142,3769,5614,7194,5313,7874,5149,2190,2503,2138,42836,20,83,337,257,14,121,1315,2542,254,40517,915,263,39392,2286,847,49,1045,606,10,1315,263,37200,5483,2729,330,66,36692,4835,2096,2188
03459,Osnabrück,102723,99235,99222,17,3491,9510,8242,9691,13714,14617,9925,16029,11489,4531,4970,9069,91641,123,353,628,589,–,313,3380,4592,962,90991,2227,571,64502,24743,4433,68,3258,1711,54,3380,571,69836,21687,9607,1348,246,81391,10087,5806,5437
03460,Vechta,44200,43137,43130,9,1062,1512,2120,3432,5205,5908,4586,8254,6150,3209,3817,2403,40817,3,258,294,327,5,97,1301,1885,371,39751,653,244,36631,3241,792,34,1382,566,8,1301,244,35042,6023,2500,536,98,36560,4079,1874,1690
03461,Wesermarsch,31987,30893,30892,4,1095,6262,3204,2724,4646,4182,3166,3950,2279,658,921,1183,29142,24,1016,361,157,22,86,820,1816,203,28080,840,223,27648,1605,508,11,502,662,10,820,223,25926,2925,2735,352,48,25214,3340,1876,1561
03462,Wittmund,23407,22254,22251,3,1151,1871,1998,2375,3486,3207,2384,3772,2121,900,1300,1142,21618,–,185,202,156,25,76,773,868,152,20804,641,166,20198,1060,276,20,381,515,17,773,166,18520,2624,1968,249,50,18983,1694,1025,1703
04011,"Bremen, Stadt",122273,120413,120327,84,1861,16401,22604,21853,19857,12342,8332,8400,6686,2840,2951,13177,98277,1470,4510,3016,946,65,805,14079,14617,2241,89602,1393,336,90826,14629,492,20,890,955,38,14079,336,82670,10985,18622,8122,1870,34468,14824,69448,3530
04012,"Bremerhaven, Stadt",21765,21380,21371,7,387,1901,3888,4380,3476,2973,1320,1443,1472,389,528,1832,16898,493,1463,762,173,45,103,2085,2915,308,16121,221,112,14305,4810,198,7,192,53,6,2085,112,14388,1355,2658,2873,493,12066,2416,6751,528
05111,"Düsseldorf, Stadt",74932,73385,73231,152,1549,7921,12650,14892,11803,6496,6465,4885,5215,2614,1989,14299,47728,2069,2197,6179,1494,300,662,7770,9101,954,55049,1684,376,56680,5967,373,309,1625,1671,159,7770,376,30878,6506,17001,15981,4566,14577,11761,46112,2480
05112,"Duisburg, Stadt",82785,81586,81296,289,1198,12835,15925,18023,10500,6304,5085,6257,5061,1624,1173,9559,55765,3612,3008,9898,515,42,388,16755,6661,1134,55880,1868,488,53060,8199,905,10,1495,1537,333,16755,488,41190,8441,22909,9051,1195,16339,20429,43459,2559
05113,"Essen, Stadt",91289,89928,89824,102,1360,14267,16098,20299,13357,8590,6479,4043,4638,2012,1504,14188,61237,2734,2968,8917,733,55,454,8914,10287,1768,62752,7286,290,62984,8117,670,34,2041,8014,227,8914,290,40183,9671,28039,11819,1577,20250,22919,44626,3492
05114,"Krefeld, Stadt",47132,46157,46124,34,973,5431,6896,6544,7754,5865,5111,3924,3663,1164,777,5292,38173,124,1646,1324,366,7,204,3145,4277,477,37915,1082,232,32820,7510,360,4,1677,1359,34,3145,232,29396,4153,9113,3848,619,11291,10804,23617,1416
05116,"Mönchengladbach, Stadt",57340,56344,56289,53,998,8337,6866,7133,8577,8070,6450,5564,3623,1457,1269,6820,46656,322,1240,1677,509,3,119,695,7956,307,47003,1134,249,47477,5497,378,9,1708,1302,22,695,249,35022,6291,11751,3593,686,12546,12110,30466,2225
05117,"Mülheim an der Ruhr, Stadt",31841,31389,31332,58,455,4576,4502,5199,5576,3782,2416,2259,2153,803,587,4665,23282,900,1225,1380,166,13,208,1129,2297,1251,25721,1338,104,23620,4407,248,5,815,1492,26,1129,104,16347,4309,8209,2533,445,10053,8040,12904,843
05119,"Oberhausen, Stadt",39267,38716,38642,74,550,6375,4868,8362,5076,3971,3363,2871,2753,854,772,5883,28051,2246,207,2454,236,48,140,9575,2963,432,25504,613,174,24516,3226,274,3,793,540,155,9575,174,18649,5784,11420,2983,430,10359,10082,17353,1471
05120,"Remscheid, Stadt",21065,20667,20658,12,402,3703,2808,3046,3515,2551,1782,1883,1178,261,338,2979,15992,338,1013,495,163,3,92,745,3754,228,15762,496,78,15405,3609,280,4,470,461,11,745,78,11154,3268,4544,1828,270,9684,3612,6920,843
05122,"Solingen, Klingenstadt",33718,32966,32952,17,756,8010,4563,3796,4501,3508,2497,2469,2672,993,712,4706,25436,2600,41,525,271,5,133,782,5114,357,26407,839,220,24916,5361,471,10,1152,769,39,782,220,18472,4715,8200,2024,312,15589,6612,9839,1683
05124,"Wuppertal, Stadt",55637,54552,54490,65,1085,10202,7934,8973,8910,7019,4611,3117,2970,1262,643,9209,40634,1439,24,3063,728,125,418,2100,11418,525,40236,1109,248,39942,10191,645,8,1413,1060,22,2100,248,26156,6298,14351,7525,1311,19377,8546,25558,2156
05154,Kleve,97521,95341,95298,40,2183,9347,8260,10676,12348,13707,10820,13916,10925,4054,3465,6003,89169,713,119,736,481,55,249,2077,5718,550,85666,2983,527,64121,18302,1793,42,6987,3532,147,2077,527,74493,11975,9391,1382,278,51992,22773,18772,3985
05158,Mettmann,100339,98684,98643,41,1655,8180,7000,11257,18622,19301,13088,10049,7625,2940,2280,13008,80338,2216,576,2961,760,135,345,6558,8265,1380,80877,2905,354,71063,14981,1105,20,2773,3440,54,6558,354,64412,12230,14958,7234,1508,33779,21512,41586,3463
05162,Rhein-Kreis Neuss,111336,109728,109671,58,1607,7587,8069,11466,19505,19775,12703,13314,10399,4949,3570,11206,95032,1908,1203,1286,478,16,208,4334,5832,1191,94763,4602,618,73813,20084,1126,20,5951,5243,138,4334,618,78944,12806,13923,4638,1022,38595,27895,41371,3472
05166,Viersen,87752,85926,85903,21,1830,11328,7549,8051,13544,11932,9675,12539,7752,2740,2639,6851,77518,1309,1015,373,515,14,157,4953,6065,471,73489,2239,535,62815,11691,983,15,4057,2601,104,4953,535,66252,10086,9147,1906,368,34095,21658,28033,3966
05170,Wesel,118546,116337,116293,45,2212,10588,9669,15866,17298,17307,13680,15511,11186,3909,3527,12042,97996,330,1978,5177,759,28,246,17171,5801,1250,90369,3398,559,66345,22956,1516,30,5951,3492,528,17171,559,81690,16446,15906,3826,679,51010,31423,31992,4120
05314,"Bonn, Stadt",57982,56885,56795,88,1100,8255,5860,9520,10226,5910,6301,4950,3966,1694,1298,8459,44046,235,1058,2847,691,287,356,4382,4887,721,46847,974,170,41078,9391,560,48,1443,877,32,4382,170,32404,5995,13531,4471,1584,17389,10187,27906,2503
05315,"Köln, Stadt",142726,139848,139653,198,2878,11874,20864,24191,27671,14421,11877,11169,10925,5957,3773,20934,101275,4724,6787,6142,1680,550,637,12986,18430,2125,105551,2954,680,105506,15644,1418,67,3493,2723,208,12986,680,71047,11737,30535,23039,6367,30129,22412,85750,4431
05316,"Leverkusen, Stadt",31147,30735,30721,11,407,3375,4064,4567,5557,3821,2736,2633,2549,1166,675,3579,22352,823,1124,2472,536,3,254,2225,3311,198,24714,590,106,23879,3230,286,–,868,536,8,2225,106,18534,3484,5919,2770,435,11231,7567,11396,946
05334,Städteregion Aachen,126361,124000,123906,97,2357,15114,15686,17976,20230,16653,11796,11889,9387,4141,3492,12407,107160,299,941,3926,1158,129,338,4413,13054,1068,102842,4135,851,85240,25677,2413,16,4105,3433,213,4413,851,81169,15986,20125,7385,1696,45314,29455,47360,4233
05358,Düren,79823,78433,78409,26,1389,6676,7302,10974,12425,10473,8477,10686,7112,2670,3012,5474,71841,453,109,1099,377,124,341,1901,5535,436,66485,4664,802,49354,17685,1979,21,3837,4036,210,1901,802,61023,8554,8270,1670,309,40535,13389,22938,2962
05362,Rhein-Erft-Kreis,124156,122439,122377,60,1711,6943,9971,14304,19531,23867,14441,14843,11488,4782,3982,10560,109690,105,1454,1588,601,39,112,9836,5777,1171,101974,4654,738,74787,27023,1736,30,4788,5005,213,9836,738,92479,12935,13957,3744,1037,49041,29423,41886,3798
05366,Euskirchen,65414,64050,64028,25,1361,7521,5288,7168,9509,8870,6616,7898,6964,2504,3080,3851,60371,3,436,212,303,104,137,970,2234,325,57671,3371,847,34679,19222,3017,42,3959,2580,103,970,847,51130,8037,5265,837,145,45890,8115,8424,2987
05370,Heinsberg,86082,84593,84564,33,1487,5970,8884,10888,11682,10984,8778,11007,9897,4027,3966,4323,79375,147,78,1475,376,207,99,5683,2778,515,74208,2020,879,36644,32751,1702,31,6202,1806,377,5683,879,69927,8765,6083,1069,237,45615,18439,18491,3538
05374,Oberbergischer Kreis,77452,76107,76071,37,1341,10597,6449,8683,11902,11382,7561,9868,7203,1985,1822,7969,67292,660,325,595,383,16,210,1163,4800,454,66957,3477,606,49789,16091,3202,20,3527,2992,72,1163,606,51789,15554,8412,1362,340,60349,8906,5992,2203
05378,Rheinisch-Bergischer Kreis,75548,74335,74320,17,1211,6649,5711,7719,13864,12363,8501,9163,7088,2464,2022,7991,65414,444,570,539,412,25,149,2116,4631,433,65659,2285,421,52999,12734,1860,44,3216,2111,52,2116,421,52391,11299,9181,2223,451,45202,15305,12936,2100
05382,Rhein-Sieg-Kreis,171528,169065,168995,69,2465,13919,10623,14020,26471,31639,21130,24266,17794,6850,4823,13421,153937,967,954,1374,513,89,273,3440,8710,1170,150251,6973,989,112275,35665,3765,31,8371,6876,120,3440,989,127261,21584,18288,3591,804,100478,30370,35372,5307
05512,"Bottrop, Stadt",24512,24190,24185,9,319,4163,2752,4486,2677,2465,2635,2252,1612,762,710,3524,17569,264,382,2597,89,21,72,3960,1580,322,17015,1502,135,14432,2479,219,3,1325,1658,299,3960,135,12863,4511,5784,1193,162,7593,7535,8299,1085
05513,"Gelsenkirchen, Stadt",39896,39300,39251,45,600,7730,6427,10147,4192,2351,2826,2333,1907,1035,946,4807,26714,778,1249,5582,454,36,272,7794,5332,784,24085,1612,288,26479,2384,473,–,706,1497,276,7794,288,17235,4048,12956,5014,644,7784,9432,21371,1312
05515,"Münster, Stadt",57451,56339,56170,171,1114,1903,5291,7767,9675,8861,6249,6139,6201,3274,2092,7557,44042,651,1387,2484,690,122,519,7262,5202,893,43049,905,144,36505,9014,755,13,2546,1203,9,7262,144,34605,6446,9997,5049,1362,21803,11376,21971,2302
05554,Borken,108382,106113,106069,45,2272,4653,8865,11572,13969,15107,12946,16625,13638,5400,5610,11370,93817,858,138,1382,658,19,133,2896,6776,749,95626,1980,353,78034,16337,2079,59,6297,2256,67,2896,353,79452,17901,9380,1346,302,70820,19627,14429,3510
05558,Coesfeld,64232,62718,62688,26,1517,3488,3874,5663,7360,10770,8067,10431,8271,3227,3083,6625,56369,339,80,491,234,12,87,1287,4116,401,56251,1948,227,43966,11453,1496,33,3676,2033,65,1287,227,45551,11866,5757,903,156,43960,10722,6533,3016
05562,Recklinghausen,140768,138707,138639,69,2061,17865,16576,26351,17653,16112,15358,13262,10689,4019,2883,16248,110214,850,1622,10617,789,63,358,19244,14488,2045,99208,5192,587,98919,10769,1307,41,3622,5094,1185,19244,587,84605,21324,27726,6108,1003,48597,42621,44378,5165
05566,Steinfurt,130018,127227,127185,40,2793,7962,11483,14043,16711,17778,13379,19902,16266,6423,6068,12624,113672,1056,264,1335,803,38,234,2783,6683,979,116900,2158,518,90059,24646,3308,56,5433,1882,1331,2783,518,94887,22198,10648,1962,323,96547,18914,10108,4449
05570,Warendorf,77673,75808,75773,37,1869,7195,6569,8475,10515,12282,8044,10129,8410,3004,3057,8441,66325,251,139,2025,356,20,114,2034,5372,668,67508,1815,279,54423,13869,1904,34,3102,1789,236,2034,279,54139,13321,8681,1348,189,52508,13371,8619,3184
05711,"Bielefeld, Stadt",63859,62711,62649,60,1150,5707,8657,9904,10158,8648,6316,5304,5171,2123,1879,8138,48107,1654,2789,2319,484,196,175,6931,6870,641,48468,737,220,45845,6584,722,23,2658,869,10,6931,220,34597,9597,14580,4173,921,34894,9530,17592,1844
05754,Gütersloh,93734,91393,91336,54,2343,5581,7176,10524,13307,13877,10289,14216,10824,4206,3730,12320,78590,574,519,858,518,168,183,2294,3308,781,85095,1816,439,59072,22218,2865,50,4764,2007,25,2294,439,61356,17221,13077,1778,301,67903,13928,7952,3951
05758,Herford,68571,66716,66690,28,1852,9034,9873,8263,9539,8001,5299,7842,6682,2146,1893,8037,58243,418,822,456,445,18,130,1437,3348,626,60810,1997,356,46820,13304,1569,22,2860,2172,33,1437,356,42819,16088,8144,1287,228,55504,6602,4065,2402
05762,Höxter,42860,41762,41721,44,1093,6369,4666,5235,6855,5992,3403,4722,3623,985,1010,3924,38396,7,39,294,154,10,35,977,1329,314,37476,2378,385,19197,15593,2965,27,1670,2018,25,977,385,29988,8092,4180,496,97,35449,3464,2362,1594
05766,Lippe,95099,92871,92802,66,2231,13472,9366,10586,16409,14154,8553,10857,6878,2506,2319,10780,81316,828,201,996,469,213,300,5867,4137,853,81547,2124,572,52216,28164,3312,54,2938,1949,32,5867,572,60335,19547,13050,1755,415,74404,9322,8099,3279
05770,Minden-Lübbecke,87460,84507,84483,22,2956,10969,11695,11429,12625,10640,6323,10288,7935,2664,2886,9578,74527,541,492,944,519,673,180,2598,3684,579,76517,3400,680,52516,21686,3017,60,3450,3418,42,2598,680,58940,17411,9134,1683,293,71534,6248,5818,3858
05774,Paderborn,75983,74785,74734,50,1196,3528,5454,7382,9680,12084,9480,12879,9301,3384,2815,9066,64773,506,141,665,305,342,184,2364,3282,710,65932,3326,369,45439,14271,2965,43,5605,4906,14,2364,369,48694,14178,10284,2359,468,54170,10557,9391,1863
05911,"Bochum, Stadt",59490,58572,58477,96,920,7857,8975,12812,9240,6867,4847,3616,3091,932,1253,8038,44251,1442,1968,3072,446,16,255,6029,9060,527,42133,1592,150,44923,5236,363,17,1117,1588,67,6029,150,26568,7857,17589,6521,952,19074,14646,23497,2277
05913,"Dortmund, Stadt",97442,95968,95889,84,1474,11973,12811,19582,15667,10937,7120,6556,7514,3052,2232,12242,69577,2821,2822,8948,652,44,334,5323,17782,1778,69551,2701,306,77792,7046,757,12,2345,3742,116,5323,306,48658,10924,24469,11346,2045,33422,20662,38704,4649
05914,"Hagen, Stadt der FernUniversität",30615,29996,29971,26,618,3588,4899,5442,5389,4024,2582,1860,1793,655,393,4251,22016,2015,910,977,281,14,152,1350,5157,216,22615,1040,236,21286,5076,490,7,834,1315,21,1350,236,14157,4173,7964,3715,610,13181,6067,10512,856
05915,"Hamm, Stadt",39914,39312,39286,30,602,5349,5892,5709,5373,4748,3433,3735,3464,1152,1060,3782,32542,139,728,2304,260,18,142,3632,3857,723,30645,874,186,27946,5298,464,8,1151,863,361,3632,186,25356,5589,6904,1689,382,17488,11406,9830,1187
05916,"Herne, Stadt",24692,24324,24297,30,365,5284,3818,5184,2934,2212,1802,1490,1314,400,252,3664,17085,942,52,2596,244,28,78,2750,5198,204,16183,264,99,20288,834,81,–,348,218,79,2750,99,10751,3088,7522,2972,361,6199,6385,10838,1272
05954,Ennepe-Ruhr-Kreis,66105,64683,64651,28,1420,10016,7463,9170,10064,9112,6191,6232,4671,1771,1410,9214,50191,3534,925,1332,584,11,315,1344,10596,567,51625,1724,246,49590,9225,1168,13,2203,2272,43,1344,246,34719,11613,14804,4297,671,32133,13385,18320,2266
05958,Hochsauerlandkreis,74592,72699,72684,18,1890,9087,7866,9673,12244,11139,6707,8618,5943,1547,1765,9297,63311,780,83,473,509,7,129,1718,5432,379,62793,3856,417,43155,17803,5655,47,2563,3206,22,1718,417,45613,17675,9545,1463,298,60913,6277,5146,2254
05962,Märkischer Kreis,95602,93366,93302,62,2238,13420,10276,12616,16386,13773,9335,9768,6928,1566,1526,12099,75670,2199,1301,2827,1108,127,270,3356,8442,1085,77926,4283,506,57819,23015,3159,25,2768,4911,40,3356,506,54135,19417,17762,3617,670,59815,16281,16047,3464
05966,Olpe,37427,36692,36685,9,734,3960,3247,4086,6229,5422,3910,4651,3739,1182,1002,5260,31232,437,133,92,191,10,72,758,1706,176,33172,1419,190,17966,11654,2773,10,2598,1468,13,758,190,22799,9856,4304,398,68,31160,3539,1657,1069
05970,Siegen-Wittgenstein,77335,75945,75883,64,1387,11966,7983,11064,13092,10487,6925,7178,5435,1699,1506,8952,65010,1056,902,682,500,49,186,1427,3433,318,67410,4334,415,41507,22608,4083,18,3425,3830,25,1427,415,49020,17742,8767,1420,386,62300,8165,5077,1794
05974,Soest,84271,82442,82392,52,1826,9725,6850,9171,12351,11980,8141,11130,8673,3081,3158,9129,72222,874,437,679,513,242,173,2288,5299,653,72751,2852,426,55468,16621,2631,57,3986,2750,41,2288,426,56888,15335,10193,1594,255,61350,11455,8539,2927
05978,Unna,95518,93984,93926,55,1537,10943,10006,13576,12372,14924,10497,10703,7813,2575,2103,9673,75629,2145,508,6793,404,145,220,5714,8789,1001,76559,3094,367,67605,13399,1245,15,2932,3856,391,5714,367,60364,15092,16038,3393,630,46283,23445,20983,4812
06411,"Darmstadt, Wissenschaftsstadt",24524,24053,23947,103,474,3158,3098,4511,4061,2513,2064,1600,1922,997,594,3483,18192,42,1811,486,233,76,197,2224,2647,510,18309,728,98,18151,2126,323,11,580,1006,10,2224,98,12816,3005,5164,2768,778,10654,3679,9150,1041
06412,"Frankfurt am Main, Stadt",80679,79158,79004,155,1520,15250,14656,13898,10891,5660,4475,3948,6279,3554,2071,12146,50138,1795,8508,5173,1623,577,721,8374,13007,3789,53970,1279,263,62916,6337,665,13,938,1163,11,8374,263,32500,6717,20497,15831,5128,21815,13636,40750,4476
06413,"Offenbach am Main, Stadt",14538,14262,14228,37,273,2150,2502,2317,2251,1537,1100,784,734,525,635,1916,10640,391,860,397,253,11,67,2543,1984,194,9448,311,60,9415,1783,164,6,178,386,3,2543,60,6053,1768,3474,2178,1058,6000,2790,5181,570
06414,"Wiesbaden, Landeshauptstadt",40114,39181,39148,32,935,7009,4234,4335,6053,6747,3623,2893,2873,1352,995,5390,29511,400,2461,1452,617,67,218,2909,5715,577,30159,612,148,30867,4519,453,5,680,532,4,2909,148,19983,4657,7980,5648,1852,17134,5970,14715,2297
06431,Bergstraße,71115,69566,69524,39,1548,7403,6102,7412,12822,11301,8427,7235,5847,2396,2172,5472,64105,419,344,254,282,22,206,1330,1995,485,62182,4426,695,29318,28002,3658,19,3650,4405,31,1330,695,44950,15233,9093,1374,463,53799,7775,7207,2332
06432,Darmstadt-Dieburg,78660,77120,77080,37,1541,7986,5503,7402,12224,13983,9880,8778,6948,3288,2667,5850,71301,149,673,203,278,12,195,1339,2620,640,69641,3835,586,42477,21586,3043,21,3844,5735,35,1339,586,51502,15411,9747,1618,381,55758,9695,10229,2976
06433,Groß-Gerau,58070,57069,57025,46,999,5010,6051,7425,9837,9294,6025,5434,4641,2632,1732,5049,50098,662,1359,541,257,19,82,1822,2681,580,50576,2076,340,38643,11467,998,11,2327,2441,27,1822,340,35703,10827,8378,2496,666,39977,7065,9189,1840
06434,Hochtaunuskreis,55882,54851,54830,22,1030,5848,3476,5321,8834,10308,7424,6073,4663,2199,1737,4913,48567,742,471,457,377,144,209,1783,2558,554,49620,1147,221,35110,13943,1448,16,2207,1144,11,1783,221,38636,7320,7057,2222,642,34863,8304,10780,1929
06435,Main-Kinzig-Kreis,104292,102342,102280,64,1948,11159,8541,10488,17601,18669,10839,10868,8697,3948,3489,7621,94019,333,991,756,330,55,187,5161,3570,776,89920,4047,817,46744,38767,4940,34,4205,3578,40,5161,817,66025,20844,13384,3205,834,72209,14463,13877,3746
06436,Main-Taunus-Kreis,52822,52064,52025,36,755,4437,3240,4822,9732,10799,6360,4735,4865,2185,1647,5340,45525,48,898,565,270,25,153,2621,2234,790,45883,1126,168,38135,8225,753,13,1578,1318,10,2621,168,35349,7265,7082,2398,720,28088,10311,12727,1697
06437,Odenwaldkreis,28377,27642,27629,11,736,3724,2257,2629,4431,5470,3535,3271,1907,542,617,1573,26415,–,180,38,93,9,70,440,793,114,23906,2682,437,7537,13339,3050,3,1145,2398,22,440,437,18660,6345,2938,352,79,23885,2034,1314,1140
06438,Offenbach,73048,71596,71555,43,1452,5596,5895,8344,14480,11987,9240,6737,5450,2517,2799,7763,62393,374,1314,574,417,68,143,5066,2687,702,63119,1229,249,50848,12138,982,10,2070,1671,12,5066,249,44288,12232,12000,3439,1086,41525,11781,17515,2228
06439,Rheingau-Taunus-Kreis,50092,49186,49156,30,904,6679,2963,4144,7460,9987,6075,5520,4207,1692,1367,3711,45256,79,528,150,235,13,116,963,1925,646,44135,2146,279,30916,12077,1912,8,1988,1937,11,963,279,33100,8856,6464,1387,279,34117,7004,7015,1955
06440,Wetteraukreis,81878,80227,80176,50,1653,10796,6053,7734,12768,13878,8097,9093,7168,2994,3298,5620,74565,153,613,380,300,58,188,2302,2708,613,73010,2554,691,34388,34596,4082,31,3570,2190,35,2302,691,54671,14889,9901,2021,395,61429,8070,8686,3698
06531,Gießen,65270,63980,63876,104,1287,9200,5825,7520,9924,10707,6421,6230,4917,2134,2385,4074,58673,320,1167,473,309,38,216,5413,1857,458,54318,2719,500,30993,21144,2503,38,2245,2402,29,5413,500,39995,13765,8578,2251,686,53577,4360,4569,2760
06532,Lahn-Dill-Kreis,75266,73945,73905,42,1320,9762,8234,10577,12223,12059,6666,7549,4868,1647,1677,3253,69823,295,789,636,259,36,173,1010,2181,589,66001,4714,780,32189,30338,5431,24,2470,2978,43,1010,780,52343,14768,6755,1212,187,63722,5120,4196,2226
06533,Limburg-Weilburg,52330,51290,51261,29,1039,8319,4739,5365,8047,7444,5360,6192,4182,1357,1325,2141,49224,220,136,231,246,13,117,1029,1822,246,46113,2557,560,34080,10671,2093,19,1894,1959,27,1029,560,36860,9668,4968,694,140,43819,3401,3179,1932
06534,Marburg-Biedenkopf,64221,63044,62912,131,1178,10447,6462,6800,10503,9447,5831,6452,4723,1723,1831,3365,58472,278,984,482,280,61,299,2571,2258,387,55433,2994,575,21713,30237,4241,110,2494,2236,41,2571,575,41696,13371,7285,1394,476,54303,3866,3447,2608
06535,Vogelsbergkreis,34916,33879,33856,19,1041,7344,3260,3215,4688,5671,3478,3650,2257,639,709,1175,33111,114,141,93,136,42,102,522,782,168,29970,2833,639,7475,19523,3861,30,1306,1527,28,522,639,25110,6642,2902,230,32,29564,1575,1561,2214
06611,"Kassel, documenta-Stadt",32480,31853,31779,77,630,2536,6571,6141,5765,3528,2315,2603,1609,688,726,3600,23760,1037,2137,1394,231,80,240,3379,4391,437,23596,574,102,21981,5660,382,3,500,462,7,3379,102,16143,4111,7602,3741,879,15051,6560,9716,1152
06631,Fulda,57544,56220,56154,63,1327,5281,4828,5911,9091,8792,6428,7519,5394,2081,2225,3467,52328,343,452,379,313,59,205,1326,2317,355,50510,2403,639,18662,25796,5436,25,3771,1857,33,1326,639,31585,16003,8620,1082,258,47690,4303,3710,1846
06632,Hersfeld-Rotenburg,37298,36444,36413,33,853,4967,5527,5245,6439,5947,2980,3289,1846,517,546,1330,34952,84,342,275,174,49,94,668,989,121,32628,2365,530,11963,17943,3360,17,1123,1653,33,668,530,25563,7532,3664,468,71,31029,2745,2186,1337
06633,Kassel,71290,69915,69889,25,1376,9568,6648,5762,10881,14140,7540,8054,5148,1726,1822,3169,66598,210,528,360,203,73,146,2136,2605,325,62486,3134,604,31995,28368,3678,60,2079,2320,50,2136,604,48399,14592,7078,1021,200,53391,8228,7355,2314
06634,Schwalm-Eder-Kreis,56855,55664,55639,23,1195,10838,5902,5453,9081,8867,4576,5692,3841,1168,1442,1995,53812,104,371,185,193,80,118,1365,1384,267,49640,3491,711,16949,28542,4958,57,1823,2403,47,1365,711,38503,12591,5180,507,75,48755,3364,2459,2280
06635,Waldeck-Frankenberg,49139,47611,47592,21,1529,8239,5174,5030,7590,7909,4291,5503,3296,917,1189,2054,45683,449,354,218,213,31,141,1006,1470,224,43598,2310,534,19343,21392,3827,32,1578,1396,35,1006,534,33794,9122,5452,674,95,41670,2685,2266,2522
06636,Werra-Meißner-Kreis,32628,31789,31770,18,836,7305,4105,3604,5360,5121,2496,2405,1367,379,479,1058,30575,171,230,320,135,34,99,577,1765,81,27387,2289,525,13648,12915,3234,21,582,1078,40,577,525,22822,6039,3359,345,60,24682,2751,3852,1341
07111,"Koblenz, kreisfreie Stadt",21835,21402,21375,28,431,2805,2462,3522,4045,2703,2132,1723,1382,563,490,2511,17532,202,591,434,172,228,163,520,4347,148,15957,760,95,18061,1576,184,–,625,767,3,520,95,11039,2999,5602,1770,427,9197,3090,8444,1106
07131,Ahrweiler,42061,41241,41205,34,822,5043,3320,3794,7310,5930,5109,5302,3266,1645,1351,1939,39593,11,119,179,168,10,44,797,2282,242,35818,2200,723,21295,12993,2322,12,2145,1742,31,797,723,30704,5780,4716,717,143,29867,4506,5812,1876
07132,Altenkirchen (Westerwald),45041,44213,44193,18,830,6122,5286,5065,6888,6021,4670,5399,3356,1200,1042,1140,43399,3,121,147,133,6,88,565,1122,170,39496,3187,509,15828,20244,3369,10,2240,2235,48,565,509,33546,7616,3503,318,63,38292,4082,1457,1204
07133,Bad Kreuznach,50499,49271,49238,36,1225,8909,4549,4255,7326,7033,5599,5415,3863,1898,1649,2141,47352,292,175,193,199,21,122,1013,2261,164,43107,3118,834,22989,17688,3002,3,2784,2151,36,1013,834,37857,6821,4658,931,233,36772,4270,6988,2470
07134,Birkenfeld,28990,28252,28224,25,742,4763,3312,3674,4948,3764,3144,2532,1865,569,424,824,26949,348,399,168,213,18,72,384,493,128,25612,1918,458,6859,16411,2353,16,1218,1267,24,384,458,21909,4104,2607,316,61,22048,3240,2657,1052
07135,Cochem-Zell,24036,23253,23245,9,781,4630,2212,1854,3183,3150,2470,2739,2162,867,766,585,23172,–,57,77,86,3,56,322,498,119,20106,2442,551,5333,12100,1741,14,1949,2004,22,322,551,18559,3207,2124,133,15,17939,1325,3475,1299
07137,Mayen-Koblenz,68357,67009,66964,44,1349,9727,6328,6843,9484,8538,6905,8355,6941,3084,2157,3136,63849,192,346,380,318,26,108,1219,5967,321,56509,3647,689,41745,15726,1927,11,3447,3546,43,1219,689,48842,10186,8220,921,188,46489,8565,10575,2730
07138,Neuwied,58108,56978,56946,33,1128,6381,5858,5365,9258,9100,6369,7530,4705,1855,1679,2198,54606,50,632,223,231,8,155,1231,5044,234,48898,2240,454,42088,8701,1964,8,1858,1761,44,1231,454,42325,8666,6079,893,139,42272,6595,7047,2193
07140,Rhein-Hunsrück-Kreis,36382,35559,35543,19,822,5415,2933,2647,4793,5646,4304,4610,3322,1427,1283,1137,34814,26,85,67,149,14,93,1024,959,197,31388,2267,550,11821,16385,2741,11,2202,1630,16,1024,550,26885,5613,3473,321,92,29741,2526,2629,1488
07141,Rhein-Lahn-Kreis,39222,38280,38252,26,943,7809,3718,3084,5420,5203,4268,4795,2884,965,1069,1855,36485,287,154,116,165,55,108,576,2838,157,31990,3133,527,21060,10671,2629,11,1388,2340,20,576,527,27172,6658,4751,547,100,29605,3351,4515,1753
07143,Westerwaldkreis,68912,67572,67545,30,1338,8002,6523,5830,10277,9632,7924,9575,6340,2331,2473,2171,65899,6,174,275,280,17,93,1029,2096,340,60873,3812,765,31986,24677,4340,17,3221,2827,48,1029,765,51956,10983,5245,602,123,58595,5095,3147,2078
07211,"Trier, kreisfreie Stadt",21286,20756,20706,52,529,3064,3140,2915,3541,2163,2063,1637,1441,840,481,2366,16665,582,259,932,235,86,158,996,2046,138,16443,1415,247,11066,5713,604,8,1288,1359,8,996,247,11146,2796,5316,1565,465,6917,2602,10919,845
07231,Bernkastel-Wittlich,41598,40214,40204,13,1381,8043,3831,3411,5167,5159,4570,4583,3610,1824,1404,1301,39576,193,68,112,239,40,71,614,532,282,35303,3872,991,6042,23087,3952,32,3885,2967,26,614,991,31529,5992,3642,357,83,28877,3290,7337,2093
07232,Eifelkreis Bitburg-Prüm,37459,36439,36422,15,1022,5761,3376,3406,4707,4757,4217,3476,3825,2270,1666,941,35908,–,101,171,280,9,52,1227,478,245,32231,2594,682,5874,19059,4432,60,3890,2204,27,1227,682,28685,5591,2851,263,64,28380,2450,4584,2047
07233,Vulkaneifel,24344,23749,23744,6,595,3671,2146,2072,3276,3753,2804,2975,2062,875,706,502,23648,3,26,37,72,5,40,427,494,120,20273,2587,439,6497,10831,2502,15,1743,1872,19,427,439,19192,3355,1638,129,31,19725,1528,1840,1253
07235,Trier-Saarburg,50976,49876,49854,24,1101,6307,3985,4387,5945,6948,5536,6078,6127,3453,2201,1963,48490,25,88,183,160,12,48,825,678,292,45152,3247,785,7209,28848,3690,31,6416,3147,22,825,785,38087,7984,4404,424,76,35739,4242,9092,1901
07311,"Frankenthal (Pfalz), kreisfreie Stadt",9105,8920,8913,10,182,840,1420,1237,1429,1349,926,745,663,353,136,904,7696,–,9,425,44,–,28,269,1016,101,7378,277,62,7595,790,80,–,180,120,8,269,62,6095,996,1280,488,241,3798,1533,3460,311
07312,"Kaiserslautern, kreisfreie Stadt",21022,20636,20570,60,383,2350,2866,3483,3258,2528,2017,1432,1754,843,488,1731,17497,177,944,399,133,5,126,1938,3526,289,14160,982,124,16258,1441,318,–,542,390,3,1938,124,12095,2946,4067,1427,488,9644,2839,7807,728
07313,"Landau in der Pfalz, kreisfreie Stadt",11114,10801,10781,25,308,1443,1276,1478,1726,1326,972,1218,787,529,362,1328,9244,7,82,224,166,9,55,572,1423,141,8534,348,94,8394,1256,326,3,307,159,3,572,94,7519,1144,1632,631,190,5918,1662,2982,549
07314,"Ludwigshafen am Rhein, kreisfreie Stadt",28228,27720,27686,31,510,2944,6249,4223,4118,2681,2461,2328,1443,1047,731,2944,22029,179,1705,1088,150,11,119,3186,3486,355,20015,1009,169,20540,3080,316,15,459,458,11,3186,169,17134,3021,4552,2670,851,8745,5388,12886,1211
07315,"Mainz, kreisfreie Stadt",33359,32631,32544,84,728,3663,3211,4053,5372,4835,4005,2743,2551,1978,944,4063,26459,150,1232,709,331,144,276,3506,2461,480,26349,407,156,23763,4161,449,57,919,349,4,3506,156,19091,4049,5300,3319,1601,13886,4802,13145,1524
07316,"Neustadt an der Weinstraße, kreisfreie Stadt",14237,13806,13793,11,429,2420,1786,1625,2213,1829,1325,1496,716,413,406,1175,12455,14,332,104,100,7,47,467,1582,130,11423,527,104,11460,1381,294,3,319,203,6,467,104,9628,1884,2039,581,108,7832,1980,3518,904
07317,"Pirmasens, kreisfreie Stadt",10501,10217,10203,13,287,1093,2145,2304,1784,1326,684,476,406,134,149,675,9287,64,289,75,76,3,33,374,1884,29,7323,726,164,6822,2262,470,–,181,226,3,374,164,5791,1779,2343,504,80,5167,1611,3348,374
07318,"Speyer, kreisfreie Stadt",10404,10132,10128,–,270,1430,1276,1059,1818,1451,1121,1025,761,287,182,1226,7978,619,392,78,62,4,50,810,1899,87,7142,357,111,7999,1050,126,3,145,161,3,810,111,6232,1328,1992,671,184,3727,1807,4421,447
07319,"Worms, kreisfreie Stadt",19657,19214,19194,18,444,3449,2693,2236,2855,2242,2006,1845,1160,622,548,1603,16932,–,37,831,88,4,159,415,2116,132,16157,664,176,13107,4478,328,4,581,550,13,415,176,13184,2218,2952,1025,274,10926,3123,4817,787
07320,"Zweibrücken, kreisfreie Stadt",9567,9377,9369,11,188,1257,1530,1793,1623,1075,726,728,464,211,158,483,8491,21,433,26,58,3,46,547,1184,37,7285,445,69,7345,1040,240,3,190,127,6,547,69,6090,1785,1341,314,38,5537,1726,2000,299
07331,Alzey-Worms,43077,42012,41991,24,1066,7877,2960,2702,4958,5176,5227,6536,3891,1930,1823,1633,40950,8,214,64,118,–,91,752,1614,232,37686,2058,729,23772,12310,1660,3,2251,1561,38,752,729,34318,5299,2822,537,98,32483,3938,3886,2767
07332,Bad Dürkheim,45164,44038,44028,7,1130,6176,4334,4605,6165,6848,5241,5211,3464,1570,1548,2301,42101,28,263,189,168,5,110,899,2273,220,39293,1902,586,31647,7805,1675,9,1556,958,29,899,586,35408,5258,3704,656,137,31797,5621,5435,2308
07333,Donnersbergkreis,26098,25494,25480,13,606,5623,1949,1878,3384,3380,3086,2949,2197,896,755,934,24846,3,130,36,71,3,81,454,890,125,21766,2281,581,11790,8567,2568,6,943,1159,26,454,581,20595,3340,1849,273,41,20716,1641,2423,1323
07334,Germersheim,36992,36299,36274,23,690,3162,2754,3270,5716,5739,4962,4695,3332,1886,1464,2246,34172,6,273,161,90,7,35,1121,1378,259,32337,1493,401,18040,12782,1745,4,1803,1085,9,1121,401,27771,5033,3145,805,231,29230,3593,3052,1114
07335,Kaiserslautern,40931,40283,40275,11,645,4608,3452,4430,5318,4852,5066,4966,5090,1859,1289,1364,39094,17,112,119,111,14,93,1441,2298,214,34991,1579,405,24827,9433,2202,11,1491,1091,19,1441,405,30568,6956,3106,254,44,31055,5115,3496,1268
07336,Kusel,27532,26961,26954,10,572,5976,2955,3072,3137,3207,2793,2543,2408,805,630,708,26513,–,64,69,85,4,89,487,678,127,23485,2155,597,9831,11276,2701,9,1246,1330,54,487,597,21574,4277,1529,127,21,21429,2453,2553,1099
07337,Südliche Weinstraße,38451,37284,37274,10,1167,6258,3161,3520,4768,5064,4471,4686,3271,1897,1365,1755,36155,41,156,107,130,16,93,714,1351,128,33800,1799,659,18978,12350,2913,17,1794,1006,22,714,659,29699,5150,3034,457,116,30553,2957,2996,1945
07338,Rhein-Pfalz-Kreis,48337,47503,47482,19,831,3888,5214,4952,7254,7441,6247,5211,4092,2491,1542,2894,44596,6,514,177,76,3,68,967,2820,273,42240,1627,405,36623,6708,1005,6,1700,904,19,967,405,37494,6015,3988,669,173,32531,7281,6959,1563
07339,Mainz-Bingen,63606,62081,62048,32,1528,9542,4677,3968,7427,8556,8472,8131,6792,3532,2508,4035,58343,53,368,326,348,10,123,2081,3190,495,54866,2333,649,40105,13629,1769,39,3117,2186,40,2081,649,45995,9583,6529,1273,224,41777,8496,9969,3370
07340,Südwestpfalz,35623,34983,34982,5,638,3979,3914,4849,6024,4727,3945,3481,2816,1063,823,983,34440,3,48,29,54,3,59,529,785,142,31713,1835,621,10543,17646,4064,7,1310,893,14,529,621,26838,6404,2253,111,19,30143,2669,1841,970
08111,"Stuttgart, Stadtkreis",77857,75601,75267,337,2259,11467,19314,12507,9423,6562,5654,4586,4411,2382,1563,21401,46490,2167,3035,2461,964,238,1105,5130,14658,1108,50942,5800,222,56670,8806,1186,103,2109,3606,37,5130,222,28714,10078,25063,11148,2854,38354,16110,20179,3216
08115,Böblingen,85278,83184,83143,45,2092,3887,5179,9513,13191,15318,10941,10141,9268,4227,3615,15496,67472,348,920,345,384,52,263,4786,2679,871,69903,6558,480,32115,32157,5012,93,5271,5324,41,4786,480,54454,14522,11298,3908,1101,48922,16114,17424,2816
08116,Esslingen,117447,114247,114156,88,3196,9216,9838,15012,20398,19383,13435,11459,10281,4509,3921,22434,90925,1083,723,1093,651,59,477,5469,5616,1341,94322,10078,619,45489,43770,7947,123,6970,6988,76,5469,619,71229,20294,19253,5442,1230,66716,22557,23699,4473
08117,Göppingen,63928,62185,62137,46,1745,7040,6605,7750,9598,9397,7590,6917,4766,2052,2210,10904,50955,318,968,151,338,13,285,1790,2818,405,52888,5612,413,26951,22330,5660,40,3313,3384,47,1790,413,39756,13535,8279,1918,438,45212,9440,6941,2337
08118,Ludwigsburg,116564,113812,113707,106,2749,8420,9914,13132,18345,18754,14566,12604,11487,5435,3917,21845,91243,588,1169,638,578,43,453,5968,6051,1050,93404,9383,702,53775,36766,5944,172,5693,7449,94,5968,702,72592,18745,18100,5857,1268,65370,21373,25212,4606
08119,Rems-Murr-Kreis,97564,94586,94514,69,2978,7604,8403,11500,16512,15231,11305,10796,8514,3905,3789,19627,75458,372,834,349,463,46,414,3247,4846,945,80213,7664,650,35961,39441,8348,154,5107,4587,67,3247,650,56804,19265,17153,3679,667,61960,16467,15168,3967
08121,"Heilbronn, Stadtkreis",22598,22016,21977,37,578,1639,3622,4018,3775,3087,2266,1594,1396,581,616,4808,16329,140,672,325,205,15,104,609,2757,192,18022,909,109,15482,4574,486,50,663,605,12,609,109,12081,3295,5055,1692,471,12354,4611,4892,738
08125,Heilbronn,95251,93161,93108,55,2088,7394,6539,8237,12432,15217,12463,13922,9565,4384,5100,13082,80393,286,515,305,386,42,240,2513,2525,581,81070,7533,1024,32806,38229,7561,134,6963,5963,63,2513,1024,66352,16711,9643,2158,388,67201,14902,10088,3059
08126,Hohenlohekreis,30991,30233,30211,23,757,3166,1953,2940,4147,4285,3721,4598,3186,1330,1666,4149,26221,175,148,33,131,23,104,516,550,190,25705,3590,437,7174,12201,6215,30,2160,2248,18,516,437,21442,5872,2684,834,154,25280,2770,1782,1159
08127,Schwäbisch Hall,54508,53072,53040,37,1432,6046,3992,5128,6985,7464,6061,7690,5307,2498,3334,7463,45857,130,477,93,257,33,202,4229,1388,264,43045,4988,598,14960,19076,10381,119,2901,2196,44,4229,598,36900,10654,5534,1162,258,43775,5061,3631,2040
08128,Main-Tauber-Kreis,39415,38318,38284,32,1100,5345,2994,3922,5671,5611,4771,5119,3210,1335,1432,5054,33468,211,210,154,168,20,124,1034,1157,191,30776,5531,730,11917,12839,6974,53,2079,3756,38,1034,730,26152,8298,4155,632,183,31553,3274,2890,1696
08135,Heidenheim,36683,35749,35728,24,933,4123,3704,5357,5970,5123,4066,3963,2324,937,1123,4129,31000,20,455,807,158,18,96,1532,1090,110,31001,2642,307,24085,5546,2748,72,1045,1319,26,1532,307,26093,6206,3346,862,181,26793,4243,4015,1628
08136,Ostalbkreis,85341,82998,82913,84,2344,7541,6219,10391,12949,12646,10235,10729,7344,3266,4021,12226,71248,395,615,186,361,37,270,1825,2919,446,72034,7333,786,31097,31956,10848,102,4648,4040,37,1825,786,55561,18896,8709,1766,410,66737,8885,6634,3084
08211,"Baden-Baden, Stadtkreis",11762,11454,11435,20,306,1938,1195,1104,1739,1517,1317,1290,832,430,402,2442,8545,310,145,133,134,5,39,178,1129,99,9656,608,94,6569,3317,613,16,487,487,5,178,94,5991,2021,2680,896,173,7139,1715,2405,501
08212,"Karlsruhe, Stadtkreis",43145,42332,42206,128,811,5782,6589,6600,7229,4009,4212,3580,2609,1497,1037,8329,28849,3078,1560,581,300,97,352,5712,5745,252,29066,2224,149,25844,7609,859,54,1255,1531,138,5712,149,21093,5240,9208,5860,1742,14649,7484,19487,1526
08215,Karlsruhe,120339,118021,117948,70,2314,9752,9219,12527,17678,19422,15082,14932,10950,5121,5640,17386,100565,633,676,388,339,56,295,2218,2670,931,102513,10932,1076,50025,42293,6676,135,7744,10138,30,2218,1076,79175,22990,14830,2726,620,74666,20411,21629,3634
08216,Rastatt,57807,56635,56590,44,1169,5330,4986,5787,9283,8946,7219,6561,5139,2359,2206,9925,46527,290,401,252,265,33,111,1018,2252,308,48752,4977,495,24364,19452,4959,68,3412,4001,31,1018,495,34683,12932,8135,1616,445,41794,7891,6452,1667
08221,"Heidelberg, Stadtkreis",20842,20310,20162,150,530,3965,3507,2781,2603,1977,2204,1321,1194,771,522,4274,13488,1104,39,1208,282,159,280,5434,2713,144,12087,396,65,11905,2525,241,18,365,229,61,5434,65,9119,2900,5726,2201,898,8442,3468,7881,1054
08222,"Mannheim, Stadtkreis",43095,42175,42055,118,923,4766,8600,6620,6412,3873,4740,3368,2171,1140,1403,7876,29093,1761,2528,971,488,76,295,17889,2579,255,20172,1938,265,17657,4732,403,27,732,1363,29,17889,265,20291,5066,9123,6531,2086,11399,8453,21484,1761
08225,Neckar-Odenwald-Kreis,44180,43196,43155,37,980,4970,2984,4940,7844,6405,4843,5752,3657,1132,1656,5411,38108,211,140,63,116,11,116,1224,846,189,35457,5688,776,9593,19081,6162,56,2999,4256,31,1224,776,30370,9333,3809,533,132,35282,4658,2744,1488
08226,Rhein-Neckar-Kreis,140524,137813,137739,71,2709,11938,10445,14446,22286,23718,17104,16269,12748,6174,5394,20506,116309,962,1163,617,605,38,327,6717,4314,1134,117428,9730,1203,56914,50692,6860,185,8175,9720,62,6717,1203,89016,26560,19905,3963,1080,82796,25527,27840,4359
08231,"Pforzheim, Stadtkreis",19384,18918,18874,46,469,1573,2417,3007,2830,3097,2026,1745,1165,799,726,3691,13727,730,418,480,225,12,101,3505,1409,187,13273,915,101,8963,4732,620,26,809,622,8,3505,101,10173,2383,4006,2169,654,9340,3212,6239,599
08235,Calw,42188,40857,40814,42,1330,5158,2983,3289,6154,6382,5713,5326,3564,1579,2031,6896,34421,101,228,111,183,53,200,784,867,213,35604,4238,480,7905,20622,6130,44,3297,2906,24,784,480,26159,8969,5685,1089,292,33091,4386,2973,1737
08236,Enzkreis,57978,56684,56663,25,1291,6151,4614,5419,7891,9455,7392,7122,5011,2427,2493,7297,49614,235,311,87,212,46,177,1337,1388,359,48117,6252,521,20319,21544,4915,80,4251,4968,39,1337,521,40234,11051,5698,829,170,40739,9623,5837,1777
08237,Freudenstadt,32535,31206,31183,20,1331,4720,3108,2994,4578,4629,3544,4007,2576,1049,1337,5066,26776,69,158,93,209,51,115,1764,798,179,26729,2699,366,6359,14912,5680,40,1782,1613,25,1764,366,19977,7029,4666,706,158,25953,2726,2214,1643
08311,"Freiburg im Breisgau, Stadtkreis",27692,26847,26682,164,843,3766,3475,3519,4011,3039,2857,2644,2515,1048,824,6909,16749,1096,1471,525,327,153,465,2553,2589,483,20453,1367,244,18288,3743,1272,186,828,576,–,2553,244,11529,3725,7304,3611,1522,10130,4700,11639,1215
08315,Breisgau-Hochschwarzwald,63364,60722,60680,38,2641,7410,3192,4057,7428,11345,8297,8640,6625,3389,2977,10454,51333,407,347,198,305,70,246,2847,1318,689,54715,3333,461,28154,18065,7609,114,3468,2635,12,2847,461,36413,13415,10707,2300,525,41281,10213,8257,3615
08316,Emmendingen,39025,37671,37650,18,1353,4828,2821,2934,4685,5757,4451,5177,4134,2139,2100,7358,30808,105,381,99,146,8,114,1593,1116,392,32465,3066,397,14478,11839,5630,41,2438,2601,4,1593,397,22062,8734,6644,1301,285,25318,6046,5545,2116
08317,Ortenaukreis,106653,103133,103045,86,3519,14505,9191,9320,13998,15592,11855,12483,10035,4724,4952,17944,85129,982,1141,652,514,24,263,3854,3231,782,89612,8059,1109,29863,42539,15125,78,7656,6406,29,3854,1109,61218,25676,16124,2964,672,81255,9481,10992,4928
08325,Rottweil,41521,39747,39728,22,1772,5659,4467,3798,5902,5761,4442,4868,3382,1435,1808,5443,35225,82,295,135,173,41,137,1438,1768,206,33638,3993,479,12417,15304,7521,67,1957,2308,28,1438,479,27811,8417,4483,673,132,33457,3565,2437,2063
08326,Schwarzwald-Baar-Kreis,49650,47604,47543,59,2045,6549,5646,5489,7127,6911,5066,5617,3727,1701,1817,8260,39521,640,400,347,276,34,175,1883,1718,589,42850,2184,430,23076,15623,5576,86,1721,1245,11,1883,430,28755,10370,7984,1953,588,33100,7474,6537,2537
08327,Tuttlingen,38832,37663,37633,29,1172,4405,3630,3955,5772,5044,4550,5027,3297,1416,1735,5464,32421,70,461,108,187,14,106,1398,1355,183,32542,3013,341,12691,16218,4732,57,1723,1653,18,1398,341,26680,6852,4377,732,191,29290,5095,3055,1392
08335,Konstanz,60013,58247,58123,121,1769,7326,5668,5010,8004,8468,6522,7698,5623,2929,2769,11631,45400,988,746,367,397,190,297,2278,2327,473,51771,2725,442,29349,17409,4917,98,3513,1995,15,2278,442,34450,10488,10535,3608,937,38018,9357,10086,2553
08336,Lörrach,51660,50261,50217,47,1396,7311,5047,3990,6156,7289,6030,6911,4754,2226,1942,8900,40272,564,967,387,276,123,168,1582,2338,477,45168,1622,475,29162,10958,5756,106,2474,1138,8,1582,475,31454,8827,8098,2633,648,29883,9042,10228,2507
08337,Waldshut,42734,40890,40861,32,1842,5946,3347,3513,5091,6144,5408,5592,3607,1846,2246,7096,34464,449,200,113,283,24,113,1939,1573,294,36168,2400,358,14770,12886,7731,60,2992,1986,13,1939,358,25189,9135,6662,1425,325,30704,5345,4236,2451
08415,Reutlingen,73749,71520,71467,52,2232,7949,7052,8743,10976,9950,8683,8752,6190,2739,2719,10064,61153,87,1565,241,335,81,228,4283,2433,651,59171,6658,554,29053,23358,8893,117,3762,3714,16,4283,554,50420,11999,8560,2310,463,50075,9395,11304,2977
08416,Tübingen,52459,51172,51002,173,1290,6095,4310,4625,6855,7312,6529,6610,5314,2427,2381,8049,42360,70,968,352,270,149,237,2036,1678,538,43780,3973,464,18393,19921,5732,46,3246,2596,24,2036,464,33517,9500,7173,1672,599,36954,7578,5991,1939
08417,Zollernalbkreis,61138,59146,59109,37,1995,7388,6744,7476,9762,8603,6574,6679,4171,1714,2031,5397,54696,231,270,136,231,26,153,918,1146,154,51669,6393,859,11184,33594,7977,81,3095,3407,24,918,859,47588,7820,4736,786,207,47677,6391,4798,2281
08421,"Ulm, Stadtkreis",21832,21365,21298,66,468,1901,2519,2984,2556,2827,2751,2794,1877,923,700,3581,15752,553,1257,305,168,71,145,5195,1238,166,13904,1206,120,11015,3352,571,31,709,829,13,5195,120,12186,3127,4012,1908,603,9709,3447,7709,969
08425,Alb-Donau-Kreis,57493,55848,55817,36,1640,5304,3934,5168,7764,8862,6673,7858,5857,2889,3187,6493,49956,221,297,93,221,52,161,1316,1124,290,47899,6208,655,18982,20384,8524,104,3924,3556,48,1316,655,40565,10903,4963,849,216,45322,5558,4120,2490
08426,Biberach,60122,58013,57975,37,2110,7026,4171,4240,7279,7539,6843,8882,6624,3734,3780,6039,52838,255,359,187,251,28,160,2439,1102,367,48285,7073,850,16747,21819,9026,135,5669,3392,43,2439,850,44370,9764,4792,896,301,48573,5107,3381,3062
08435,Bodenseekreis,50724,48928,48895,36,1794,3977,4053,4304,6882,7362,6841,6469,5334,2914,2591,9408,39462,398,322,540,266,47,270,1491,1456,434,43986,2999,365,24796,13633,4855,66,3287,2222,10,1491,365,29411,9217,9219,2272,603,33599,8172,6289,2665
08436,Ravensburg,71611,68545,68472,74,3065,8726,5505,6360,9301,10014,8153,9227,7025,3856,3448,10351,59300,291,412,440,419,47,344,2518,2009,573,59593,6292,621,28554,20690,10830,124,5165,3081,27,2518,621,46856,13311,8895,2008,543,49527,9154,8112,4818
08437,Sigmaringen,39518,37761,37739,19,1760,5367,3125,3196,5487,5200,4618,5614,3370,1507,2036,4102,34679,75,163,171,127,43,167,1709,782,214,31754,4533,518,11545,13949,6648,87,2578,2464,15,1709,518,28761,6588,3481,564,127,31800,3546,1833,2339
09161,Ingolstadt,28360,27934,27890,40,428,811,1521,2264,4156,4100,4118,4124,3506,1942,1824,3496,23078,157,902,286,315,17,112,1637,772,202,24949,630,173,17137,6471,1106,54,1384,389,–,1637,173,18825,3496,3759,1715,566,16103,5716,5656,883
09162,"München, Landeshauptstadt",147196,144148,143816,330,3049,10506,18785,19929,23461,16674,17833,11860,13464,7616,7071,30830,90706,3547,7808,8268,3488,1217,1338,23443,8709,2572,107114,4884,465,87233,21732,4356,44,6175,3716,31,23443,465,71809,11280,20902,26155,17052,49858,25187,65350,6804
09163,Rosenheim,10877,10557,10530,28,318,580,975,1248,1544,1930,1301,1258,1017,550,475,1723,8279,143,316,142,187,8,78,1850,300,53,8058,519,101,5468,2296,486,9,408,263,3,1850,101,6290,1287,1900,1055,346,5130,2340,2817,592
09171,Altötting,31256,30469,30459,14,786,1916,2475,2930,4531,4985,3848,4623,2755,1338,1866,1873,28800,42,188,145,126,7,73,2353,262,198,25892,2156,399,6064,15312,4091,20,2008,1003,6,2353,399,23527,4242,2427,824,237,20027,6242,3649,1341
09172,Berchtesgadener Land,23912,22882,22862,23,1027,2672,2218,2484,3568,3500,2852,2842,1857,981,938,2688,19885,236,461,188,301,50,104,1670,380,312,20195,1079,275,4589,11825,3894,28,1257,363,6,1670,275,13910,4478,4011,1209,298,15803,3221,3021,1864
09173,Bad Tölz-Wolfratshausen,30336,28877,28857,22,1461,2690,2227,2450,4426,4299,3586,3904,3446,1632,1672,3018,25994,537,252,119,214,53,149,1132,496,349,26456,1613,289,11683,10190,4345,36,1778,882,5,1132,289,19195,5190,4395,1246,313,16638,5910,5225,2564
09174,Dachau,36471,35640,35630,7,832,944,1400,3012,4206,5945,4994,5824,4864,2753,2534,3826,31538,83,372,291,240,16,104,2309,476,334,31596,1470,284,11818,14791,2813,35,3088,1325,5,2309,284,24813,5858,4264,1261,277,19555,9623,5902,1388
09175,Ebersberg,35331,34369,34351,15,966,1505,1179,2032,4823,6350,4506,5086,4683,2691,2470,2878,31316,171,153,295,385,34,108,3362,537,259,29702,1279,201,14572,10264,3094,36,2725,1077,3,3362,201,25973,4452,3402,1208,296,15390,9229,8754,1960
09176,Eichstätt,41248,40554,40530,23,695,1901,1484,2779,5267,6693,5448,6616,4985,2786,3292,1769,38913,35,185,89,135,13,117,942,439,302,36922,2126,515,9842,18782,6699,32,3052,1370,5,942,515,31215,7000,2629,322,80,32686,5539,2018,1005
09177,Erding,35971,34958,34932,24,1016,1642,1782,2228,3547,4890,4448,6458,5491,2725,2762,2218,32867,75,298,185,211,48,74,3345,339,324,30009,1584,374,11048,13412,4056,63,2472,1193,7,3345,374,25428,5932,3458,962,188,21098,7442,5356,2080
09178,Freising,42409,41446,41382,66,961,1758,2059,2802,4873,6621,6312,6972,5702,2560,2750,3782,37345,29,269,310,407,89,177,1875,555,470,37195,1950,356,13105,17653,3694,43,3922,1750,12,1875,356,28310,6767,5235,1610,483,24676,8454,7507,1771
09179,Fürstenfeldbruck,50709,49780,49758,21,924,1321,2229,3137,7798,10791,7359,6685,5979,2996,2407,5016,44282,139,327,536,207,58,147,2717,585,294,45505,1325,278,23696,17104,2241,28,3617,1014,10,2717,278,37195,5569,5215,2043,680,22699,12410,13766,1829
09180,Garmisch-Partenkirchen,21609,20522,20514,9,1086,2117,2652,2346,3117,3171,2278,2465,1599,924,937,3267,17490,56,194,169,247,78,103,684,266,172,19204,1059,220,8680,8249,2536,16,724,485,8,684,220,10994,3998,5398,1043,175,15218,2843,2169,1384
09181,Landsberg am Lech,35323,34151,34141,6,1170,3040,1926,2110,3473,4688,5014,5493,5010,2222,2349,2008,32371,87,191,206,223,70,168,1073,317,293,30640,2564,435,8118,15873,5128,31,3212,1440,14,1073,435,26292,5311,2898,638,185,23116,5781,4219,2208
09182,Miesbach,25822,24518,24500,16,1305,2598,2174,2280,3088,3769,3072,3050,2834,1485,1480,2734,22102,128,231,251,278,22,82,1342,620,223,21712,1691,235,9450,9126,3625,17,1198,827,4,1342,235,16210,4368,4079,992,181,16294,4472,2878,2176
09183,Mühldorf a.Inn,32507,31427,31417,8,1079,2604,1765,2269,4328,5057,4000,5252,3351,1637,2235,1858,29821,98,275,155,198,9,101,1107,486,212,27916,2306,482,11493,11552,5349,32,1617,873,10,1107,482,24536,4496,2478,759,232,20754,5552,4108,2092
09184,München,72397,71012,70962,50,1383,1495,3170,4653,9588,14365,11078,9611,10187,4382,3863,7672,61011,257,1329,916,779,121,319,13123,1084,1033,55517,1392,250,36901,14053,2266,54,4523,1228,6,13123,250,52802,6919,7225,3956,1500,27064,19682,22919,2730
09185,Neuburg-Schrobenhausen,29035,28318,28322,–,715,1101,1539,2563,4245,4414,3690,4591,3043,1702,2147,1489,27066,48,150,41,147,22,70,1016,302,172,25315,1793,443,6361,13923,3601,31,2379,1275,9,1016,443,21843,4636,2009,475,75,23056,3340,1768,873
09186,Pfaffenhofen a.d.Ilm,37828,37026,37011,18,805,1169,1571,2724,4800,5837,5431,6263,4617,2533,2881,2165,35074,5,128,187,187,11,70,1258,328,244,33710,1848,439,8449,18721,4251,39,3291,1363,17,1258,439,27819,6232,3113,568,97,27743,6680,2209,1199
09187,Rosenheim,69575,66681,66655,30,2897,6159,4116,4893,7419,10619,9630,10551,7924,4132,4135,6052,61767,213,521,234,538,41,210,2266,663,557,61131,4206,757,12779,33387,11861,101,5958,2451,15,2266,757,46754,11896,8821,1753,346,45311,12766,6114,5385
09188,Starnberg,35721,34899,34887,15,823,1892,2246,2685,5111,6256,4991,4327,4111,1998,2100,3033,31186,147,487,316,337,21,200,786,559,296,32433,1365,285,17900,11108,2068,15,2582,965,12,786,285,25482,4793,3888,1255,303,21630,8103,4694,1297
09189,Traunstein,48799,46700,46692,12,2096,5275,3379,4218,6319,7532,5665,6878,4449,2366,2722,4069,43309,332,214,292,374,27,181,3231,685,296,40331,3644,610,7696,22073,9071,85,4080,1942,9,3231,610,32180,9126,5951,1252,287,34993,6435,3353,4021
09190,Weilheim-Schongau,37614,36132,36120,10,1481,3375,2965,3017,4261,5392,4827,5412,3921,2066,2376,2747,33618,169,249,198,454,23,152,2559,497,310,31114,2711,417,11874,12710,5966,27,2764,1276,16,2559,417,25795,6636,4052,899,236,23499,6440,5061,2612
09261,Landshut,13843,13515,13491,21,330,994,1033,1624,1988,1682,1785,1411,1582,1011,737,1615,11275,357,78,318,106,42,55,606,512,116,11837,681,88,7161,4020,793,7,748,414,–,606,88,9033,1472,1996,950,390,7551,2859,2780,654
09262,Passau,11101,10796,10752,41,305,1031,852,1158,1728,1900,1329,1312,793,497,501,1305,8876,154,349,247,89,9,76,313,588,71,9595,459,80,5473,3800,709,9,481,241,4,313,80,6466,1695,1764,828,345,6828,1339,2306,626
09263,Straubing,10812,10541,10530,12,270,764,843,1405,1724,1556,1200,1333,879,574,533,870,9113,230,368,68,97,21,44,470,657,42,9033,515,95,6108,2919,523,3,484,207,–,470,95,7266,1099,1685,602,161,5831,2173,2420,392
09271,Deggendorf,36464,35532,35496,35,930,2546,2219,2743,4595,6204,4575,5437,3638,1995,2508,1559,34016,170,292,111,196,37,82,1198,379,229,30801,3084,771,8429,15396,7018,43,2399,1206,13,1198,771,27142,5622,2852,646,199,29577,3367,2186,1330
09272,Freyung-Grafenau,26210,25305,25299,3,902,2403,1865,2188,3643,4570,3423,3934,2044,858,1281,897,24996,22,61,40,108,16,66,943,186,157,22036,2207,676,2931,11949,7976,36,917,770,12,943,676,18297,5712,1894,234,66,23598,795,485,1329
09273,Kelheim,36715,35843,35828,17,870,1838,2025,3256,4898,5453,4453,6102,3911,1934,2846,1625,34612,142,70,76,107,11,71,1365,319,253,32299,1953,524,9874,16327,5596,31,1993,994,10,1365,524,27627,5709,2735,521,126,30238,3423,1789,1262
09274,Landshut,50176,48960,48945,18,1213,2988,2334,3136,4854,7976,6952,8792,6035,3055,4056,1659,47739,153,123,218,188,8,92,1961,377,343,43441,3261,792,11098,22826,8043,60,3591,1797,8,1961,792,39072,7465,2979,518,139,40133,5957,2126,1962
09275,Passau,61521,59690,59672,16,1834,5933,3540,4441,6966,9506,8313,9371,6282,3174,4000,2606,58053,194,148,132,257,6,124,1991,655,468,52805,4517,1085,13569,26819,12408,74,3679,1883,10,1991,1085,45257,10763,4464,796,236,51898,4084,2583,2958
09276,Regen,24828,23889,23884,6,941,1976,2107,2573,3513,4383,3298,3316,1790,732,1136,1174,23243,122,53,83,84,16,59,850,195,222,20630,2203,726,3803,11130,6991,36,795,497,3,850,726,16067,5867,2485,328,85,21580,1136,833,1280
09277,Rottal-Inn,39658,38362,38349,16,1292,4415,2748,3359,4576,5864,4821,6102,3590,1704,2476,1189,37830,53,295,76,129,5,83,1887,321,238,32874,3567,767,8573,15679,9310,71,2205,1146,19,1887,767,31915,4974,2155,473,145,31831,3463,2215,2152
09278,Straubing-Bogen,34837,33948,33943,8,888,2510,1881,2520,3631,5086,4300,6003,4076,1929,2897,574,33860,–,157,76,122,10,45,1101,299,267,29442,2913,821,4615,16964,7560,50,2577,1130,22,1101,821,28055,4951,1635,160,39,29765,3032,826,1219
09279,Dingolfing-Landau,31963,31158,31142,20,807,2430,2097,2665,3312,4443,4185,5576,3281,1513,2452,779,30562,131,174,155,104,5,50,1255,247,186,26830,2819,629,8315,12980,5149,46,2374,1206,10,1255,629,25902,3922,1644,402,97,26821,2301,1645,1195
09361,Amberg,9791,9551,9535,15,239,854,936,1270,1906,1241,926,1056,825,419,362,963,7932,393,226,124,104,10,37,612,1058,77,7469,496,76,6181,1771,558,8,332,249,–,612,76,5832,1396,1823,629,103,5155,1416,2828,392
09362,Regensburg,23282,22819,22740,78,460,2123,2601,2527,2941,2648,2111,2654,2466,1573,1630,3769,16316,721,934,764,275,32,471,1557,1296,867,18251,1232,71,16081,3066,1142,18,716,541,80,1557,71,12234,2255,4392,3341,1060,9415,3495,9099,1269
09363,Weiden i.d.OPf.,9728,9433,9416,15,297,638,1287,1426,1480,1352,955,1191,712,441,247,975,7971,259,303,56,103,16,45,134,817,51,8034,621,66,5919,2503,562,6,255,281,3,134,66,5418,1493,2111,569,136,5176,1950,2254,349
09371,Amberg-Sulzbach,32437,31642,31623,18,799,2465,2351,3387,4694,4961,3843,4825,2961,1252,1696,1564,30384,68,163,78,72,8,91,1075,480,209,27224,2921,522,4495,15103,7487,34,2022,1682,14,1075,522,21156,7921,3009,308,49,26787,2617,2010,1020
09372,Cham,41909,40551,40540,13,1356,3197,3172,3658,5397,7002,5517,5851,3812,1804,2492,1359,40034,112,119,53,136,9,86,1350,482,257,34529,4019,1273,6077,18867,11436,51,1550,1297,12,1350,1273,29060,9201,3222,361,61,37371,1366,1504,1665
09373,Neumarkt i.d.OPf.,40566,39661,39639,18,904,1633,1497,2957,5661,7240,5876,6516,4054,2187,2945,1905,38116,125,144,41,130,15,87,1545,463,324,35753,1965,520,10750,17763,6783,49,2051,1094,15,1545,520,30625,6953,2256,597,140,33195,3487,2825,1057
09374,Neustadt a.d.Waldnaab,30320,29558,29549,7,765,2673,2547,3106,4395,4479,3727,3833,2868,1190,1509,1157,28435,244,223,65,92,5,98,829,303,277,25716,2580,617,4779,14330,7045,46,1497,1149,33,829,617,20027,7364,2670,235,23,25529,1839,1865,1086
09375,Regensburg,58596,57604,57579,25,991,2871,2540,4037,6759,9367,8449,9702,7181,3389,4295,2637,55201,86,119,213,211,5,119,1448,678,320,51194,4149,798,14572,26535,8265,30,4224,2702,16,1448,798,42520,10405,4861,651,161,45882,7171,4098,1442
09376,Schwandorf,45369,44270,44264,8,1097,2501,3624,5368,7345,6756,4813,5827,4251,2004,2883,2069,42668,77,138,126,170,20,87,1917,838,204,38020,3422,969,16143,13589,8937,40,2122,1639,13,1917,969,29851,10909,4017,525,61,38479,3058,2519,1315
09377,Tirschenreuth,22938,22170,22163,5,766,2868,2491,2454,3497,3377,2394,2745,1677,575,859,1039,21320,80,214,67,131,8,83,771,284,106,19213,2051,516,4120,10237,5769,35,726,743,20,771,516,15029,5457,2115,297,44,17864,1789,2164,1119
09461,Bamberg,13583,13154,13080,76,427,2849,1824,1555,1558,1560,1415,1018,945,471,388,2099,9787,489,664,128,149,21,246,1071,1888,127,9810,611,76,9333,1989,355,5,345,402,12,1071,76,6468,1914,3724,1141,336,3874,1552,7473,686
09462,Bayreuth,13813,13450,13381,68,364,1294,1797,1563,2106,2516,1680,1375,708,386,387,1522,10439,677,673,189,121,95,103,449,1165,127,11108,896,69,8442,3402,550,9,588,296,14,449,69,8003,1567,2818,1053,375,6600,2834,3867,509
09463,Coburg,9839,9573,9556,18,265,1801,1150,1082,1465,1296,1069,866,546,305,265,962,7961,114,544,55,133,16,53,729,827,39,7840,353,54,6982,1323,317,3,231,179,19,729,54,6023,1275,1889,504,149,6462,1296,1688,395
09464,Hof,10003,9703,9685,16,302,1470,1529,1215,1639,1447,1029,917,511,117,145,904,8055,628,14,201,139,9,55,224,1102,34,8031,546,68,4719,4103,419,4,243,211,17,224,68,5641,1212,2294,721,140,4518,2262,2888,336
09471,Bamberg,43424,42415,42403,15,1007,3650,2648,3289,5349,7055,5951,6672,4450,1933,2425,2630,40230,131,131,44,116,15,129,1061,677,292,36161,4514,718,8891,19102,6888,52,3216,3478,25,1061,718,27879,10311,4778,382,69,36768,2872,2279,1504
09472,Bayreuth,33778,32908,32896,10,873,4056,3195,2966,4525,4954,3953,4626,2893,1141,1470,1589,31606,214,83,53,100,11,115,732,473,207,28568,3236,568,5791,15302,6947,45,2493,1872,31,732,568,23064,7143,3209,304,63,28591,2225,1809,1149
09473,Coburg,26497,25822,25817,3,671,3746,2200,2828,3969,3739,2724,3573,1865,717,1116,1210,24226,445,368,53,124,6,61,766,735,131,22916,1646,296,11330,8810,3177,27,1052,991,44,766,296,18884,4691,2508,330,81,22482,1813,1225,973
09474,Forchheim,34512,33656,33653,6,854,2731,2061,2872,4343,5775,4761,5057,3418,1769,1731,2003,31858,175,210,29,108,5,127,807,397,294,29926,2542,549,5090,18715,4946,49,2732,1599,29,807,549,22971,7324,3704,444,70,28337,3324,1785,1067
09475,Hof,32652,31540,31523,18,1110,5645,4309,4006,5257,4386,2958,3399,1618,406,665,1418,30058,420,343,40,223,14,134,587,925,176,27445,3000,517,11152,13112,4635,24,1162,1400,60,587,517,23330,5789,3139,329,64,24658,3585,3034,1373
09476,Kronach,22698,22014,22007,3,688,2686,3033,2905,4215,3356,2259,2122,1244,350,516,842,21186,166,254,16,153,10,71,511,464,93,18180,2850,592,4816,10003,4686,14,634,1375,63,511,592,16006,4800,1690,164,32,19480,1372,1132,713
09477,Kulmbach,23081,22452,22441,13,627,3455,2712,2269,3203,3308,2262,3063,1572,474,762,1220,21088,239,181,60,165,15,116,641,546,122,18357,3046,370,7867,7039,3737,19,1515,1866,25,641,370,15996,4445,2230,350,55,18571,2034,1657,815
09478,Lichtenfels,21056,20443,20430,11,615,2904,2034,2151,3238,3111,2187,2459,1505,592,875,1050,19559,54,141,51,123,18,66,390,559,118,16892,2691,410,5959,8087,3454,19,1013,1709,18,390,410,14653,4139,1950,266,48,17636,1352,1215,853
09479,Wunsiedel i.Fichtelgebirge,23251,22515,22503,13,737,4602,3338,3086,3534,3100,1931,1848,1055,280,476,1334,20677,428,343,178,151,16,122,513,1011,111,18600,2617,401,9037,8307,3264,23,554,1077,77,513,401,15844,3928,2950,438,88,14806,3468,4000,978
09561,Ansbach,9816,9536,9526,8,283,1221,1299,1064,1413,1370,1062,979,841,303,257,1104,7974,426,13,146,33,–,123,247,999,85,7989,405,96,5767,2626,628,12,233,197,16,247,96,6008,1449,1855,414,100,5260,1677,2425,455
09562,Erlangen,20087,19657,19550,104,429,1434,1651,2416,3746,3251,1987,1953,1941,926,778,2475,15052,268,1171,686,126,28,282,2743,841,262,15566,603,72,8149,7019,618,4,969,503,8,2743,72,12245,2067,3299,1866,611,7770,3875,7637,795
09563,Fürth,20206,19839,19834,8,367,2296,1976,2164,2584,2705,2728,2037,1764,1083,861,3055,14747,1061,384,717,102,3,144,1645,2227,332,15213,679,114,12550,4455,490,12,579,349,11,1645,114,11871,1902,3125,2593,714,7611,3760,8107,726
09564,Nürnberg,73805,72350,72257,98,1450,5990,10646,11613,13444,10890,6874,5028,4647,2555,2116,11292,52026,3830,2459,2584,849,161,597,11395,7143,733,50493,3216,826,42819,14478,1186,52,1294,1728,28,11395,826,42580,5441,10618,11420,3745,20014,12802,38474,2516
09565,Schwabach,10073,9889,9884,9,188,689,737,1040,1616,2043,1278,1052,772,515,332,1048,8592,82,175,48,91,–,33,322,548,84,8817,252,54,4709,3960,450,6,412,162,3,322,54,6866,1309,1447,387,70,5520,1728,2514,314
09571,Ansbach,57363,55686,55629,54,1674,7866,3913,4516,7359,8064,6607,7902,5349,2275,3510,2619,53742,163,236,78,228,15,283,3708,1060,451,47732,3641,766,13343,22743,11769,241,2975,1778,33,3708,766,40512,11355,4825,568,101,47250,4005,3404,2706
09572,Erlangen-Höchstadt,41181,40387,40374,11,792,2048,1751,2874,4553,8181,6873,5696,4070,2251,2891,2568,37955,191,98,131,121,5,103,1419,688,354,36500,1869,349,9789,20916,3620,38,3456,1576,14,1419,349,29357,7085,4024,618,98,28809,6647,4633,1090
09573,Fürth,32702,32133,32119,12,571,1506,1978,2749,4421,6227,4714,4790,3154,1641,1525,2454,29546,112,311,86,103,5,84,1261,783,234,29197,994,238,11511,14811,2209,22,1865,766,18,1261,238,22926,5020,3661,926,173,19904,5977,5852,971
09574,Nürnberger Land,49394,48327,48299,26,1069,4409,4012,4349,7671,8506,6066,5943,3760,2247,2431,3662,44451,367,189,214,248,15,247,1583,1390,614,43235,2131,448,17407,20559,5534,28,2608,1192,35,1583,448,35420,7793,4748,1210,223,33490,7330,7113,1465
09575,Neustadt a.d.Aisch-Bad Windsheim,31656,30660,30646,11,993,4449,2518,2520,3641,4563,3411,4441,2932,1351,1831,1420,29615,188,122,30,140,6,133,1749,506,329,25981,2527,564,5848,13617,6285,96,2116,1354,24,1749,564,22642,5958,2685,323,47,26230,2173,1663,1589
09576,Roth,38617,37767,37750,16,853,2479,1955,3046,5865,7186,5367,5670,3370,1526,2150,2184,35800,95,96,77,210,36,109,1080,747,322,34513,1585,372,12035,17041,5175,35,1907,957,13,1080,372,28314,6398,3297,512,87,28594,4470,4452,1100
09577,Weißenburg-Gunzenhausen,28274,27384,27374,9,891,3974,2020,2567,3897,4223,3248,3622,2282,941,1506,1607,25900,269,190,37,124,14,129,2917,882,292,21969,1752,458,7867,9768,5090,248,1104,803,14,2917,458,19369,5705,2692,414,93,22846,2179,1923,1329
09661,Aschaffenburg,13478,13104,13088,12,372,1246,1716,1807,1772,1923,1474,1385,1025,622,505,2039,10312,143,516,240,128,25,72,568,1743,130,10591,359,80,10617,1131,450,–,445,183,3,568,80,6572,2183,3252,1236,234,5120,3045,4650,661
09662,Schweinfurt,9291,9011,9000,9,280,502,1704,1859,1430,1038,1074,810,470,174,235,1126,6689,386,806,126,91,10,61,1289,877,100,6174,809,47,6484,696,188,8,185,382,12,1289,47,4976,1045,2080,990,200,3661,1572,3716,341
09663,Würzburg,20856,20291,20188,107,561,889,2566,3676,3149,3150,3006,2062,1199,574,588,2987,15556,679,658,349,251,170,206,1667,2780,270,15186,853,98,14818,2971,520,3,459,307,11,1667,98,10334,3019,3608,2840,1055,9497,3088,7305,962
09671,Aschaffenburg,50637,49583,49570,14,1051,3507,4718,5559,7826,7745,6639,6516,3996,1976,2156,3706,46240,37,233,146,168,14,93,696,1083,190,45609,2453,603,24315,16891,3521,15,2722,1848,20,696,603,30676,13240,6168,467,86,35591,7952,5432,1658
09672,Bad Kissingen,31396,30562,30546,14,836,3325,2558,3020,4784,5377,3733,3930,2518,854,1298,1538,29148,186,198,51,120,51,105,623,1040,158,26339,2474,765,11022,12010,4611,16,1191,1132,28,623,765,20086,7453,3292,421,137,26674,1795,1697,1231
09673,Rhön-Grabfeld,25962,25196,25187,13,764,3767,1955,2311,3535,4257,2876,3418,1879,812,1143,1114,24382,57,108,116,97,8,81,891,524,119,21260,2471,695,7080,10544,4730,24,998,973,24,891,695,18190,5203,2251,278,42,22011,1193,1455,1298
09674,Haßberge,27103,26275,26268,11,824,3856,2134,2306,3739,3932,3280,3395,2205,950,1308,1149,25557,98,87,20,106,11,69,854,433,154,22195,2860,604,6057,11284,5360,41,1413,1474,20,854,604,19276,5453,2092,251,28,23108,1283,1379,1330
09675,Kitzingen,27637,26683,26678,8,951,4331,2202,2348,3115,3926,3138,3397,2539,1081,1555,1258,25694,76,224,140,145,20,79,942,1246,139,22754,1989,565,11809,8586,3245,15,1506,941,33,942,565,18618,5596,2972,391,62,21001,2186,2694,1758
09676,Miltenberg,37832,36861,36858,4,969,3958,2989,3923,5886,5614,4796,4901,3070,1191,1502,2557,34533,84,151,256,175,12,73,524,1538,118,32324,2615,716,14226,15070,3292,9,2320,1659,16,524,716,23807,9076,4436,457,55,28451,4420,3501,1463
09677,Main-Spessart,40533,39521,39511,9,1013,4009,3381,4349,6161,6276,4983,5158,3333,1266,1614,2172,37636,163,168,94,147,37,118,720,1528,219,34238,2983,843,13848,14870,6401,29,2552,1245,23,720,843,26762,9536,3798,367,64,33257,2877,2749,1650
09678,Schweinfurt,35467,34709,34703,8,755,3095,2678,3427,5280,6012,4332,4617,3006,1362,1661,1818,33206,40,170,33,86,8,101,787,761,159,30481,2743,536,10090,15895,4130,24,2306,1673,34,787,536,24142,7637,3281,348,58,27827,3326,3004,1308
09679,Würzburg,48539,47517,47506,8,1025,4754,3252,3857,6333,7873,6684,6987,4286,1922,2585,2636,45180,70,209,108,134,91,112,1471,1630,352,41403,3074,614,18916,18172,4209,39,3077,2002,47,1471,614,31821,10942,5081,556,142,35563,5595,5349,2034
09761,Augsburg,39439,38614,38490,122,826,3511,5159,6539,6812,4634,4275,3243,2516,1672,1074,7552,27023,835,1806,1278,321,36,585,4022,2843,550,30115,1782,124,24953,7244,986,35,1301,753,20,4022,124,21616,3144,6252,6254,2172,14121,6448,17067,1806
09762,Kaufbeuren,9530,9242,9234,4,291,461,501,1875,2259,1327,841,884,692,267,418,1025,7646,448,94,192,58,7,59,151,509,54,8404,375,37,7637,1003,337,–,214,147,4,151,37,6518,823,1394,620,177,3595,1210,4206,517
09763,Kempten (Allgäu),10985,10602,10582,21,380,1136,955,1284,1884,1369,1411,1203,923,485,332,1652,7932,459,483,220,119,55,65,1104,654,61,8728,378,55,6680,2031,695,10,261,145,3,1104,55,6280,1227,2057,1041,375,4908,1644,3702,726
09764,Memmingen,9569,9184,9179,3,389,815,918,1260,1639,1262,1102,1106,651,351,467,840,7778,485,183,145,71,12,64,232,557,49,7918,729,86,5881,1948,662,–,458,301,–,232,86,6598,1016,1234,587,137,5412,1669,1941,550
09771,Aichach-Friedberg,39473,38665,38658,10,810,1488,1622,3143,5232,7583,5457,6062,4304,2041,2543,2252,36571,93,183,125,147,–,93,2077,395,337,34255,1995,413,12161,15900,4713,57,2773,1358,18,2077,413,29656,6196,2791,669,160,27737,5634,4891,1205
09772,Augsburg,70993,69477,69462,18,1518,3028,4082,6218,10491,11179,9645,11183,6919,3544,4706,4881,64736,20,736,149,245,11,217,1796,766,360,63008,4367,698,28713,25004,7634,62,4510,2551,24,1796,698,54029,8939,5724,1770,531,48177,11394,8893,2535
09773,Dillingen a.d.Donau,30880,30030,30025,10,847,2743,2253,2728,4299,4560,3855,4647,2810,1161,1827,1223,29174,142,78,56,102,3,104,1623,286,120,25884,2474,496,8085,12858,4791,43,1918,1057,11,1623,496,24637,4133,1698,316,98,25460,2394,1644,1381
09774,Günzburg,38717,37311,37295,15,1405,3604,2833,3911,5409,5903,4531,5278,3408,1552,2295,1611,36091,215,252,212,209,12,117,1218,471,215,32888,3176,749,10103,17019,5683,45,2420,1454,28,1218,749,30026,5204,2762,612,114,30449,3696,2545,2027
09775,Neu-Ulm,45052,43970,43950,21,1081,2626,2914,4691,6655,8318,5550,5350,4402,2103,2431,4006,39780,118,172,655,182,29,107,2443,795,275,37355,3700,486,13826,19311,3745,33,3377,1800,30,2443,486,32278,6397,4406,1544,426,29902,6476,6959,1716
09776,Lindau (Bodensee),19775,18697,18692,7,1082,3406,1208,1539,2145,2635,2302,2550,1898,1015,1085,2803,16023,69,486,74,155,44,119,435,786,93,17167,1145,148,9828,4267,3124,21,1453,502,3,435,148,10939,3955,3827,861,193,12901,2803,2315,1755
09777,Ostallgäu,42067,40026,40009,16,2042,4950,2639,3420,5063,5934,5165,5928,4200,2175,2597,3062,37987,276,178,134,251,32,136,1235,364,231,36317,3323,597,10195,17234,8977,60,2557,1201,11,1235,597,29243,7096,4761,778,188,29301,5391,3482,3893
09778,Unterallgäu,46452,44237,44216,23,2214,5559,3357,3206,5667,6483,5394,6584,4473,2455,3271,2206,43384,177,279,58,202,15,130,1641,469,185,38535,4574,1044,11815,17900,9542,72,2774,1640,20,1641,1044,36548,5832,3245,693,130,34035,5298,3171,3943
09779,Donau-Ries,41560,40305,40300,7,1252,3740,2715,3740,5751,6706,5019,5592,3818,1886,2591,1624,38966,393,228,79,139,11,119,2891,1041,238,33096,3579,707,16524,11372,6209,104,2047,1680,21,2891,707,31209,6924,2740,582,103,33991,2805,2921,1843
09780,Oberallgäu,39379,37039,37007,33,2338,5274,2595,2573,4493,6095,5065,5586,3675,1942,2084,5592,32254,99,749,202,294,46,142,1507,539,271,34304,2367,394,9167,17125,7747,43,2357,1022,13,1507,394,21726,7931,7710,1573,435,25612,5550,4533,3682
10041,Regionalverband Saarbrücken,85239,83909,83881,32,1326,12804,16339,16286,13300,9429,6295,5061,3318,1250,1157,9107,72328,224,1124,1679,490,92,197,11154,4860,589,65274,2635,727,48364,19862,2032,16,1277,1474,331,11154,727,51407,16623,13435,2928,854,36532,21054,24721,2931
10042,Merzig-Wadern,38247,37534,37527,4,715,4903,4489,5336,5413,4981,3712,3860,3193,1266,1092,2274,35615,3,80,93,114,26,40,805,862,221,33277,2291,793,10245,20322,2832,13,1846,1330,65,805,793,30204,5562,2121,310,53,26442,4253,5998,1555
10043,Neunkirchen,43232,42614,42612,3,621,7053,7083,7645,6656,4857,3418,2900,2254,751,616,3888,38521,3,112,559,95,6,45,1386,3274,212,36346,1574,434,27939,10380,1365,29,749,680,268,1386,434,29185,9304,4075,553,115,23796,9254,8585,1594
10044,Saarlouis,67680,66610,66610,–,1068,6863,9351,13011,10316,9179,6346,5676,3914,1590,1430,5270,61471,48,332,192,214,57,93,7226,2020,453,54078,3127,777,26936,26227,2542,9,1940,1719,301,7226,777,49403,12176,5233,681,187,34672,10879,18900,3228
10045,Saarpfalz-Kreis,48403,47671,47657,16,726,6541,6864,8588,7325,6589,4418,3765,2571,941,792,4016,43705,3,211,247,129,28,54,1457,2169,234,42312,1715,510,29462,13166,1896,7,997,829,73,1457,510,35207,8927,3563,483,219,27934,10201,8591,1662
10046,St. Wendel,31816,31292,31290,4,524,3677,3909,4910,4603,4593,3494,3102,2016,823,693,2547,28960,–,101,76,84,15,33,629,770,151,28310,1481,476,9188,17026,2264,27,1260,770,180,629,476,23593,6292,1727,163,37,24325,3301,3269,928
11000,"Berlin, Stadt",338663,332436,331791,646,6230,51641,82874,25912,32467,28826,32013,33973,25294,13932,11725,35461,211256,19002,27192,32672,7852,3030,2197,69699,42283,6069,213784,5754,1076,194476,56435,2165,146,9248,4536,885,69699,1076,173165,16912,35538,70940,42109,157350,39963,130235,11119
12051,"Brandenburg an der Havel, Stadt",14092,13869,13850,20,221,2375,4300,698,761,883,737,1735,1439,500,660,378,10515,1693,474,815,100,77,39,2055,1832,654,9063,376,112,9673,985,287,–,601,265,110,2055,112,8843,852,2057,2096,246,6382,1758,5521,431
12052,"Cottbus, Stadt",16074,15752,15713,37,319,1850,3140,662,1132,1540,1046,3220,2110,756,625,763,12224,991,1530,354,98,37,75,3863,1224,497,9652,711,127,8071,1704,291,4,1210,626,174,3863,127,10254,1189,1516,2623,491,9713,1366,4530,466
12053,"Frankfurt (Oder), Stadt",8791,8629,8577,49,165,826,2462,442,428,712,478,1528,1280,312,331,322,6691,815,592,166,121,14,69,2156,944,99,5424,134,34,5799,231,147,–,225,153,39,2156,34,5565,559,909,1467,299,4246,1426,2830,292
12054,"Potsdam, Stadt",23749,23314,23232,82,438,3780,4429,773,699,1512,1628,3451,3464,2278,1732,2064,15058,1858,1798,2015,595,247,116,8201,1381,542,13296,218,115,12331,1025,218,12,1502,271,75,8201,115,13587,1575,3210,4120,1260,11030,3753,8131,833
12060,Barnim,55767,54931,54892,36,839,6682,12020,1641,1494,2994,3459,10377,9921,3335,3849,1426,50287,379,2166,829,420,156,106,6616,6681,764,39214,1996,502,39773,2544,1791,12,2897,1164,470,6616,502,45767,3764,3416,2470,353,43075,5886,5425,1377
12061,Dahme-Spreewald,55213,54176,54158,18,1038,7707,12354,2204,2050,2783,3749,9491,7515,3198,4168,996,50711,429,1439,735,703,106,90,3328,5299,775,42327,2729,759,38784,4181,3010,12,3134,1196,810,3328,759,45605,4364,3095,1814,337,43743,4354,4985,2135
12062,Elbe-Elster,33992,32939,32930,6,1053,8714,9719,2430,2144,2479,2934,3041,1483,425,626,487,31177,906,980,154,186,41,62,1757,2037,358,26235,3018,591,13180,10864,3562,12,1404,1602,1023,1757,591,26306,4222,2195,1189,79,26061,2662,3557,1713
12063,Havelland,50984,50322,50252,71,660,6041,12417,2080,1346,1590,2412,9558,8738,3489,3313,943,46168,712,1367,1129,472,98,95,3374,4204,648,40205,2064,496,33261,6515,1666,19,3663,1400,589,3374,496,41993,3506,3431,1847,203,37903,5979,5914,1190
12064,Märkisch-Oderland,63147,62189,62165,25,958,8219,13172,4200,2195,3215,4365,10996,9911,3410,3456,1006,57847,312,2226,1050,548,49,111,6434,6461,753,46256,2580,661,44883,3673,2196,30,3051,1336,879,6434,661,52873,4133,3530,2379,237,50562,6292,4532,1758
12065,Oberhavel,63899,62961,62947,18,939,7864,15166,2292,1774,2910,4433,11632,10620,3683,3525,1852,57731,1392,1555,515,583,142,132,6757,5995,632,46600,3219,704,40129,7303,2244,36,3861,2022,848,6757,704,51975,4516,4357,2640,419,47007,6950,8075,1868
12066,Oberspreewald-Lausitz,30198,29402,29381,18,797,5809,9230,2362,2329,1658,1980,3447,2069,666,648,551,25766,1223,1828,493,226,16,94,3784,2027,781,21290,1869,449,13993,6918,1827,13,1484,1095,646,3784,449,22480,2850,2360,2232,267,21844,3173,4207,976
12067,Oder-Spree,53945,53076,53071,6,868,8150,11722,3344,2245,3304,3969,8951,7141,2627,2494,1226,48733,991,2182,299,349,50,115,4463,5040,965,41173,1784,522,39951,3243,2345,11,1929,972,498,4463,522,43410,4219,3185,2902,233,41383,5004,5763,1796
12068,Ostprignitz-Ruppin,30099,29389,29370,21,711,8943,6094,1571,1110,1732,2668,3923,2304,902,855,595,27091,393,1296,280,272,59,111,3811,1986,245,21315,2274,466,13579,7310,2245,22,937,1094,635,3811,466,23273,2623,2510,1515,180,20578,4179,4067,1278
12069,Potsdam-Mittelmark,68934,67849,67833,13,1087,12158,15396,1944,1728,2801,4540,12226,10388,4509,3246,1454,63401,563,1520,964,824,55,153,5586,4293,901,54745,2721,693,41871,10127,3396,40,4886,1549,793,5586,693,57684,5486,3727,1751,292,52018,7285,7233,2396
12070,Prignitz,25519,24766,24764,3,752,8278,6162,1662,1175,1267,1716,3014,1317,423,512,318,23243,633,924,107,184,12,96,1903,1890,405,18596,2240,482,13237,5391,2191,61,667,984,598,1903,482,19845,2406,1987,1214,73,16285,4187,4109,941
12071,Spree-Neiße,35061,34208,34191,20,854,6198,8828,2227,2012,2006,2459,6293,3321,877,838,652,31122,903,1511,359,380,33,105,3117,3158,1104,24724,2462,494,17015,6937,2928,12,2110,1302,1144,3117,494,27019,3530,2688,1615,215,27700,2968,3265,1132
12072,Teltow-Fläming,50068,49119,49100,16,951,8008,12177,1777,1551,2090,3378,8846,6571,2305,3373,1069,45456,818,1288,687,572,73,104,3231,4486,690,39403,1736,527,33444,6290,2213,24,2806,964,579,3231,527,40015,3994,3600,2117,339,35400,6139,6615,1915
12073,Uckermark,33140,32275,32248,25,868,6722,6815,3049,2255,2367,2867,4432,2841,890,902,532,28542,896,2288,309,408,34,136,4500,2783,592,21891,2869,507,14552,8334,2442,40,863,1196,706,4500,507,25439,2519,2356,2564,262,22441,4648,4520,1529
13003,Rostock,22951,22491,22440,47,457,2313,4490,1477,1691,1634,1808,3392,3860,1363,930,2281,14104,2472,2623,834,354,201,80,8996,2086,208,11203,315,142,12420,239,67,3,669,391,25,8996,142,11537,1132,2941,5231,2105,7577,3171,11565,636
13004,Schwerin,14658,14331,14322,10,326,2084,2228,495,642,1683,990,2722,1999,980,839,1239,10171,1212,1093,650,191,47,57,5594,966,122,7783,136,54,7841,284,82,–,571,186,41,5594,54,7824,832,2109,3465,430,6534,1830,5948,345
13071,Mecklenburgische Seenplatte,69662,68103,68068,33,1560,12615,12394,5816,3760,5678,5278,12429,7262,2095,2333,2470,60451,1509,3925,618,440,54,191,10675,4707,937,46445,5395,1499,32494,15123,4138,130,1861,2817,922,10675,1499,52573,5577,5880,4822,813,44593,12096,10652,2319
13072,Landkreis Rostock,67033,65639,65619,21,1395,11934,9406,3713,2487,4182,4540,15013,9216,3214,3325,2339,60968,792,1906,353,433,49,196,8054,4941,910,48935,3200,994,39953,9308,3108,36,3013,2007,560,8054,994,52600,5958,5330,2659,485,44168,10555,10398,1907
13073,Vorpommern-Rügen,65264,63768,63717,53,1494,9844,10741,5603,3801,4362,4845,11202,8802,3240,2822,3032,56524,1333,2674,686,693,112,206,7406,4643,728,47027,4283,1171,40398,8017,2610,21,1953,2801,880,7406,1171,48496,5649,6135,3602,1378,42280,11345,9410,2225
13074,Nordwestmecklenburg,46736,45794,45770,24,941,8080,6543,3856,2175,2986,3081,9091,6209,2199,2515,1382,41629,1220,1500,544,306,45,105,4523,2861,963,35705,2018,667,29781,5984,1998,25,2142,1314,300,4523,667,36013,3906,4159,2233,426,29840,7675,7723,1496
13075,Vorpommern-Greifswald,65533,64084,63998,87,1450,12447,12101,6188,3247,4750,4617,9664,7488,2646,2393,2678,56474,1551,3346,631,542,65,239,7443,5250,1162,44712,5669,1298,33701,12538,3648,360,2122,3200,1227,7443,1298,49081,5221,5651,4774,805,43204,9667,10287,2377
13076,Ludwigslust-Parchim,67564,65968,65924,43,1597,16856,11866,4036,2992,4251,4896,12584,5969,1909,2209,1464,62145,809,1875,567,538,46,121,5434,4622,786,52387,3274,1061,39781,12966,4278,131,1996,1314,595,5434,1061,53598,6419,5066,2239,246,48624,9307,7704,1931
14511,"Chemnitz, Stadt",33925,33208,33179,27,719,6613,9664,1166,2027,2215,1699,4931,3072,1299,1230,3485,22704,3410,2152,1495,549,19,113,6770,2371,1167,22804,720,96,21788,2264,694,68,1606,447,195,6770,96,17235,3024,5009,6742,1909,17234,4921,10884,887
14521,Erzgebirgskreis,84723,81684,81666,22,3036,28122,18394,3737,2921,4936,6525,10896,5154,1856,2186,4253,73399,2286,2871,811,678,68,361,4558,6751,1299,66795,4962,360,49084,15820,8132,34,3153,1973,1613,4558,360,48467,17777,13570,4450,463,62196,9523,9369,3636
14522,Mittelsachsen,80239,77655,77614,43,2581,29122,14869,2763,2983,4282,6110,11094,4990,1817,2208,3194,70132,2637,2188,873,879,96,237,4010,7487,1350,60682,6208,498,42833,18154,5825,29,3296,3536,2062,4010,498,53474,11058,10312,4868,523,53882,8976,12501,4883
14523,Vogtlandkreis,60020,58095,58077,16,1926,22378,13374,2295,2341,2913,4075,7106,3135,1138,1273,3285,51848,1692,1870,540,532,16,235,3330,4453,964,46055,4875,343,31830,13163,5611,25,2161,2368,1187,3330,343,38016,9492,7677,4385,456,37644,7365,12840,2173
14524,Zwickau,74527,72290,72257,28,2242,24936,17290,2160,2798,3824,4774,10156,4839,1804,1938,5047,62820,2389,2152,1241,584,27,264,5636,5109,1014,59081,3355,333,43488,15826,3344,17,3133,1602,1149,5636,333,44032,11744,11832,6128,788,44408,11242,15488,3389
14612,"Dresden, Stadt",62188,60679,60610,69,1513,14657,16317,2160,2824,3196,3146,9333,5361,2917,2278,9869,39432,5708,183,5499,1112,111,280,14200,3554,1071,41790,1431,147,38246,4069,1061,12,3079,915,452,14200,147,28881,5194,9784,13196,5138,32687,7944,18040,3519
14625,Bautzen,81756,79348,79329,18,2409,21422,17965,4391,4135,4542,6567,11630,5349,2474,3277,2415,72964,2294,2456,776,532,47,269,5908,5540,1493,60518,7822,476,36331,20338,6149,32,4915,4914,2695,5908,476,58823,11049,6977,4364,547,59549,8130,9849,4229
14626,Görlitz,68358,66190,66168,20,2171,23718,14143,3398,3103,4379,5736,8478,3045,1159,1198,2169,60001,2461,2182,517,643,47,345,5347,5270,982,47689,8566,507,32560,14111,5678,40,2079,4484,3554,5347,507,47667,8270,6830,4903,694,49339,6551,9267,3204
14627,Meißen,60983,59106,59089,19,1875,18764,12697,3011,2545,2940,3822,8379,4830,1888,2112,2997,52931,2021,1807,401,563,70,190,4791,4080,1033,46223,4510,349,30147,14001,3551,26,3640,2912,1566,4791,349,41369,8027,6993,3939,653,41800,7195,8206,3773
14628,Sächsische Schweiz-Osterzgebirge,60840,58879,58851,25,1964,19023,11752,2632,2252,2966,4013,8922,5022,2045,2212,3222,52326,2162,1914,442,513,19,239,3922,4249,965,46987,4428,287,32317,12447,4963,19,3021,2326,1537,3922,287,40254,8565,7802,3610,614,43477,7033,7384,2947
14713,"Leipzig, Stadt",64821,63264,63176,88,1560,15171,17469,1713,2221,3342,3556,9027,6412,3234,2677,9523,40820,4816,3074,4821,1431,100,236,14829,4522,898,43393,1030,150,39390,4781,712,64,3631,1004,266,14829,150,32108,2924,6460,17103,6223,23708,10923,27895,2295
14729,Leipzig,72979,71150,71131,22,1826,18265,14074,3636,3039,4109,4996,12347,6549,2646,3320,3385,64878,1501,1582,854,599,11,174,3875,5896,1378,56363,5009,458,42349,14158,3125,21,4348,3600,1045,3875,458,54131,7343,7107,4019,379,49655,9592,10149,3585
14730,Nordsachsen,55732,54300,54292,9,1433,13160,10710,3126,2710,3807,4876,8694,4364,1675,2604,2184,49632,947,1682,483,584,84,131,3255,4976,966,42068,4173,291,27658,13860,3379,54,3386,2988,857,3255,291,41472,5894,4722,3307,337,37933,6424,8185,3194
15001,"Dessau-Roßlau, Stadt",18663,18385,18365,15,283,2692,7571,1001,822,1123,1206,2346,1257,273,377,1193,15064,843,853,462,196,20,31,3660,1355,233,12734,486,191,11853,1807,286,–,396,318,149,3660,191,13038,1291,1913,2140,285,7187,4721,6351,403
15002,"Halle (Saale), Stadt",30389,29599,29561,40,792,6023,8739,1137,2028,2523,2125,2554,3176,1070,1008,2831,19020,3261,2411,2127,554,71,111,6317,3348,827,19100,627,168,20230,1622,326,9,1115,483,120,6317,168,15252,1730,4633,7209,1565,10482,4460,14750,696
15003,"Magdeburg, Landeshauptstadt",35911,35319,35291,27,594,4735,10927,1754,1797,2231,1982,4919,4273,1701,1588,2972,24236,4089,2000,1821,678,6,97,5749,3854,632,24849,613,217,23681,3210,258,–,1937,776,80,5749,217,21148,2097,5224,5751,1689,15954,5151,13183,1623
15081,Altmarkkreis Salzwedel,27755,27038,27033,3,718,8409,5808,1429,1211,1762,1838,4067,1915,568,749,1302,24693,788,624,134,146,5,58,2323,1726,219,20937,2025,524,16385,3673,2739,51,827,914,321,2323,524,22010,2658,2257,781,53,18377,3598,4489,1290
15082,Anhalt-Bitterfeld,48454,47478,47454,23,977,11921,15772,3152,2364,2872,2536,5027,2687,926,1199,2768,41726,1298,1766,316,474,27,77,3708,4103,751,35654,3280,956,25467,12261,1685,19,1676,1923,759,3708,956,36380,4598,4846,2383,242,24875,9993,11920,1664
15083,Börde,56147,55080,55071,10,1064,15720,10319,2754,1750,2943,3508,10007,5167,1788,2195,2916,50598,763,1158,269,305,18,122,3349,4214,684,43891,3085,930,36067,8708,1988,28,2169,2364,552,3349,930,44883,5195,4254,1639,176,38823,7872,7216,2232
15084,Burgenlandkreis,48834,47547,47545,3,1286,15883,10661,3192,2560,3106,3868,5108,2403,925,1135,4019,40999,1100,1403,671,522,23,102,4815,3266,719,35717,3415,903,19696,16019,2568,25,1939,1997,879,4815,903,33862,5857,5854,2908,355,31714,5504,8707,2911
15085,Harz,62945,61583,61573,11,1364,22468,11298,2847,2501,4079,4714,7517,4356,1471,1688,4028,54272,1507,1912,548,441,133,111,3832,6241,629,47705,3597,945,40457,11249,2572,6,1408,1819,657,3832,945,45384,7265,6726,3016,554,39179,7988,13127,2648
15086,Jerichower Land,30014,29487,29477,7,529,7185,6493,1812,1142,1887,2029,5327,2263,784,1084,1258,27016,559,540,339,172,15,116,2109,1888,285,22948,2241,542,18217,4674,1375,19,1163,1539,372,2109,542,24242,2345,2298,1052,82,20626,3977,4377,1039
15087,Mansfeld-Südharz,45003,44083,44081,4,923,14555,9283,3624,2850,3487,3631,4113,2207,571,678,1989,40093,898,1289,398,256,8,77,2486,3853,589,32472,4594,1012,21132,13571,2956,20,1030,1920,886,2486,1012,35792,4189,3131,1742,146,28842,5180,9264,1720
15088,Saalekreis,56588,55578,55570,6,1014,12410,13000,4452,3033,2798,3187,9835,4677,1352,1846,3409,49473,654,1200,1203,551,19,81,4698,4629,852,41658,3743,1012,24625,18704,1741,33,2738,2274,765,4698,1012,44390,5081,4629,2272,217,36084,8988,9595,1924
15089,Salzlandkreis,56603,55439,55427,11,1162,18504,13933,3229,2602,3233,3491,6215,3305,911,1176,2685,48780,1565,2094,960,412,14,94,4579,5263,660,41337,3664,1097,35446,9926,1373,30,1310,1952,890,4579,1097,42011,4967,6323,3015,281,28518,9276,16816,1994
15090,Stendal,35281,34505,34500,6,773,10945,7415,1910,1288,2346,2409,4827,2445,798,897,1542,31116,909,1087,223,259,11,134,3493,2458,353,25146,3198,628,19461,5422,2445,77,996,2198,559,3493,628,27295,3249,2993,1548,191,21071,5445,7221,1540
15091,Wittenberg,41150,40185,40183,–,963,9965,13284,2129,1913,2994,2951,4217,2171,714,814,2221,35659,684,1353,671,479,10,71,3353,2600,430,30864,3315,588,19056,11393,2425,7,1419,2225,677,3353,588,32014,4246,3084,1666,132,26345,6339,6753,1716
16051,"Erfurt, Stadt",31283,30462,30408,51,825,6302,6567,1400,1544,1760,2213,5049,3649,1483,1319,4179,22431,2096,844,984,455,108,179,4833,3061,594,21608,907,279,20425,2773,529,20,1536,657,232,4833,279,18263,2341,3914,5776,995,13391,4027,12563,1299
16052,"Gera, Stadt",15618,15169,15161,6,452,4010,3131,790,914,1323,1127,2130,1408,445,342,1876,10931,1375,482,588,306,20,40,2430,1194,217,10920,580,277,9422,2098,446,7,496,271,168,2430,277,8394,1335,2674,2690,520,6921,1977,6019,700
16053,"Jena, Stadt",15904,15615,15548,70,287,3187,4529,708,786,677,837,1976,1796,864,551,1893,11035,1310,26,1342,169,12,117,2935,1508,114,10942,315,92,10929,622,294,7,764,214,53,2935,92,8981,1338,2776,2164,649,7336,3234,4719,619
16054,"Suhl, Stadt",8423,8156,8151,3,271,1894,2032,388,549,646,646,1205,662,208,193,712,6699,360,460,71,91,12,13,1034,664,107,5945,503,172,5257,1032,381,–,227,215,108,1034,172,5706,1126,680,783,128,5677,929,1546,273
16055,"Weimar, Stadt",11548,11289,11259,33,260,2834,3294,370,395,787,741,1507,894,283,439,1318,8490,555,748,215,146,12,64,1028,1062,253,8767,342,95,8893,613,263,–,354,220,79,1028,95,6666,893,2344,1442,203,5472,2315,3411,349
16061,Eichsfeld,28945,28108,28099,6,840,6746,4634,1450,1717,2536,3427,3748,2410,1036,1250,2638,24840,501,724,31,110,6,99,1689,1291,259,24008,1208,490,18625,4005,2485,9,907,525,210,1689,490,21942,4251,1638,1034,74,20576,3129,3984,1254
16062,Nordhausen,23193,22519,22503,14,676,5826,6317,1437,1222,1434,1855,2607,1467,471,563,1637,19456,949,717,160,175,5,96,1170,2259,252,17667,1319,528,14763,3871,1430,81,510,480,366,1170,528,17370,2495,1866,1291,176,14527,3549,4264,856
16063,Wartburgkreis,45870,44655,44648,10,1212,10612,10236,3122,2755,3621,3827,6149,3058,1200,1284,4781,38316,993,986,410,254,29,96,2216,3239,399,36196,2686,1131,22755,12476,4043,19,1573,1171,492,2216,1131,32983,6735,3911,2012,229,34243,4168,5769,1684
16064,Unstrut-Hainich-Kreis,31125,30140,30131,7,986,9367,6242,1705,1397,2111,2870,3513,2017,867,1033,2349,26789,569,613,442,221,10,137,1582,2041,162,24271,2268,801,18093,5842,2403,17,1005,953,433,1582,801,23587,3624,2451,1352,112,17545,2894,8901,1787
16065,Kyffhäuserkreis,26263,25511,25508,5,756,7903,5606,1808,1601,2303,2541,2452,1180,385,491,1370,23531,508,580,67,128,23,56,1272,1353,221,19162,3180,1077,10500,8828,2138,18,416,1249,767,1272,1077,21619,2200,1606,782,62,17387,2383,5390,1107
16066,Schmalkalden-Meiningen,40139,39015,39002,14,1124,10827,9152,2249,2236,3109,3853,4591,2287,835,997,3818,34646,494,511,335,215,46,80,1388,3103,349,30896,3202,1194,17434,12605,4184,–,1353,1464,507,1388,1194,30455,5724,2626,1168,162,31030,4344,3335,1421
16067,Gotha,37532,36498,36491,4,1036,11176,7352,1695,1559,2502,3156,5460,2691,947,999,3197,31829,889,919,310,293,10,76,2380,3854,437,27569,2437,851,24160,5108,2121,6,1187,1135,581,2380,851,27228,4594,3593,1964,150,24279,4276,7227,1749
16068,Sömmerda,22657,22092,22085,5,567,6679,4686,1194,1191,1642,1847,2810,1490,478,637,1290,20202,364,538,34,163,14,46,1760,1062,349,15307,3428,754,6924,8025,1480,44,824,2043,808,1760,754,18868,1852,1171,713,52,13275,2043,6202,1137
16069,Hildburghausen,20607,19875,19871,3,734,6160,3816,1154,978,1602,2026,2635,1131,544,561,1935,17842,142,493,32,129,11,27,493,1275,200,16112,1909,623,7735,6544,3440,8,612,783,369,493,623,15627,3203,1359,374,43,16939,1313,1538,815
16070,Ilm-Kreis,29358,28507,28465,47,852,9084,5907,1198,1163,1907,2105,3980,2161,801,1049,2363,25066,486,835,221,275,14,100,1867,2778,296,21718,2126,572,18845,3165,2422,9,1110,835,528,1867,572,20890,3997,2681,1509,277,19820,2975,5238,1324
16071,Weimarer Land,25959,25259,25258,3,696,7955,4365,1029,981,1830,2020,4190,1772,859,951,1720,22923,319,639,133,174,12,35,954,1771,379,19993,2324,533,13088,6334,1988,12,1206,1200,638,954,533,20293,2673,2084,855,46,17336,2019,5039,1561
16072,Sonneberg,17531,16997,16995,3,531,5903,4336,955,808,1175,1160,1834,840,245,271,2096,14618,268,317,123,65,18,26,708,1644,172,13287,1239,486,11307,2343,1801,8,276,373,233,708,486,12117,3171,1551,588,105,13380,2122,1124,904
16073,Saalfeld-Rudolstadt,29939,28949,28941,10,993,9554,6601,2131,1732,1931,2309,3012,1497,604,569,2746,24898,869,964,150,165,27,111,1663,2391,252,22381,2442,816,15156,6102,4065,19,718,889,519,1663,816,21066,4173,3250,1290,161,21220,2786,4458,1468
16074,Saale-Holzland-Kreis,24868,24085,24073,10,785,8195,3660,1197,1266,1861,2067,3411,1762,710,733,1807,21699,387,577,187,124,19,67,1774,1367,340,19008,1883,494,10763,6634,2791,19,1095,887,411,1774,494,18858,2996,1932,961,121,17185,1975,3820,1880
16075,Saale-Orla-Kreis,25949,24781,24774,7,1170,9362,5209,1107,1061,2164,2206,2682,1122,519,518,2049,22335,243,907,99,177,15,127,1161,1360,271,19862,2497,795,9800,7408,4711,19,605,892,564,1161,795,19232,3521,2324,792,84,17645,2187,3907,2212
16076,Greiz,30346,29046,29039,11,1301,11640,5536,1317,1168,1868,2275,3828,1729,485,500,2358,26339,569,631,184,197,4,65,860,1981,526,23435,2699,848,11741,10844,3079,44,1054,1108,767,860,848,21419,4471,3096,1252,103,19496,2961,5108,2782
16077,Altenburger Land,24356,23518,23510,9,838,9245,4779,1035,1138,1783,1898,2499,1077,440,461,1852,19931,622,1115,410,294,76,59,2618,1557,608,17098,1641,838,12068,5725,1157,15,641,861,434,2618,838,16298,2652,3510,1710,186,15464,2564,4529,1800
