id,name,existing_cold_rent_2022_eur_m2,census_vacancy_2022_pct,census_ownership_2022_pct,housing_units_in_buildings_2022,vacant_housing_units_2022,vacant_12mo_plus_2022,vacant_available_3mo_2022,vacant_due_construction_2022,vacant_demolition_2022,vacant_due_sale_2022,vacant_future_selfuse_2022,vacant_other_reason_2022,vacant_12mo_plus_of_vacant_2022_pct,vacant_available_3mo_of_vacant_2022_pct,vacant_available_3mo_of_all_2022_pct
01001,"Flensburg, Stadt",6.96,2.76,24.85,53561,1579,559,981,290,22,48,27,207,35.4,62.13,1.83
01002,"Kiel, Landeshauptstadt",7.64,2.08,25.13,138600,2952,978,2016,460,62,117,81,217,33.13,68.29,1.45
01003,"Lübeck, Hansestadt",7.47,2.82,29.64,121193,3487,1526,1582,1012,142,196,175,375,43.76,45.37,1.31
01004,"Neumünster, Stadt",6.22,3.55,37.28,42000,1557,873,669,426,125,83,55,199,56.07,42.97,1.59
01051,Dithmarschen,6.12,3.41,58.46,72132,2517,1123,944,616,115,239,158,441,44.62,37.5,1.31
01053,Herzogtum Lauenburg,7.41,2.53,51.32,98494,2614,1146,1089,589,131,211,169,434,43.84,41.66,1.11
01054,Nordfriesland,7.71,3.85,53.77,102773,3750,1451,1505,852,171,294,280,645,38.69,40.13,1.46
01055,Ostholstein,7.36,3.65,51.66,122983,4243,1714,1763,900,165,291,326,803,40.4,41.55,1.43
01056,Pinneberg,8.29,2.23,49.27,158921,3717,1567,1643,703,349,336,183,497,42.16,44.2,1.03
01057,Plön,6.91,2.81,58.25,69027,1987,922,734,493,89,143,154,374,46.4,36.94,1.06
01058,Rendsburg-Eckernförde,6.86,2.53,55.94,138901,3641,1593,1447,841,163,304,246,645,43.75,39.74,1.04
01059,Schleswig-Flensburg,6.45,3.06,57.37,103445,3228,1521,1153,874,83,297,211,612,47.12,35.72,1.11
01060,Segeberg,7.93,2.21,51.08,134597,3137,1271,1277,643,295,311,187,428,40.52,40.71,0.95
01061,Steinburg,6.17,3.13,54.52,66862,2229,1106,853,587,111,193,141,347,49.62,38.27,1.28
01062,Stormarn,8.65,2.1,54.58,116880,2604,1049,1144,536,176,245,183,313,40.28,43.93,0.98
02000,"Hamburg, Freie und Hansestadt",9.16,1.92,21.63,985422,19950,6950,10291,5005,1448,950,540,1721,34.84,51.58,1.04
03101,"Braunschweig, Stadt",7.27,3.64,30.5,144288,5389,2176,2897,1181,185,298,205,619,40.38,53.76,2.01
03102,"Salzgitter, Stadt",5.6,7.14,44.06,55430,4074,2074,2651,623,59,230,125,380,50.91,65.07,4.78
03103,"Wolfsburg, Stadt",7.21,5.63,41.87,68329,3959,1338,2517,465,186,229,162,399,33.8,63.58,3.68
03151,Gifhorn,6.41,3.76,65.4,83747,3319,1839,1175,810,124,276,268,668,55.41,35.4,1.4
03153,Goslar,5.52,8.8,48.88,82247,7066,4239,2430,1843,150,562,456,1629,59.99,34.39,2.95
03154,Helmstedt,5.42,7.11,59.05,48797,3586,2274,1389,966,85,300,230,616,63.41,38.73,2.85
03155,Northeim,5.03,6.81,56.56,69523,4868,3138,1376,1091,80,355,481,1482,64.46,28.27,1.98
03157,Peine,6.05,4.14,62.09,65700,2821,1550,965,682,62,247,248,615,54.95,34.21,1.47
03158,Wolfenbüttel,6.23,4.81,56.93,61464,3067,1797,978,869,105,302,218,593,58.59,31.89,1.59
03159,Göttingen,7.07,5.18,44.39,182627,9710,5443,3493,2643,180,675,746,1968,56.06,35.97,1.91
03241,Region Hannover,7.21,3.46,37.81,610524,21769,9067,10427,4557,513,1586,1337,3350,41.65,47.9,1.71
03251,Diepholz,6.15,3.62,60.76,106097,4038,2057,1387,836,177,386,358,897,50.94,34.35,1.31
03252,Hameln-Pyrmont,5.22,5.64,50.58,81234,4768,2864,1577,1161,104,396,443,1088,60.07,33.07,1.94
03254,Hildesheim,5.86,4.61,48.61,143087,6849,3782,2551,1611,123,508,614,1448,55.22,37.25,1.78
03255,Holzminden,4.56,7.85,57.76,37453,3043,2095,755,764,54,284,364,822,68.85,24.81,2.02
03256,Nienburg (Weser),5.38,4.31,58.22,58480,2629,1516,787,655,75,250,231,632,57.66,29.94,1.35
03257,Schaumburg,5.63,5.22,56.4,81237,4329,2672,1208,1096,100,347,489,1094,61.72,27.9,1.49
03351,Celle,6.04,5.18,57.61,90653,4995,2713,2121,1189,232,341,303,811,54.31,42.46,2.34
03352,Cuxhaven,5.94,4.07,59.08,105223,4389,2254,1595,1099,159,359,334,838,51.36,36.34,1.52
03353,Harburg,8.17,2.94,58.13,128051,3878,1643,1538,833,176,342,285,704,42.37,39.66,1.2
03354,Lüchow-Dannenberg,4.75,5.32,59.61,26978,1515,939,436,432,30,115,129,372,61.98,28.78,1.62
03355,Lüneburg,7.8,3.32,48.92,92784,3166,1538,1230,1005,75,232,202,429,48.58,38.85,1.33
03356,Osterholz,6.66,3.04,65.97,55031,1838,837,737,348,74,154,146,381,45.54,40.1,1.34
03357,Rotenburg (Wümme),6.04,3.51,60.4,79646,2926,1586,979,694,146,203,271,646,54.2,33.46,1.23
03358,Heidekreis,5.82,4.05,54.16,71540,3001,1632,1049,718,198,198,225,617,54.38,34.96,1.47
03359,Stade,7.33,2.93,53.87,101752,3122,1390,1209,733,181,233,201,569,44.52,38.73,1.19
03360,Uelzen,5.73,4.79,54.06,49584,2505,1390,773,706,93,203,232,501,55.49,30.86,1.56
03361,Verden,6.56,3.54,59.46,66335,2422,1162,978,476,109,206,201,451,47.98,40.38,1.47
03401,"Delmenhorst, Stadt",6.34,3.48,45.51,40065,1435,679,658,215,86,96,84,289,47.32,45.85,1.64
03402,"Emden, Stadt",6.13,4.11,45.71,27429,1145,384,585,265,33,70,43,147,33.54,51.09,2.13
03403,"Oldenburg (Oldenburg), Stadt",7.79,2.75,36.3,96841,2879,918,1543,520,127,195,138,358,31.89,53.59,1.59
03404,"Osnabrück, Stadt",7.3,3.08,31.15,91260,2827,1147,1300,694,95,150,177,412,40.57,45.99,1.42
03405,"Wilhelmshaven, Stadt",5.69,6.73,29.46,46923,3175,1191,1948,741,19,75,56,340,37.51,61.35,4.15
03451,Ammerland,6.65,3,58.88,62446,1944,1025,625,494,114,181,140,393,52.73,32.15,1.0
03452,Aurich,6.54,3.99,63.23,103372,4093,1850,1528,957,208,317,274,805,45.2,37.33,1.48
03453,Cloppenburg,5.87,2.43,58.56,73480,1915,925,718,398,111,114,185,399,48.3,37.49,0.98
03454,Emsland,5.89,2.69,61.89,149943,4296,2086,1581,867,218,326,348,956,48.56,36.8,1.05
03455,Friesland,5.9,3.57,59.07,55191,1986,838,763,464,76,175,140,369,42.2,38.42,1.38
03456,Grafschaft Bentheim,6.05,2.36,64.4,65504,1651,707,612,344,66,159,151,312,42.82,37.07,0.93
03457,Leer,6.11,3.6,61.22,85643,3315,1586,1205,776,192,302,233,609,47.84,36.35,1.41
03458,Oldenburg,6.36,2.95,59.8,62523,1950,889,712,437,67,179,157,408,45.59,36.51,1.14
03459,Osnabrück,5.71,3.4,55.63,165790,5912,3321,1733,1432,239,357,692,1460,56.17,29.31,1.05
03460,Vechta,6.36,2.11,55.96,63317,1505,639,525,371,90,93,150,281,42.46,34.88,0.83
03461,Wesermarsch,5.28,4.18,56.7,46540,2004,1061,726,511,67,167,136,397,52.94,36.23,1.56
03462,Wittmund,6.35,5.21,62.25,31761,1641,698,646,378,47,110,144,317,42.54,39.37,2.03
04011,"Bremen, Stadt",7.75,3.22,36.96,300020,9827,3247,5381,1696,149,885,424,1296,33.04,54.76,1.79
04012,"Bremerhaven, Stadt",5.58,5.84,30.12,64777,3825,1575,2019,927,47,167,92,575,41.18,52.78,3.12
05111,"Düsseldorf, Stadt",9.24,2.91,22.07,349605,10471,4088,5548,2680,308,577,343,1015,39.04,52.98,1.59
05112,"Duisburg, Stadt",5.84,4.17,26.58,258348,11113,5440,5391,2423,421,552,450,1878,48.95,48.51,2.09
05113,"Essen, Stadt",6.72,3.94,26.05,316150,12652,5010,7471,2520,241,636,466,1315,39.6,59.05,2.36
05114,"Krefeld, Stadt",6.66,4.01,35.95,122546,5138,2423,2219,1385,77,377,215,862,47.16,43.19,1.81
05116,"Mönchengladbach, Stadt",6.41,3.74,37.31,139999,5435,2523,2489,1182,171,464,252,872,46.42,45.8,1.78
05117,"Mülheim an der Ruhr, Stadt",6.5,3.69,34.22,90500,3397,1458,1621,720,129,263,192,477,42.92,47.72,1.79
05119,"Oberhausen, Stadt",5.73,3.67,31.89,111530,4224,1902,2039,803,94,348,247,690,45.03,48.27,1.83
05120,"Remscheid, Stadt",5.78,4.83,36.2,58291,2873,1568,1139,695,56,214,150,618,54.58,39.64,1.95
05122,"Solingen, Klingenstadt",6.38,3.81,37.17,83726,3304,1759,1347,919,129,212,189,505,53.24,40.77,1.61
05124,"Wuppertal, Stadt",6.1,4.26,29.38,191758,8313,3991,3928,2182,131,464,357,1244,48.01,47.25,2.05
05154,Kleve,6.3,2.58,51.15,153198,4158,2134,1426,1025,153,405,334,810,51.32,34.3,0.93
05158,Mettmann,7.21,2.84,43.46,250459,7406,3235,3477,1564,265,554,477,1064,43.68,46.95,1.39
05162,Rhein-Kreis Neuss,7.42,2.55,47.79,222763,5851,2582,2356,1189,317,586,440,963,44.13,40.27,1.06
05166,Viersen,6.42,2.69,52.06,147274,4174,2138,1579,995,214,404,293,686,51.22,37.83,1.07
05170,Wesel,6.16,2.94,47.44,227507,6937,3400,3055,1520,170,543,536,1111,49.01,44.04,1.34
05314,"Bonn, Stadt",9.09,2.82,29.62,176968,5085,1783,2598,1153,130,363,247,588,35.06,51.09,1.47
05315,"Köln, Stadt",9.39,2.46,24.68,567401,14233,5174,6886,4049,770,742,393,1395,36.35,48.38,1.21
05316,"Leverkusen, Stadt",7.03,2.48,32.7,84018,2113,826,933,531,60,170,131,289,39.09,44.16,1.11
05334,Städteregion Aachen,7.2,3.13,35.34,299829,9670,4486,4290,2666,255,583,517,1372,46.39,44.36,1.43
05358,Düren,6.1,2.85,51.98,131475,3907,2105,1294,1053,179,374,295,709,53.88,33.12,0.98
05362,Rhein-Erft-Kreis,7.67,2.41,50.75,229405,5629,2585,2197,1346,351,531,370,839,45.92,39.03,0.96
05366,Euskirchen,6.11,4.1,58.57,97053,4126,2093,1187,1414,150,265,294,816,50.73,28.77,1.22
05370,Heinsberg,6.08,3.03,55.46,124264,3934,2104,1097,1034,363,382,301,763,53.48,27.89,0.88
05374,Oberbergischer Kreis,5.84,4.07,54.73,132931,5526,3244,1655,1261,134,424,497,1548,58.7,29.95,1.25
05378,Rheinisch-Bergischer Kreis,7.49,3,51.75,140815,4429,2061,1671,1082,191,329,362,794,46.53,37.73,1.19
05382,Rhein-Sieg-Kreis,7.25,2.47,52.82,289813,7397,3719,2528,1832,265,712,653,1407,50.28,34.18,0.87
05512,"Bottrop, Stadt",6.1,3.08,37.48,59570,1889,868,852,409,55,212,121,232,45.95,45.1,1.43
05513,"Gelsenkirchen, Stadt",5.47,5.31,23.72,137189,7398,3566,4092,1582,193,375,235,912,48.2,55.31,2.98
05515,"Münster, Stadt",8.71,1.98,29.16,166045,3397,1177,1798,742,91,227,166,375,34.65,52.93,1.08
05554,Borken,6.26,2.49,57.31,169101,4350,2048,1545,854,307,323,477,845,47.08,35.52,0.91
05558,Coesfeld,6.21,2.22,55.29,102519,2385,1147,810,490,113,187,254,528,48.09,33.96,0.79
05562,Recklinghausen,5.88,3.34,40.6,314918,10757,5019,4950,2235,262,764,760,1789,46.66,46.02,1.57
05566,Steinfurt,5.96,2.46,56.04,205222,5344,2707,1663,1128,268,428,622,1239,50.65,31.12,0.81
05570,Warendorf,5.92,2.74,54.28,130408,3719,2022,1219,877,117,317,399,786,54.37,32.78,0.93
05711,"Bielefeld, Stadt",7.12,3.08,33.26,172479,5554,2323,2670,1153,195,345,385,803,41.83,48.07,1.55
05754,Gütersloh,6.22,2.98,51.14,168770,5177,2769,1612,1147,240,371,622,1184,53.49,31.14,0.96
05758,Herford,5.54,4.24,53.8,122104,5363,3245,1430,1218,131,461,696,1428,60.51,26.66,1.17
05762,Höxter,4.76,4.67,60.46,68161,3342,2143,909,825,79,261,431,839,64.12,27.2,1.33
05766,Lippe,5.67,4.81,52.06,173836,8571,5195,2512,1879,218,662,843,2460,60.61,29.31,1.45
05770,Minden-Lübbecke,5.75,3.75,54.36,149952,5944,3502,1821,1351,174,487,701,1411,58.92,30.64,1.21
05774,Paderborn,6.27,3.28,47.54,149055,4926,2490,1851,1063,204,258,523,1029,50.55,37.58,1.24
05911,"Bochum, Stadt",6.25,3.59,28.49,197473,7150,3084,3943,1475,154,425,342,809,43.13,55.15,2.0
05913,"Dortmund, Stadt",6.45,3.3,27.02,318781,10623,4443,5666,2489,186,565,443,1274,41.82,53.34,1.78
05914,"Hagen, Stadt der FernUniversität",5.39,5.83,28.43,101079,6005,3195,2916,1224,229,263,247,1126,53.21,48.56,2.88
05915,"Hamm, Stadt",5.75,2.8,39.42,87152,2568,1112,1191,522,45,190,186,432,43.3,46.38,1.37
05916,"Herne, Stadt",5.71,4.42,27.55,82502,3708,1934,1845,871,42,164,185,601,52.16,49.76,2.24
05954,Ennepe-Ruhr-Kreis,5.92,3.81,37.67,169015,6566,3352,2713,1758,238,344,465,1045,51.05,41.32,1.61
05958,Hochsauerlandkreis,5.17,4.61,54.57,133092,6171,3856,1623,1449,223,442,866,1559,62.49,26.3,1.22
05962,Märkischer Kreis,5.51,4.91,44.48,209987,10588,6010,3858,2407,381,724,892,2328,56.76,36.44,1.84
05966,Olpe,5.75,3.71,58.99,63024,2372,1412,643,574,62,152,384,560,59.53,27.11,1.02
05970,Siegen-Wittgenstein,6.25,4.19,54.57,137998,5865,3255,1952,1217,121,462,710,1405,55.5,33.28,1.41
05974,Soest,5.75,3.36,52.11,147054,5128,2859,1691,1189,137,394,541,1173,55.75,32.98,1.15
05978,Unna,5.74,3.07,43.05,198138,6264,3110,2482,1282,158,476,511,1351,49.65,39.62,1.25
06411,"Darmstadt, Wissenschaftsstadt",9.56,3.42,29.48,85418,3073,1122,1633,724,108,140,140,331,36.51,53.14,1.91
06412,"Frankfurt am Main, Stadt",10.58,3.07,20.14,402826,12893,4574,7652,2645,274,805,355,1167,35.48,59.35,1.9
06413,"Offenbach am Main, Stadt",8.76,3.69,22.38,66935,2491,823,1468,435,44,152,92,304,33.04,58.93,2.19
06414,"Wiesbaden, Landeshauptstadt",9.21,3.27,27.29,150388,5027,1951,2790,1101,131,230,166,606,38.81,55.5,1.86
06431,Bergstraße,7.12,3.72,56.04,130530,4962,2960,1324,1205,132,425,666,1209,59.65,26.68,1.01
06432,Darmstadt-Dieburg,7.96,3.39,56.77,140418,4867,2705,1487,1177,115,402,561,1128,55.58,30.55,1.06
06433,Groß-Gerau,8.29,3.34,47.51,127625,4317,2023,1637,892,132,372,414,875,46.86,37.92,1.28
06434,Hochtaunuskreis,9.23,3.27,50.42,116461,3873,1706,1763,718,84,304,329,669,44.05,45.52,1.51
06435,Main-Kinzig-Kreis,7.31,4.07,54.1,204062,8480,4688,2998,1776,124,748,1000,1829,55.28,35.35,1.47
06436,Main-Taunus-Kreis,9.25,3.14,49.8,116530,3771,1560,1689,733,93,317,286,648,41.37,44.79,1.45
06437,Odenwaldkreis,6.21,4.86,61.87,46745,2333,1537,535,598,45,176,328,655,65.88,22.93,1.14
06438,Offenbach,8.58,3.21,46.32,172118,5594,2351,2427,1092,136,446,504,990,42.03,43.39,1.41
06439,Rheingau-Taunus-Kreis,7.71,3.65,55.47,92945,3504,1736,1327,860,45,233,323,714,49.54,37.87,1.43
06440,Wetteraukreis,7.68,3.5,56.53,147040,5296,2819,1793,1232,124,420,660,1066,53.23,33.86,1.22
06531,Gießen,7.42,3.91,46.23,136211,5561,2977,2004,1345,92,362,622,1136,53.53,36.04,1.47
06532,Lahn-Dill-Kreis,6.33,4.1,60.12,121744,5068,2920,1425,1228,67,405,713,1229,57.62,28.12,1.17
06533,Limburg-Weilburg,6.1,4.15,59.43,82986,3572,2185,949,950,72,283,488,832,61.17,26.57,1.14
06534,Marburg-Biedenkopf,7.33,3.52,52.51,120753,4398,2474,1364,1017,53,291,554,1128,56.25,31.01,1.13
06535,Vogelsbergkreis,5.13,5.11,67,51437,2736,1873,629,703,47,252,343,760,68.46,22.99,1.22
06611,"Kassel, documenta-Stadt",6.77,4.09,25.94,110581,4656,1822,2535,940,124,273,236,548,39.13,54.45,2.29
06631,Fulda,6.13,5.1,53.83,110124,5741,3666,1449,1466,121,288,759,1649,63.86,25.24,1.32
06632,Hersfeld-Rotenburg,5.36,5.22,61.94,60026,3230,2096,818,729,62,275,432,917,64.89,25.33,1.36
06633,Kassel,5.78,4.59,61.1,117024,5498,3325,1482,1326,71,481,697,1442,60.48,26.96,1.27
06634,Schwalm-Eder-Kreis,5.26,5.14,64.15,88807,4668,3043,1096,1096,85,415,673,1296,65.19,23.48,1.23
06635,Waldeck-Frankenberg,5.08,4.65,58.87,80129,3770,2277,971,909,57,326,517,996,60.4,25.76,1.21
06636,Werra-Meißner-Kreis,4.81,5.66,59.3,51840,3025,1884,849,755,43,290,319,773,62.28,28.07,1.64
07111,"Koblenz, kreisfreie Stadt",7.45,4.2,30.55,63391,2683,1286,1063,715,82,184,184,454,47.93,39.62,1.68
07131,Ahrweiler,6.34,6.67,55.19,68729,4554,1750,1192,1573,164,217,323,1084,38.43,26.17,1.73
07132,Altenkirchen (Westerwald),5.22,4.81,63.6,64794,3262,1907,1023,855,42,283,320,737,58.46,31.36,1.58
07133,Bad Kreuznach,6.1,4.45,56.32,82345,3921,2473,1094,1044,106,400,373,907,63.07,27.9,1.33
07134,Birkenfeld,4.78,6.28,61.04,43924,2788,1844,782,628,42,306,208,825,66.14,28.05,1.78
07135,Cochem-Zell,5.11,6.18,65.97,33110,2106,1477,481,592,58,163,182,631,70.13,22.84,1.45
07137,Mayen-Koblenz,5.88,4.62,55.54,110012,5216,3046,1487,1401,128,428,527,1248,58.4,28.51,1.35
07138,Neuwied,5.91,4.3,56.4,92132,4111,2359,1206,1111,83,364,451,900,57.38,29.34,1.31
07140,Rhein-Hunsrück-Kreis,5.34,6.18,61.34,54345,3381,2341,743,792,133,243,312,1159,69.24,21.98,1.37
07141,Rhein-Lahn-Kreis,5.56,5.54,57.77,64132,3635,2283,948,1008,75,343,407,861,62.81,26.08,1.48
07143,Westerwaldkreis,5.66,4.21,63.85,100072,4379,2586,1251,1028,102,342,542,1112,59.05,28.57,1.25
07211,"Trier, kreisfreie Stadt",7.92,5.65,30.37,62985,3540,1639,1410,1009,120,219,182,601,46.3,39.83,2.24
07231,Bernkastel-Wittlich,5.75,5.7,61.93,60171,3645,2340,910,1089,104,316,293,929,64.2,24.97,1.51
07232,Eifelkreis Bitburg-Prüm,6.19,6.05,63.24,53183,3282,2049,751,976,94,261,303,901,62.43,22.88,1.41
07233,Vulkaneifel,5.21,5.74,65.72,33144,1892,1195,436,538,43,169,188,518,63.16,23.04,1.32
07235,Trier-Saarburg,6.59,4.74,65.76,74333,3652,2286,922,998,133,333,354,913,62.6,25.25,1.24
07311,"Frankenthal (Pfalz), kreisfreie Stadt",7.12,3.24,47.65,23925,789,384,285,206,14,91,63,139,48.67,36.12,1.19
07312,"Kaiserslautern, kreisfreie Stadt",6.52,4.64,33.4,58723,2805,1387,1377,673,47,191,135,381,49.45,49.09,2.34
07313,"Landau in der Pfalz, kreisfreie Stadt",7.8,3.44,42.55,25943,926,454,366,302,15,53,55,133,49.03,39.52,1.41
07314,"Ludwigshafen am Rhein, kreisfreie Stadt",7.31,3.24,34.3,86264,2906,1345,1185,726,122,285,162,423,46.28,40.78,1.37
07315,"Mainz, kreisfreie Stadt",9.73,2.86,30.69,121260,3492,1510,1639,847,69,202,266,470,43.24,46.94,1.35
07316,"Neustadt an der Weinstraße, kreisfreie Stadt",6.85,4.8,47.09,28093,1417,838,416,428,25,129,118,297,59.14,29.36,1.48
07317,"Pirmasens, kreisfreie Stadt",4.62,10.02,38.94,24122,2471,1675,740,748,54,210,172,546,67.79,29.95,3.07
07318,"Speyer, kreisfreie Stadt",7.2,3.47,41.32,26309,948,432,329,288,4,76,91,161,45.57,34.7,1.25
07319,"Worms, kreisfreie Stadt",6.91,4.17,41.24,44009,2000,1076,585,622,173,173,133,316,53.8,29.25,1.33
07320,"Zweibrücken, kreisfreie Stadt",5.18,6.12,47.99,18159,1121,729,372,314,29,65,112,236,65.03,33.18,2.05
07331,Alzey-Worms,6.52,3.98,64.42,61870,2612,1649,638,624,113,242,271,728,63.13,24.43,1.03
07332,Bad Dürkheim,6.76,4.55,62.93,67764,3183,2024,778,888,138,325,303,753,63.59,24.44,1.15
07333,Donnersbergkreis,5.65,5.39,65.58,37113,2088,1445,455,584,44,205,246,556,69.2,21.79,1.23
07334,Germersheim,7.07,3.73,60.22,62201,2408,1400,601,624,85,244,215,640,58.14,24.96,0.97
07335,Kaiserslautern,6.5,5.53,60.04,58138,3260,1865,947,775,78,305,346,812,57.21,29.05,1.63
07336,Kusel,5.49,6.79,70.15,37085,2616,1824,580,588,64,300,323,759,69.72,22.17,1.56
07337,Südliche Weinstraße,6.55,5.2,63.9,56748,3054,1863,746,848,125,361,240,734,61.0,24.43,1.31
07338,Rhein-Pfalz-Kreis,6.91,3.56,64.99,74069,2728,1499,782,620,100,310,287,627,54.95,28.67,1.06
07339,Mainz-Bingen,7.61,4.4,58,104671,4797,2727,1518,1139,133,423,491,1093,56.85,31.64,1.45
07340,Südwestpfalz,4.99,6.2,72.63,48237,3055,2121,561,738,65,312,437,942,69.43,18.36,1.16
08111,"Stuttgart, Stadtkreis",10.39,3.46,31.15,314432,11152,4179,5473,2836,456,761,502,1124,37.47,49.08,1.74
08115,Böblingen,9.11,3.89,56.04,186147,7484,3847,2529,1490,473,699,706,1585,51.4,33.79,1.36
08116,Esslingen,8.89,3.83,52.65,259395,10254,5010,3596,2172,637,1018,937,1898,48.86,35.07,1.39
08117,Göppingen,7.26,4.68,57.96,123780,6002,3548,1664,1304,249,573,753,1464,59.11,27.72,1.34
08118,Ludwigsburg,8.88,3.96,55.59,258861,10793,5564,3605,2454,520,1076,1035,2101,51.55,33.4,1.39
08119,Rems-Murr-Kreis,8.18,3.87,55.81,206728,8294,4425,2520,1810,452,793,878,1839,53.35,30.38,1.22
08121,"Heilbronn, Stadtkreis",8.49,4.02,43.24,63711,2641,1188,1111,548,102,285,161,432,44.98,42.07,1.74
08125,Heilbronn,7.61,4.46,62.04,162815,7588,4368,2084,1789,397,726,854,1742,57.56,27.46,1.28
08126,Hohenlohekreis,6.86,4.57,62.16,53722,2590,1611,638,592,174,195,334,659,62.2,24.63,1.19
08127,Schwäbisch Hall,6.72,4.93,61.36,94306,4857,2924,1292,1107,273,378,578,1229,60.2,26.6,1.37
08128,Main-Tauber-Kreis,6.03,6.08,60.91,67127,4245,2918,898,973,200,331,559,1285,68.74,21.15,1.34
08135,Heidenheim,6.83,4.72,59.01,63505,3126,1802,946,624,114,302,359,782,57.65,30.26,1.49
08136,Ostalbkreis,6.97,4.83,60.97,150847,7570,4727,1705,1691,482,640,1008,2049,62.44,22.52,1.13
08211,"Baden-Baden, Stadtkreis",7.83,5.22,40.95,31188,1700,894,660,393,33,148,127,343,52.59,38.82,2.12
08212,"Karlsruhe, Stadtkreis",8.46,3.21,29.08,161422,5432,2346,2413,1424,422,333,235,602,43.19,44.42,1.49
08215,Karlsruhe,7.37,4.12,58.31,215332,9197,5395,2409,2314,379,827,1059,2209,58.66,26.19,1.12
08216,Rastatt,6.99,4.5,57.06,113432,5244,3081,1305,1291,169,515,644,1313,58.75,24.89,1.15
08221,"Heidelberg, Stadtkreis",10.02,3.37,25.89,80996,2928,1163,1288,911,86,135,131,377,39.72,43.99,1.59
08222,"Mannheim, Stadtkreis",8.39,4.54,27.54,172570,7792,3584,2924,2433,423,407,301,1301,46.0,37.53,1.69
08225,Neckar-Odenwald-Kreis,5.97,5.46,64.44,70080,3985,2601,870,984,152,403,488,1087,65.27,21.83,1.24
08226,Rhein-Neckar-Kreis,7.59,4.21,53.47,271621,11671,6613,3509,2884,459,1105,1241,2469,56.66,30.07,1.29
08231,"Pforzheim, Stadtkreis",7.36,3.72,35.08,63751,2471,1102,1072,599,62,194,167,375,44.6,43.38,1.68
08235,Calw,6.98,6,60.14,80537,5002,3146,1313,1084,232,481,582,1312,62.89,26.25,1.63
08236,Enzkreis,7.02,4.85,64.05,93983,4859,3107,1104,1321,238,476,573,1148,63.94,22.72,1.17
08237,Freudenstadt,6.49,5.63,60.15,60415,3527,2227,861,793,184,302,457,936,63.14,24.41,1.43
08311,"Freiburg im Breisgau, Stadtkreis",9.74,2.37,27.6,117784,2983,977,1426,794,107,147,116,392,32.75,47.8,1.21
08315,Breisgau-Hochschwarzwald,8.01,3.39,52.08,131862,4558,2370,1440,1167,181,329,491,950,52.0,31.59,1.09
08316,Emmendingen,7.54,3.4,54.53,80452,2856,1626,830,724,141,182,308,665,56.93,29.06,1.03
08317,Ortenaukreis,6.75,4.2,53.64,210349,9109,5201,2404,2444,381,605,1103,2171,57.1,26.39,1.14
08325,Rottweil,6.14,5.77,62.51,68934,4246,2820,886,1052,283,351,500,1170,66.42,20.87,1.29
08326,Schwarzwald-Baar-Kreis,6.7,5.01,52.38,109060,5717,3301,1581,1457,263,496,608,1318,57.74,27.65,1.45
08327,Tuttlingen,6.78,4.4,61.33,67152,3140,1886,811,698,119,340,349,825,60.06,25.83,1.21
08335,Konstanz,8.69,3.19,44.75,148234,4735,2400,1544,1212,258,376,466,878,50.69,32.61,1.04
08336,Lörrach,8.22,4.05,50.81,116361,4838,2395,1642,1188,267,404,423,918,49.5,33.94,1.41
08337,Waldshut,7.05,5.23,54.63,86667,4612,2589,1305,1160,153,405,527,1062,56.14,28.3,1.51
08415,Reutlingen,7.85,3.98,57.82,138153,5819,3255,1657,1327,367,515,601,1354,55.94,28.48,1.2
08416,Tübingen,9.2,3.5,50.88,109715,3963,2224,1280,918,264,300,351,848,56.12,32.3,1.17
08417,Zollernalbkreis,6.63,5.26,66.16,92885,5297,3428,1337,1154,360,567,555,1326,64.72,25.24,1.44
08421,"Ulm, Stadtkreis",8.48,3.2,35.21,64450,2167,903,914,472,164,129,114,370,41.67,42.18,1.42
08425,Alb-Donau-Kreis,7.11,4.82,64.11,91444,4579,2944,1013,1164,268,339,562,1236,64.29,22.12,1.11
08426,Biberach,7.04,4.63,61.83,95484,4742,2911,1199,1114,406,308,519,1199,61.39,25.28,1.26
08435,Bodenseekreis,8.5,3.87,49.9,114185,4427,2149,1473,1086,267,335,363,899,48.54,33.27,1.29
08436,Ravensburg,7.72,3.48,54.59,135583,5012,2634,1502,1241,357,342,533,1035,52.55,29.97,1.11
08437,Sigmaringen,6.24,4.47,61.21,62467,3000,1883,737,711,185,280,338,745,62.77,24.57,1.18
09161,Ingolstadt,9.16,3.84,37.87,71751,2785,1220,1313,459,122,169,222,499,43.81,47.15,1.83
09162,"München, Landeshauptstadt",12.89,2.43,23.95,824103,22403,7058,11815,5558,955,1382,753,1936,31.5,52.74,1.43
09163,Rosenheim,9.09,1.99,30.34,33254,716,332,264,149,83,25,61,135,46.37,36.87,0.79
09171,Altötting,6.36,3.73,54.43,54162,2081,1223,577,468,113,141,241,542,58.77,27.73,1.07
09172,Berchtesgadener Land,7.39,3.81,44.68,54827,2162,1159,644,515,209,140,205,453,53.61,29.79,1.17
09173,Bad Tölz-Wolfratshausen,9.18,2.94,46.47,63167,1921,966,648,476,105,113,201,380,50.29,33.73,1.03
09174,Dachau,10.09,2.73,50.61,69946,1992,1034,580,505,123,115,222,450,51.91,29.12,0.83
09175,Ebersberg,10.56,2.87,50.95,65550,1947,869,849,379,114,148,119,334,44.63,43.61,1.3
09176,Eichstätt,8.02,4.9,66.98,60007,2984,1919,680,628,188,144,388,956,64.31,22.79,1.13
09177,Erding,9.3,3.4,52.32,62923,2244,1204,759,498,134,88,284,482,53.65,33.82,1.21
09178,Freising,10.15,3.29,45.54,86607,3358,1670,1160,1025,182,161,263,572,49.73,34.54,1.34
09179,Fürstenfeldbruck,10.53,2.72,50.61,102693,2870,1271,1084,528,161,271,271,552,44.29,37.77,1.06
09180,Garmisch-Partenkirchen,8.89,4.42,42.46,50620,2193,1114,754,620,118,70,217,406,50.8,34.38,1.49
09181,Landsberg am Lech,8.54,3.47,56.51,56815,2083,1230,576,526,134,122,211,511,59.05,27.65,1.01
09182,Miesbach,9.58,4.3,48.15,51938,2254,1132,754,638,118,110,204,426,50.22,33.45,1.45
09183,Mühldorf a.Inn,6.78,3.73,56.12,55304,2159,1286,596,462,147,130,207,617,59.56,27.61,1.08
09184,München,11.74,2.6,46.39,166531,4476,1712,2202,800,254,344,251,623,38.25,49.2,1.32
09185,Neuburg-Schrobenhausen,7.49,4.19,62.09,45015,1960,1219,430,427,163,115,240,589,62.19,21.94,0.96
09186,Pfaffenhofen a.d.Ilm,8.1,4.11,57.56,59036,2499,1604,515,592,263,131,359,635,64.19,20.61,0.87
09187,Rosenheim,8.45,3.57,52.88,125122,4590,2402,1447,1249,337,217,443,895,52.33,31.53,1.16
09188,Starnberg,10.9,2.96,48.61,67579,2083,958,759,475,221,126,152,353,45.99,36.44,1.12
09189,Traunstein,7.2,4.2,54.8,88446,3816,2168,1030,976,266,192,428,925,56.81,26.99,1.16
09190,Weilheim-Schongau,8.06,3.82,53.33,66773,2657,1525,720,743,125,146,299,619,57.4,27.1,1.08
09261,Landshut,8.2,4.15,35.78,37989,1705,673,652,508,48,86,114,300,39.47,38.24,1.72
09262,Passau,8.03,5.66,32.22,33158,1894,808,930,332,46,123,110,350,42.66,49.1,2.8
09263,Straubing,6.64,4.28,33.54,25395,1132,641,392,291,46,55,74,275,56.63,34.63,1.54
09271,Deggendorf,6.42,4.7,57.66,60551,2908,1806,710,628,235,171,351,810,62.1,24.42,1.17
09272,Freyung-Grafenau,4.93,6.94,71.46,39755,2767,1961,503,657,130,189,397,889,70.87,18.18,1.27
09273,Kelheim,7.05,4.36,61.67,56758,2615,1607,647,520,178,167,321,785,61.45,24.74,1.14
09274,Landshut,6.91,3.71,62.83,72315,2797,1699,651,611,196,163,358,818,60.74,23.27,0.9
09275,Passau,5.83,5.19,64.96,95138,5146,3222,1171,1177,260,346,672,1524,62.61,22.76,1.23
09276,Regen,4.97,7.24,64.99,40386,3011,2118,535,690,144,143,485,1025,70.34,17.77,1.32
09277,Rottal-Inn,5.76,4.61,64.52,56680,2809,1851,653,673,197,207,305,776,65.9,23.25,1.15
09278,Straubing-Bogen,5.77,4.78,68.66,46041,2345,1588,491,472,210,113,307,749,67.72,20.94,1.07
09279,Dingolfing-Landau,6.32,3.94,62.93,45313,1928,1163,507,402,152,125,226,520,60.32,26.3,1.12
09361,Amberg,6.36,4.8,38.78,23857,1147,635,348,394,37,58,98,211,55.36,30.34,1.46
09362,Regensburg,9.38,2.89,23.13,92661,2666,1149,1221,589,135,121,189,409,43.1,45.8,1.32
09363,Weiden i.d.OPf.,5.95,5.7,35.32,24573,1447,815,446,449,25,91,137,303,56.32,30.82,1.82
09371,Amberg-Sulzbach,5.4,6.24,67.83,50906,3258,2329,565,902,155,171,460,1003,71.49,17.34,1.11
09372,Cham,5.27,7.13,68.97,63103,4689,3453,750,1087,320,231,753,1545,73.64,15.99,1.19
09373,Neumarkt i.d.OPf.,6.88,4.18,67.68,60962,2627,1682,539,570,157,184,360,817,64.03,20.52,0.88
09374,Neustadt a.d.Waldnaab,5.05,6.68,67.05,46690,3209,2259,556,827,147,148,473,1052,70.4,17.33,1.19
09375,Regensburg,7,4.31,62.71,90151,3997,2468,939,935,243,206,527,1147,61.75,23.49,1.04
09376,Schwandorf,5.83,5.79,65.1,71960,4337,3060,764,1064,190,269,656,1391,70.56,17.62,1.06
09377,Tirschenreuth,4.57,7.15,66.52,36939,2752,2090,426,706,132,162,366,960,75.94,15.48,1.15
09461,Bamberg,7.66,4.8,28.7,44491,2121,878,1008,516,45,127,156,268,41.4,47.52,2.27
09462,Bayreuth,7.11,4.85,30.18,43570,2070,883,894,558,82,115,120,303,42.66,43.19,2.05
09463,Coburg,6.38,5.88,38,24586,1448,774,575,417,38,103,102,209,53.45,39.71,2.34
09464,Hof,5.05,7.8,35.39,27544,2387,1378,1130,592,11,132,111,410,57.73,47.34,4.1
09471,Bamberg,5.96,5.14,65.81,69762,3746,2591,675,971,125,227,564,1189,69.17,18.02,0.97
09472,Bayreuth,5.37,6.61,67.8,52361,3631,2509,732,893,116,307,455,1133,69.1,20.16,1.4
09473,Coburg,5.31,5.13,63.06,42653,2257,1508,570,523,68,162,281,652,66.81,25.25,1.34
09474,Forchheim,6.58,5.09,62.65,55946,3021,2017,655,782,142,161,412,872,66.77,21.68,1.17
09475,Hof,4.48,8.39,65.99,50757,4425,3282,817,1166,153,368,525,1388,74.17,18.46,1.61
09476,Kronach,5.27,6.72,70.22,33726,2328,1728,367,557,83,180,384,754,74.23,15.76,1.09
09477,Kulmbach,5.41,6.76,62.8,37287,2559,1779,552,672,153,174,267,740,69.52,21.57,1.48
09478,Lichtenfels,5.49,5.33,63.54,33285,1878,1289,356,499,46,119,256,600,68.64,18.96,1.07
09479,Wunsiedel i.Fichtelgebirge,4.52,8.98,58.76,40686,3770,2862,939,975,138,297,330,1090,75.92,24.91,2.31
09561,Ansbach,6.68,5.03,42.79,22315,1142,669,440,266,22,62,123,231,58.58,38.53,1.97
09562,Erlangen,9.2,4.86,31.92,68102,3316,1344,1399,849,148,175,182,563,40.53,42.19,2.05
09563,Fürth,7.71,3.36,34.05,67833,2348,1066,966,765,57,144,119,296,45.4,41.14,1.42
09564,Nürnberg,8.21,3.11,28.31,283757,9055,3513,4366,2306,185,539,399,1255,38.8,48.22,1.54
09565,Schwabach,7.11,3.09,49.43,20420,714,429,183,171,83,46,64,166,60.08,25.63,0.9
09571,Ansbach,6.02,4.94,66.13,87866,4494,3098,888,1162,174,307,590,1370,68.94,19.76,1.01
09572,Erlangen-Höchstadt,7.59,4.31,63.03,65695,2899,1721,806,651,132,229,371,712,59.37,27.8,1.23
09573,Fürth,7.07,4.09,57.81,58147,2434,1436,663,572,104,218,290,584,59.0,27.24,1.14
09574,Nürnberger Land,6.84,4.75,60.05,84326,4147,2516,1055,925,181,339,495,1149,60.67,25.44,1.25
09575,Neustadt a.d.Aisch-Bad Windsheim,5.61,5.59,65.49,48241,2872,1916,538,800,163,233,353,789,66.71,18.73,1.12
09576,Roth,6.55,4.19,63.87,59496,2577,1645,613,619,103,172,348,724,63.83,23.79,1.03
09577,Weißenburg-Gunzenhausen,5.7,5.94,62.4,46102,2789,1924,510,771,96,155,401,863,68.99,18.29,1.11
09661,Aschaffenburg,7.75,4.43,34.1,39380,1753,964,636,495,47,72,177,326,54.99,36.28,1.62
09662,Schweinfurt,6.23,5.33,33.06,29794,1589,915,538,304,41,78,97,526,57.58,33.86,1.81
09663,Würzburg,8.65,3.11,25.28,80200,2518,1100,1092,609,116,121,158,420,43.69,43.37,1.36
09671,Aschaffenburg,6.82,5.81,63.07,84391,4996,3282,1035,1181,153,320,832,1479,65.69,20.72,1.23
09672,Bad Kissingen,5.36,6.69,61.33,53217,3689,2625,729,766,141,249,499,1304,71.16,19.76,1.37
09673,Rhön-Grabfeld,5.22,6.42,66.41,39636,2617,1866,478,598,109,188,333,911,71.3,18.27,1.21
09674,Haßberge,5.4,5.49,69.84,40324,2353,1702,376,589,74,170,340,804,72.33,15.98,0.93
09675,Kitzingen,5.74,6.42,59.1,45177,3052,2066,660,930,104,257,280,823,67.69,21.63,1.46
09676,Miltenberg,6.19,5.97,61.85,62839,3820,2609,738,859,182,290,596,1152,68.3,19.32,1.17
09677,Main-Spessart,5.58,6.48,66.84,63378,4246,3085,687,991,174,265,644,1484,72.66,16.18,1.08
09678,Schweinfurt,5.55,5.54,67.84,55135,3165,2208,575,724,109,204,455,1096,69.76,18.17,1.04
09679,Würzburg,6.83,5.22,60.04,79715,4247,2804,915,1057,112,245,615,1305,66.02,21.54,1.15
09761,Augsburg,8.48,3.92,32.51,162407,6932,2905,3277,1833,195,380,324,928,41.91,47.27,2.02
09762,Kaufbeuren,6.85,3.8,40.48,23492,933,417,419,180,31,51,65,192,44.69,44.91,1.78
09763,Kempten (Allgäu),7.18,2.91,33.14,36111,1048,524,332,274,104,68,50,210,50.0,31.68,0.92
09764,Memmingen,6.51,3.99,40.13,22331,933,532,408,176,29,58,79,184,57.02,43.73,1.83
09771,Aichach-Friedberg,7.58,4.23,63.11,61455,2709,1627,775,602,170,146,299,714,60.06,28.61,1.26
09772,Augsburg,7.5,3.98,60.26,120898,5027,2870,1556,934,353,337,556,1293,57.09,30.95,1.29
09773,Dillingen a.d.Donau,6.25,4.46,66.96,44119,2081,1405,418,516,125,139,254,627,67.52,20.09,0.95
09774,Günzburg,6.49,4.68,61.51,58997,2953,1965,607,771,262,162,346,805,66.54,20.56,1.03
09775,Neu-Ulm,8,3.32,55.74,86166,2989,1727,848,676,206,235,307,714,57.78,28.37,0.98
09776,Lindau (Bodensee),8.04,4.5,48.12,44328,2011,1039,714,504,88,103,169,426,51.67,35.5,1.61
09777,Ostallgäu,6.93,4.46,59.2,69932,3262,2064,759,917,203,144,417,820,63.27,23.27,1.09
09778,Unterallgäu,6.64,5.08,62.26,68702,3779,2566,809,896,326,206,441,1099,67.9,21.41,1.18
09779,Donau-Ries,6.34,5.08,64.07,62510,3389,2293,647,857,222,192,438,1036,67.66,19.09,1.04
09780,Oberallgäu,7.07,4.17,51.81,85667,3617,1948,1021,828,192,179,388,1013,53.86,28.23,1.19
10041,Regionalverband Saarbrücken,6.35,6.16,46.72,181702,11215,6178,4004,2969,192,861,946,2239,55.09,35.7,2.2
10042,Merzig-Wadern,6.07,4.59,70.88,52471,2491,1567,563,692,92,265,285,588,62.91,22.6,1.07
10043,Neunkirchen,5.6,5.93,61.21,69931,4258,2591,1195,947,92,443,488,1087,60.85,28.06,1.71
10044,Saarlouis,5.97,4.65,65.75,101475,4871,2949,1225,1340,138,516,517,1132,60.54,25.15,1.21
10045,Saarpfalz-Kreis,6.24,5.3,63.8,75603,4101,2513,1153,1025,55,492,454,923,61.28,28.12,1.53
10046,St. Wendel,5.51,5.22,72,44208,2389,1585,482,650,84,273,288,614,66.35,20.18,1.09
11000,"Berlin, Stadt",7.67,1.97,16.35,2018831,40681,11764,24879,9205,678,1464,767,3686,28.92,61.16,1.23
12051,"Brandenburg an der Havel, Stadt",5.88,8.64,22.69,44494,3827,2235,1028,1746,575,56,61,365,58.4,26.86,2.31
12052,"Cottbus, Stadt",5.58,6.42,23.67,57895,3831,2385,2583,621,182,67,63,315,62.26,67.42,4.46
12053,"Frankfurt (Oder), Stadt",5.41,6.31,21.37,33634,2205,1078,1258,435,36,29,24,424,48.89,57.05,3.74
12054,"Potsdam, Stadt",7.85,2.46,17.64,101544,2706,928,1198,824,48,114,53,472,34.29,44.27,1.18
12060,Barnim,6.48,3.49,49.95,97604,3523,2057,1406,1237,95,185,169,434,58.39,39.91,1.44
12061,Dahme-Spreewald,7.03,3.62,52.53,91527,3482,1990,1266,871,143,213,249,739,57.15,36.36,1.38
12062,Elbe-Elster,4.95,8.99,59.02,55684,5176,3652,1886,1001,197,328,305,1460,70.56,36.44,3.39
12063,Havelland,6.49,3.73,51.99,84002,3219,1805,1225,929,137,198,147,588,56.07,38.06,1.46
12064,Märkisch-Oderland,6.15,4.55,54.3,102444,4756,3155,2074,1394,144,253,236,657,66.34,43.61,2.02
12065,Oberhavel,6.51,3.52,50.69,111131,4029,2203,1411,1094,326,270,236,696,54.68,35.02,1.27
12066,Oberspreewald-Lausitz,5.02,9.07,42.67,63577,5852,3848,2822,703,365,370,187,1398,65.76,48.22,4.44
12067,Oder-Spree,6.04,5.14,49.14,97277,5051,3205,1522,1372,613,286,212,1048,63.45,30.13,1.56
12068,Ostprignitz-Ruppin,5.49,5.22,45.69,55868,3001,1884,874,963,108,161,173,725,62.78,29.12,1.56
12069,Potsdam-Mittelmark,6.94,2.75,58.18,105476,3037,1851,838,907,88,282,262,656,60.95,27.59,0.79
12070,Prignitz,4.84,9.27,49.62,44811,4180,2987,2073,893,179,200,160,673,71.46,49.59,4.63
12071,Spree-Neiße,5.35,10.14,52.23,63910,6544,4838,1873,1587,809,256,234,1784,73.93,28.62,2.93
12072,Teltow-Fläming,6.31,4.35,48.95,88911,3994,2492,1417,1140,86,247,193,915,62.39,35.48,1.59
12073,Uckermark,5.22,6.1,39.55,69222,4295,2787,2069,948,234,200,154,694,64.89,48.17,2.99
13003,Rostock,6.7,2.59,14.65,125635,3385,878,2266,495,83,78,52,409,25.94,66.94,1.8
13004,Schwerin,6.06,6.03,17.95,59544,3649,1955,1487,685,267,104,54,1051,53.58,40.75,2.5
13071,Mecklenburgische Seenplatte,5.36,6.92,41.79,148674,10392,6644,4467,2463,489,527,399,2046,63.93,42.98,3.0
13072,Landkreis Rostock,5.94,4.66,52.52,116894,5444,3293,2121,1328,264,328,203,1201,60.49,38.96,1.81
13073,Vorpommern-Rügen,5.83,6.43,41.09,136176,8523,4885,3140,2757,412,436,298,1480,57.32,36.84,2.31
13074,Nordwestmecklenburg,5.85,4.46,45.71,87082,3963,2328,1624,1244,81,226,168,628,58.74,40.98,1.86
13075,Vorpommern-Greifswald,5.74,7.01,42.01,139742,9638,6070,4159,1898,593,458,295,2233,62.98,43.15,2.98
13076,Ludwigslust-Parchim,5.34,5.38,54.03,111634,6180,3985,2167,1475,193,390,322,1642,64.48,35.06,1.94
14511,"Chemnitz, Stadt",5.26,10.95,18.53,151859,16753,8707,12340,2646,47,311,276,1132,51.97,73.66,8.13
14521,Erzgebirgskreis,4.65,11.81,46.08,188557,22398,15490,9482,5037,910,1337,1458,4176,69.16,42.33,5.03
14522,Mittelsachsen,5.05,10.71,44.91,173038,18834,12515,8446,4242,485,985,896,3779,66.45,44.84,4.88
14523,Vogtlandkreis,4.54,12.82,43.03,136404,17761,12025,7010,3986,755,1116,935,3957,67.7,39.47,5.14
14524,Zwickau,5.01,12.84,39.89,187083,24349,15771,11528,5263,968,1432,1187,3969,64.77,47.34,6.16
14612,"Dresden, Stadt",6.92,3.96,16.75,319553,13218,5112,8201,2975,91,357,340,1252,38.67,62.04,2.57
14625,Bautzen,5.14,8.03,48.4,160949,13185,8545,3954,3302,318,783,1164,3667,64.81,29.99,2.46
14626,Görlitz,4.7,11.94,43.69,148038,18093,12434,8400,3746,836,1090,691,3330,68.72,46.43,5.67
14627,Meißen,5.6,8.26,43.34,133742,11368,7010,4234,2518,376,566,591,3079,61.66,37.24,3.17
14628,Sächsische Schweiz-Osterzgebirge,5.45,7.64,43.62,133484,10421,6525,4047,3093,225,635,575,1849,62.61,38.84,3.03
14713,"Leipzig, Stadt",6.44,4.37,13.49,354898,19308,9875,11070,4199,242,489,235,3076,51.14,57.33,3.12
14729,Leipzig,5.42,7.64,49.75,140488,10923,6744,4346,2546,209,744,556,2517,61.74,39.79,3.09
14730,Nordsachsen,5.3,7.54,48.86,108651,8315,5314,2836,2257,164,452,444,2167,63.91,34.11,2.61
15001,"Dessau-Roßlau, Stadt",5.48,12.49,34.5,49629,6182,4562,1629,2130,122,1309,110,879,73.79,26.35,3.28
15002,"Halle (Saale), Stadt",5.92,7.74,16.8,143824,11163,6230,5265,2941,102,154,116,2585,55.81,47.16,3.66
15003,"Magdeburg, Landeshauptstadt",5.75,6.66,18.38,145934,9798,4522,5221,2311,396,244,209,1415,46.15,53.29,3.58
15081,Altmarkkreis Salzwedel,4.77,8.52,56.52,44804,3890,2597,1765,668,105,292,225,841,66.76,45.37,3.94
15082,Anhalt-Bitterfeld,5.22,10.04,49.85,91541,9298,6423,3394,2897,500,521,338,1639,69.08,36.5,3.71
15083,Börde,5.18,7.79,58.06,91183,7233,4812,2506,2152,275,541,420,1343,66.53,34.65,2.75
15084,Burgenlandkreis,5.08,10.77,47.26,102038,11161,7579,5186,2439,219,643,434,2234,67.91,46.47,5.08
15085,Harz,5.22,9.2,47.15,123386,11396,7549,4074,3515,471,587,531,2213,66.24,35.75,3.3
15086,Jerichower Land,5.11,8.53,55.45,49544,4382,2945,1683,1124,172,289,162,955,67.21,38.41,3.4
15087,Mansfeld-Südharz,5.07,9.33,55.53,75814,7092,4723,2553,1369,475,537,352,1805,66.6,36.0,3.37
15088,Saalekreis,5.36,7.5,54.17,99456,7499,4436,3422,1535,206,514,398,1424,59.15,45.63,3.44
15089,Salzlandkreis,4.98,10.55,46.11,111112,11869,7939,5227,2483,805,946,475,1925,66.89,44.04,4.7
15090,Stendal,4.99,10.4,48.43,64518,6772,4707,2473,1673,273,329,283,1740,69.51,36.52,3.83
15091,Wittenberg,5.05,7.83,54.68,70586,5659,3649,2394,1055,335,405,323,1137,64.48,42.3,3.39
16051,"Erfurt, Stadt",6.48,4.33,22.17,120849,5379,2464,2774,1115,73,217,715,483,45.81,51.57,2.3
16052,"Gera, Stadt",5.13,11.29,23.13,59423,6828,4358,3373,2074,308,271,127,679,63.83,49.4,5.68
16053,"Jena, Stadt",7.04,2.91,21.35,62510,1934,761,803,726,50,99,43,216,39.35,41.52,1.28
16054,"Suhl, Stadt",5.29,9.86,35.76,21981,2215,1583,1048,296,391,98,82,302,71.47,47.31,4.77
16055,"Weimar, Stadt",6.52,4.17,25.14,35704,1547,803,573,727,26,38,49,129,51.91,37.04,1.6
16061,Eichsfeld,5.29,6.23,60.62,47366,3061,2163,991,887,102,223,226,628,70.66,32.38,2.09
16062,Nordhausen,5.21,7.36,47.47,45294,3520,2188,1431,768,135,273,237,673,62.16,40.65,3.16
16063,Wartburgkreis,5.43,8.02,53.23,84495,6950,4815,1991,1635,389,524,422,1987,69.28,28.65,2.36
16064,Unstrut-Hainich-Kreis,5.12,9.52,54.9,54585,5409,3438,1791,1222,418,466,266,1245,63.56,33.11,3.28
16065,Kyffhäuserkreis,4.95,9.98,60.26,40878,4276,3170,1241,1076,329,464,252,913,74.13,29.02,3.04
16066,Schmalkalden-Meiningen,5.21,7.65,60.59,65793,5230,3673,1507,1238,187,515,484,1296,70.23,28.81,2.29
16067,Gotha,5.39,5.66,49.69,71447,4151,2716,1438,1326,92,262,251,786,65.43,34.64,2.01
16068,Sömmerda,5.36,6.38,62.21,35273,2370,1509,498,671,156,260,197,590,63.67,21.01,1.41
16069,Hildburghausen,5.07,7.24,65.8,31503,2438,1784,386,728,95,252,200,777,73.17,15.83,1.23
16070,Ilm-Kreis,5.6,6.64,47.14,59120,4036,2588,1085,1527,228,294,291,608,64.12,26.88,1.84
16071,Weimarer Land,5.42,7.75,58.02,42551,3358,2373,1016,1051,291,230,207,564,70.67,30.26,2.39
16072,Sonneberg,5.21,9.45,57.41,31989,3115,2466,570,756,692,234,240,623,79.17,18.3,1.78
16073,Saalfeld-Rudolstadt,5.29,8.52,50.21,57909,5091,3544,1420,1331,459,427,329,1120,69.61,27.89,2.45
16074,Saale-Holzland-Kreis,5.29,6.55,55.91,43633,2955,2062,848,700,48,397,197,764,69.78,28.7,1.94
16075,Saale-Orla-Kreis,5.24,11.12,58.89,44319,5117,3918,993,1681,357,420,306,1356,76.57,19.41,2.24
16076,Greiz,4.67,11.37,53.77,55712,6507,4929,2137,1559,174,399,415,1820,75.75,32.84,3.84
16077,Altenburger Land,5.03,14.55,40.82,54954,8240,6327,3255,1894,405,546,235,1908,76.78,39.5,5.92
