ags8,name_de,state_code,tax_capacity_2024,reason
01053105,"Sachsenwald (Forstgutsbez.),gemfr.Geb.",01,,tax_capacity_missing_no_integrated_debt_entity
01060014,"Buchholz (Forstgutsbez.),gemfr. Gebiet",01,,tax_capacity_missing_no_integrated_debt_entity
02000000,"Hamburg, Freie und Hansestadt",02,3151.3,city_state_not_in_integrated_debt_scope
03151501,"Giebel, gemfr. Gebiet",03,,tax_capacity_missing_no_integrated_debt_entity
03153504,"Harz (Landkreis Goslar), gemfr. Gebiet",03,,tax_capacity_missing_no_integrated_debt_entity
03154501,"Brunsleberfeld, gemfr. Gebiet",03,,tax_capacity_missing_no_integrated_debt_entity
03154502,"Helmstedt, gemfr. Gebiet",03,,tax_capacity_missing_no_integrated_debt_entity
03154503,"Königslutter, gemfr. Gebiet",03,,tax_capacity_missing_no_integrated_debt_entity
03154504,"Mariental, gemfr. Gebiet",03,,tax_capacity_missing_no_integrated_debt_entity
03154506,"Schöningen, gemfr. Gebiet",03,,tax_capacity_missing_no_integrated_debt_entity
03155501,"Solling (Landkreis Northeim), gemfr. Geb.",03,,tax_capacity_missing_no_integrated_debt_entity
03158501,"Am Großen Rhode, gemfr. Gebiet",03,,tax_capacity_missing_no_integrated_debt_entity
03158502,"Barnstorf-Warle, gemfr. Gebiet",03,,tax_capacity_missing_no_integrated_debt_entity
03158503,"Voigtsdahlum, gemfr. Gebiet",03,,tax_capacity_missing_no_integrated_debt_entity
03159501,"Harz (Landkreis Göttingen), gemfr. Geb.",03,,tax_capacity_missing_no_integrated_debt_entity
03255501,"Boffzen, gemfr. Gebiet",03,,tax_capacity_missing_no_integrated_debt_entity
03255502,"Eimen, gemfr. Gebiet",03,,tax_capacity_missing_no_integrated_debt_entity
03255503,"Eschershausen, gemfr. Gebiet",03,,tax_capacity_missing_no_integrated_debt_entity
03255504,"Grünenplan, gemfr. Gebiet",03,,tax_capacity_missing_no_integrated_debt_entity
03255505,"Holzminden, gemfr. Gebiet",03,,tax_capacity_missing_no_integrated_debt_entity
03255506,"Merxhausen, gemfr. Gebiet",03,,tax_capacity_missing_no_integrated_debt_entity
03255508,"Wenzen, gemfr. Gebiet",03,,tax_capacity_missing_no_integrated_debt_entity
03354501,"Gartow, gemfr. Gebiet",03,,tax_capacity_missing_no_integrated_debt_entity
03354502,"Göhrde, gemfr. Gebiet",03,,tax_capacity_missing_no_integrated_debt_entity
03452501,"Nordseeinsel Memmert, gemfr. Gebiet",03,,tax_capacity_missing_no_integrated_debt_entity
03457501,"Insel Lütje Hörn, gemfr. Gebiet",03,,tax_capacity_missing_no_integrated_debt_entity
04011000,"Bremen, Stadt",04,228.6,city_state_not_in_integrated_debt_scope
04012000,"Bremerhaven, Stadt",04,28.1,city_state_not_in_integrated_debt_scope
06431200,"Michelbuch, gemfr. Gebiet",06,,tax_capacity_missing_no_integrated_debt_entity
06435200,"Gutsbezirk Spessart, gemfr. Gebiet",06,,tax_capacity_missing_no_integrated_debt_entity
06633200,"Gutsbezirk Reinhardswald, gemfr. Gebiet",06,,tax_capacity_missing_no_integrated_debt_entity
06636200,"Gutsbezirk Kaufunger Wald, gemfr. Gebiet",06,,tax_capacity_missing_no_integrated_debt_entity
08317971,"Rheinau, gemeindefreies Gebiet",08,,tax_capacity_missing_no_integrated_debt_entity
08415971,"Gutsbezirk Münsingen, gemeindefreies Gebiet",08,,tax_capacity_missing_no_integrated_debt_entity
09172452,Eck,09,,tax_capacity_missing_no_integrated_debt_entity
09172454,Schellenberger Forst,09,,tax_capacity_missing_no_integrated_debt_entity
09173451,Pupplinger Au,09,,tax_capacity_missing_no_integrated_debt_entity
09173452,Wolfratshauser Forst,09,,tax_capacity_missing_no_integrated_debt_entity
09175451,Anzinger Forst,09,,tax_capacity_missing_no_integrated_debt_entity
09175452,Ebersberger Forst,09,,tax_capacity_missing_no_integrated_debt_entity
09175453,Eglhartinger Forst,09,,tax_capacity_missing_no_integrated_debt_entity
09176451,Haunstetter Forst,09,,tax_capacity_missing_no_integrated_debt_entity
09180451,Ettaler Forst,09,,tax_capacity_missing_no_integrated_debt_entity
09181451,Ammersee,09,,tax_capacity_missing_no_integrated_debt_entity
09183451,Mühldorfer Hart,09,,tax_capacity_missing_no_integrated_debt_entity
09184452,Forstenrieder Park,09,,tax_capacity_missing_no_integrated_debt_entity
09184454,Grünwalder Forst,09,,tax_capacity_missing_no_integrated_debt_entity
09184457,Perlacher Forst,09,,tax_capacity_missing_no_integrated_debt_entity
09187451,Rotter Forst-Nord,09,,tax_capacity_missing_no_integrated_debt_entity
09187452,Rotter Forst-Süd,09,,tax_capacity_missing_no_integrated_debt_entity
09188451,Starnberger See,09,,tax_capacity_missing_no_integrated_debt_entity
09189451,Chiemsee (See),09,,tax_capacity_missing_no_integrated_debt_entity
09189452,Waginger See,09,,tax_capacity_missing_no_integrated_debt_entity
09272451,Annathaler Wald,09,,tax_capacity_missing_no_integrated_debt_entity
09272452,Frauenberger u. Duschlberger Wald,09,,tax_capacity_missing_no_integrated_debt_entity
09272453,Graineter Wald,09,,tax_capacity_missing_no_integrated_debt_entity
09272455,Leopoldsreuter Wald,09,,tax_capacity_missing_no_integrated_debt_entity
09272456,Mauther Forst,09,,tax_capacity_missing_no_integrated_debt_entity
09272457,Philippsreuter Wald,09,,tax_capacity_missing_no_integrated_debt_entity
09272458,Pleckensteiner Wald,09,,tax_capacity_missing_no_integrated_debt_entity
09272459,Sankt Oswald,09,,tax_capacity_missing_no_integrated_debt_entity
09272460,Schlichtenberger Wald,09,,tax_capacity_missing_no_integrated_debt_entity
09272461,Schönbrunner Wald,09,,tax_capacity_missing_no_integrated_debt_entity
09272463,Waldhäuserwald,09,,tax_capacity_missing_no_integrated_debt_entity
09273451,Dürnbucher Forst,09,,tax_capacity_missing_no_integrated_debt_entity
09273452,Frauenforst,09,,tax_capacity_missing_no_integrated_debt_entity
09273453,Hacklberg,09,,tax_capacity_missing_no_integrated_debt_entity
09371452,Eichen,09,,tax_capacity_missing_no_integrated_debt_entity
09374452,Manteler Forst,09,,tax_capacity_missing_no_integrated_debt_entity
09374458,Speinsharter Forst,09,,tax_capacity_missing_no_integrated_debt_entity
09375451,Forstmühler Forst,09,,tax_capacity_missing_no_integrated_debt_entity
09375452,Kreuther Forst,09,,tax_capacity_missing_no_integrated_debt_entity
09376455,Wolferlohe,09,,tax_capacity_missing_no_integrated_debt_entity
09471452,Ebracher Forst,09,,tax_capacity_missing_no_integrated_debt_entity
09471453,Eichwald,09,,tax_capacity_missing_no_integrated_debt_entity
09471454,Geisberger Forst,09,,tax_capacity_missing_no_integrated_debt_entity
09471455,Hauptsmoor,09,,tax_capacity_missing_no_integrated_debt_entity
09471456,Koppenwinder Forst,09,,tax_capacity_missing_no_integrated_debt_entity
09471457,Lindach,09,,tax_capacity_missing_no_integrated_debt_entity
09471459,Semberg,09,,tax_capacity_missing_no_integrated_debt_entity
09471460,Steinachsrangen,09,,tax_capacity_missing_no_integrated_debt_entity
09471461,Winkelhofer Forst,09,,tax_capacity_missing_no_integrated_debt_entity
09471462,Zückshuter Forst,09,,tax_capacity_missing_no_integrated_debt_entity
09472451,Bischofsgrüner Forst,09,,tax_capacity_missing_no_integrated_debt_entity
09472453,Fichtelberg,09,,tax_capacity_missing_no_integrated_debt_entity
09472454,Forst Neustädtlein a.Forst,09,,tax_capacity_missing_no_integrated_debt_entity
09472456,Glashüttener Forst,09,,tax_capacity_missing_no_integrated_debt_entity
09472458,Heinersreuther Forst,09,,tax_capacity_missing_no_integrated_debt_entity
09472463,Neubauer Forst-Nord,09,,tax_capacity_missing_no_integrated_debt_entity
09472464,Prüll,09,,tax_capacity_missing_no_integrated_debt_entity
09472468,Veldensteinerforst,09,,tax_capacity_missing_no_integrated_debt_entity
09472469,Waidacher Forst,09,,tax_capacity_missing_no_integrated_debt_entity
09472470,Warmensteinacher Forst-Nord,09,,tax_capacity_missing_no_integrated_debt_entity
09473452,Callenberger Forst-West,09,,tax_capacity_missing_no_integrated_debt_entity
09473453,Gellnhausen,09,,tax_capacity_missing_no_integrated_debt_entity
09473454,Köllnholz,09,,tax_capacity_missing_no_integrated_debt_entity
09475451,Forst Schwarzenbach a.Wald,09,,tax_capacity_missing_no_integrated_debt_entity
09475452,Gerlaser Forst,09,,tax_capacity_missing_no_integrated_debt_entity
09475453,Geroldsgrüner Forst,09,,tax_capacity_missing_no_integrated_debt_entity
09475454,Martinlamitzer Forst-Nord,09,,tax_capacity_missing_no_integrated_debt_entity
09476451,Birnbaum,09,,tax_capacity_missing_no_integrated_debt_entity
09476453,Langenbacher Forst,09,,tax_capacity_missing_no_integrated_debt_entity
09478451,Breitengüßbacher Forst,09,,tax_capacity_missing_no_integrated_debt_entity
09478453,Neuensorger Forst,09,,tax_capacity_missing_no_integrated_debt_entity
09479453,Kaiserhammer Forst-Ost,09,,tax_capacity_missing_no_integrated_debt_entity
09479455,Martinlamitzer Forst-Süd,09,,tax_capacity_missing_no_integrated_debt_entity
09479456,Meierhöfer Seite,09,,tax_capacity_missing_no_integrated_debt_entity
09479457,Neubauer Forst-Süd,09,,tax_capacity_missing_no_integrated_debt_entity
09479459,Tröstauer Forst-Ost,09,,tax_capacity_missing_no_integrated_debt_entity
09479460,Tröstauer Forst-West,09,,tax_capacity_missing_no_integrated_debt_entity
09479461,Vordorfer Forst,09,,tax_capacity_missing_no_integrated_debt_entity
09479462,Weißenstadter Forst-Nord,09,,tax_capacity_missing_no_integrated_debt_entity
09479463,Weißenstadter Forst-Süd,09,,tax_capacity_missing_no_integrated_debt_entity
09571451,Unterer Wald,09,,tax_capacity_missing_no_integrated_debt_entity
09572451,Birkach,09,,tax_capacity_missing_no_integrated_debt_entity
09572452,Buckenhofer Forst,09,,tax_capacity_missing_no_integrated_debt_entity
09572453,Dormitzer Forst,09,,tax_capacity_missing_no_integrated_debt_entity
09572454,Erlenstegener Forst,09,,tax_capacity_missing_no_integrated_debt_entity
09572455,Forst Tennenlohe,09,,tax_capacity_missing_no_integrated_debt_entity
09572456,Geschaidt,09,,tax_capacity_missing_no_integrated_debt_entity
09572457,Kalchreuther Forst,09,,tax_capacity_missing_no_integrated_debt_entity
09572458,Kraftshofer Forst,09,,tax_capacity_missing_no_integrated_debt_entity
09572459,Mark,09,,tax_capacity_missing_no_integrated_debt_entity
09572460,Neunhofer Forst,09,,tax_capacity_missing_no_integrated_debt_entity
09574451,Behringersdorfer Forst,09,,tax_capacity_missing_no_integrated_debt_entity
09574452,Brunn,09,,tax_capacity_missing_no_integrated_debt_entity
09574453,Engelthaler Forst,09,,tax_capacity_missing_no_integrated_debt_entity
09574454,Feuchter Forst,09,,tax_capacity_missing_no_integrated_debt_entity
09574455,Fischbach,09,,tax_capacity_missing_no_integrated_debt_entity
09574456,Forsthof,09,,tax_capacity_missing_no_integrated_debt_entity
09574457,Günthersbühler Forst,09,,tax_capacity_missing_no_integrated_debt_entity
09574458,Haimendorfer Forst,09,,tax_capacity_missing_no_integrated_debt_entity
09574460,Laufamholzer Forst,09,,tax_capacity_missing_no_integrated_debt_entity
09574461,Leinburg,09,,tax_capacity_missing_no_integrated_debt_entity
09574462,Rückersdorfer Forst,09,,tax_capacity_missing_no_integrated_debt_entity
09574463,Schönberg,09,,tax_capacity_missing_no_integrated_debt_entity
09574464,Winkelhaid,09,,tax_capacity_missing_no_integrated_debt_entity
09574465,Zerzabelshofer Forst,09,,tax_capacity_missing_no_integrated_debt_entity
09575451,Osing,09,,tax_capacity_missing_no_integrated_debt_entity
09576451,Abenberger Wald,09,,tax_capacity_missing_no_integrated_debt_entity
09576452,Dechenwald,09,,tax_capacity_missing_no_integrated_debt_entity
09576453,Forst Kleinschwarzenlohe,09,,tax_capacity_missing_no_integrated_debt_entity
09576454,Heidenberg,09,,tax_capacity_missing_no_integrated_debt_entity
09576455,Soos,09,,tax_capacity_missing_no_integrated_debt_entity
09671451,Forst Hain i.Spessart,09,,tax_capacity_missing_no_integrated_debt_entity
09671453,Heinrichsthaler Forst,09,,tax_capacity_missing_no_integrated_debt_entity
09671456,Rohrbrunner Forst,09,,tax_capacity_missing_no_integrated_debt_entity
09671457,Rothenbucher Forst,09,,tax_capacity_missing_no_integrated_debt_entity
09671458,Sailaufer Forst,09,,tax_capacity_missing_no_integrated_debt_entity
09671459,Schöllkrippener Forst,09,,tax_capacity_missing_no_integrated_debt_entity
09671460,Waldaschaffer Forst,09,,tax_capacity_missing_no_integrated_debt_entity
09671461,Wiesener Forst,09,,tax_capacity_missing_no_integrated_debt_entity
09672451,Dreistelzer Forst,09,,tax_capacity_missing_no_integrated_debt_entity
09672454,Forst Detter-Süd,09,,tax_capacity_missing_no_integrated_debt_entity
09672455,Geiersnest-Ost,09,,tax_capacity_missing_no_integrated_debt_entity
09672456,Geiersnest-West,09,,tax_capacity_missing_no_integrated_debt_entity
09672458,Kälberberg,09,,tax_capacity_missing_no_integrated_debt_entity
09672461,Mottener Forst-Süd,09,,tax_capacity_missing_no_integrated_debt_entity
09672462,Neuwirtshauser Forst,09,,tax_capacity_missing_no_integrated_debt_entity
09672463,Omerz u. Roter Berg,09,,tax_capacity_missing_no_integrated_debt_entity
09672464,Römershager Forst-Nord,09,,tax_capacity_missing_no_integrated_debt_entity
09672465,Römershager Forst-Ost,09,,tax_capacity_missing_no_integrated_debt_entity
09672466,Roßbacher Forst,09,,tax_capacity_missing_no_integrated_debt_entity
09672468,Waldfensterer Forst,09,,tax_capacity_missing_no_integrated_debt_entity
09673451,Bundorfer Forst,09,,tax_capacity_missing_no_integrated_debt_entity
09673452,Burgwallbacher Forst,09,,tax_capacity_missing_no_integrated_debt_entity
09673453,Forst Schmalwasser-Nord,09,,tax_capacity_missing_no_integrated_debt_entity
09673454,Forst Schmalwasser-Süd,09,,tax_capacity_missing_no_integrated_debt_entity
09673455,Mellrichstadter Forst,09,,tax_capacity_missing_no_integrated_debt_entity
09673456,Steinacher Forst r.d.Saale,09,,tax_capacity_missing_no_integrated_debt_entity
09673457,Sulzfelder Forst,09,,tax_capacity_missing_no_integrated_debt_entity
09673458,Weigler,09,,tax_capacity_missing_no_integrated_debt_entity
09676452,Forstwald,09,,tax_capacity_missing_no_integrated_debt_entity
09676455,Hohe Wart,09,,tax_capacity_missing_no_integrated_debt_entity
09677452,Burgjoß,09,,tax_capacity_missing_no_integrated_debt_entity
09677453,Forst Aura,09,,tax_capacity_missing_no_integrated_debt_entity
09677454,Forst Lohrerstraße,09,,tax_capacity_missing_no_integrated_debt_entity
09677455,Frammersbacher Forst,09,,tax_capacity_missing_no_integrated_debt_entity
09677456,Fürstl. Löwenstein'scher Park,09,,tax_capacity_missing_no_integrated_debt_entity
09677457,Haurain,09,,tax_capacity_missing_no_integrated_debt_entity
09677458,Herrnwald,09,,tax_capacity_missing_no_integrated_debt_entity
09677459,Langenprozeltener Forst,09,,tax_capacity_missing_no_integrated_debt_entity
09677461,Partensteiner Forst,09,,tax_capacity_missing_no_integrated_debt_entity
09677463,Ruppertshüttener Forst,09,,tax_capacity_missing_no_integrated_debt_entity
09678451,Bürgerwald,09,,tax_capacity_missing_no_integrated_debt_entity
09678452,Geiersberg,09,,tax_capacity_missing_no_integrated_debt_entity
09678453,Hundelshausen,09,,tax_capacity_missing_no_integrated_debt_entity
09678454,Nonnenkloster,09,,tax_capacity_missing_no_integrated_debt_entity
09678455,Stollbergerforst,09,,tax_capacity_missing_no_integrated_debt_entity
09678456,Vollburg,09,,tax_capacity_missing_no_integrated_debt_entity
09678457,Wustvieler Forst,09,,tax_capacity_missing_no_integrated_debt_entity
09679451,Gramschatzer Wald,09,,tax_capacity_missing_no_integrated_debt_entity
09679452,Guttenberger Wald,09,,tax_capacity_missing_no_integrated_debt_entity
09679453,Irtenberger Wald,09,,tax_capacity_missing_no_integrated_debt_entity
09772451,Schmellerforst,09,,tax_capacity_missing_no_integrated_debt_entity
09774451,Ebershauser-Nattenhauser Wald,09,,tax_capacity_missing_no_integrated_debt_entity
09774452,Winzerwald,09,,tax_capacity_missing_no_integrated_debt_entity
09775451,Auwald,09,,tax_capacity_missing_no_integrated_debt_entity
09775452,Oberroggenburger Wald,09,,tax_capacity_missing_no_integrated_debt_entity
09775454,Stoffenrieder Forst,09,,tax_capacity_missing_no_integrated_debt_entity
09775455,Unterroggenburger Wald,09,,tax_capacity_missing_no_integrated_debt_entity
09778451,Ungerhauser Wald,09,,tax_capacity_missing_no_integrated_debt_entity
09779452,Dornstadt-Linkersbaindt,09,,tax_capacity_missing_no_integrated_debt_entity
09779453,Esterholz,09,,tax_capacity_missing_no_integrated_debt_entity
09780451,Kempter Wald,09,,tax_capacity_missing_no_integrated_debt_entity
11000000,"Berlin, Stadt",11,1638.1,city_state_not_in_integrated_debt_scope
