iso,name_de,name_zh,rail_track_grade_2025,rail_station_grade_2025,fiber_fttbh_pct_2025,power_saidi_min_2023,power_saidi_min_2024
DE-BW,Baden-Württemberg,巴登-符腾堡,2.98,2.85,35.48,14.7,12.8
DE-BY,Bayern,巴伐利亚,2.97,3.07,39.98,14.3,13.2
DE-BE,Berlin,柏林,2.80,3.40,52.77,9.6,8.5
DE-BB,Brandenburg,勃兰登堡,2.89,2.83,46.24,14.6,16.6
DE-HB,Bremen,不来梅,3.10,2.66,86.05,9.4,14.7
DE-HH,Hamburg,汉堡,3.20,2.69,80.02,10.9,12.0
DE-HE,Hessen,黑森,2.95,3.03,47.67,10.4,10.3
DE-MV,Mecklenburg-Vorpommern,梅克伦堡-前波美拉尼亚,2.82,2.75,49.36,8.3,7.3
DE-NI,Niedersachsen,下萨克森,3.05,2.75,72.27,8.7,8.6
DE-NW,Nordrhein-Westfalen,北莱茵-威斯特法伦,3.26,2.93,50.28,11.8,11.8
DE-RP,Rheinland-Pfalz,莱茵兰-普法尔茨,3.20,2.92,47.10,19.4,10.0
DE-SL,Saarland,萨尔,2.98,2.94,37.17,8.6,11.8
DE-ST,Sachsen-Anhalt,萨克森-安哈尔特,2.75,3.04,48.74,17.8,13.1
DE-SN,Sachsen,萨克森,2.79,3.12,36.76,9.3,8.9
DE-SH,Schleswig-Holstein,石勒苏益格-荷尔斯泰因,3.25,2.47,74.45,10.1,7.4
DE-TH,Thüringen,图林根,2.65,3.27,26.48,21.4,17.5