iso_state,state_code,state_name_de,year,integrated_debt_million_eur,integrated_debt_eur_per_capita,change_over_yearstart_pct,value_status,scope,source_url,extraction_method,provenance_note
DE-BW,08,Baden-Württemberg,2022,45907,4086,3.5,verified_in_indexed_official_html,flachenlander_municipalities_and_affiliates_modelled,https://www.destatis.de/DE/Themen/Staat/Oeffentliche-Finanzen/Schulden-Finanzvermoegen/Tabellen/liste-vierteljaehrlichen-schulden.html,manual_transcription_of_indexed_Destatis_html_table,"Annual growth refers to start-of-year same-base population, not difference between independently reported end-year levels."
DE-BY,09,Bayern,2022,39007,2926,7.1,verified_in_indexed_official_html,flachenlander_municipalities_and_affiliates_modelled,https://www.destatis.de/DE/Themen/Staat/Oeffentliche-Finanzen/Schulden-Finanzvermoegen/Tabellen/liste-vierteljaehrlichen-schulden.html,manual_transcription_of_indexed_Destatis_html_table,"Annual growth refers to start-of-year same-base population, not difference between independently reported end-year levels."
DE-BB,12,Brandenburg,2022,6502,2534,1.3,verified_in_indexed_official_html,flachenlander_municipalities_and_affiliates_modelled,https://www.destatis.de/DE/Themen/Staat/Oeffentliche-Finanzen/Schulden-Finanzvermoegen/Tabellen/liste-vierteljaehrlichen-schulden.html,manual_transcription_of_indexed_Destatis_html_table,"Annual growth refers to start-of-year same-base population, not difference between independently reported end-year levels."
DE-HE,06,Hessen,2022,35415,5558,5.7,verified_in_indexed_official_html,flachenlander_municipalities_and_affiliates_modelled,https://www.destatis.de/DE/Themen/Staat/Oeffentliche-Finanzen/Schulden-Finanzvermoegen/Tabellen/liste-vierteljaehrlichen-schulden.html,manual_transcription_of_indexed_Destatis_html_table,"Annual growth refers to start-of-year same-base population, not difference between independently reported end-year levels."
DE-MV,13,Mecklenburg-Vorpommern,2022,6459,3969,2.8,verified_in_indexed_official_html,flachenlander_municipalities_and_affiliates_modelled,https://www.destatis.de/DE/Themen/Staat/Oeffentliche-Finanzen/Schulden-Finanzvermoegen/Tabellen/liste-vierteljaehrlichen-schulden.html,manual_transcription_of_indexed_Destatis_html_table,"Annual growth refers to start-of-year same-base population, not difference between independently reported end-year levels."
DE-NI,03,Niedersachsen,2022,34989,4312,8.3,verified_in_indexed_official_html,flachenlander_municipalities_and_affiliates_modelled,https://www.destatis.de/DE/Themen/Staat/Oeffentliche-Finanzen/Schulden-Finanzvermoegen/Tabellen/liste-vierteljaehrlichen-schulden.html,manual_transcription_of_indexed_Destatis_html_table,"Annual growth refers to start-of-year same-base population, not difference between independently reported end-year levels."
DE-NW,05,Nordrhein-Westfalen,2022,83376,4612,1.8,verified_in_indexed_official_html,flachenlander_municipalities_and_affiliates_modelled,https://www.destatis.de/DE/Themen/Staat/Oeffentliche-Finanzen/Schulden-Finanzvermoegen/Tabellen/liste-vierteljaehrlichen-schulden.html,manual_transcription_of_indexed_Destatis_html_table,"Annual growth refers to start-of-year same-base population, not difference between independently reported end-year levels."
DE-RP,07,Rheinland-Pfalz,2022,19434,4682,0.8,verified_in_indexed_official_html,flachenlander_municipalities_and_affiliates_modelled,https://www.destatis.de/DE/Themen/Staat/Oeffentliche-Finanzen/Schulden-Finanzvermoegen/Tabellen/liste-vierteljaehrlichen-schulden.html,manual_transcription_of_indexed_Destatis_html_table,"Annual growth refers to start-of-year same-base population, not difference between independently reported end-year levels."
DE-SL,10,Saarland,2022,6017,6083,0.1,verified_in_indexed_official_html,flachenlander_municipalities_and_affiliates_modelled,https://www.destatis.de/DE/Themen/Staat/Oeffentliche-Finanzen/Schulden-Finanzvermoegen/Tabellen/liste-vierteljaehrlichen-schulden.html,manual_transcription_of_indexed_Destatis_html_table,"Annual growth refers to start-of-year same-base population, not difference between independently reported end-year levels."
DE-SN,14,Sachsen,2022,11459,2809,9.5,verified_in_indexed_official_html,flachenlander_municipalities_and_affiliates_modelled,https://www.destatis.de/DE/Themen/Staat/Oeffentliche-Finanzen/Schulden-Finanzvermoegen/Tabellen/liste-vierteljaehrlichen-schulden.html,manual_transcription_of_indexed_Destatis_html_table,"Annual growth refers to start-of-year same-base population, not difference between independently reported end-year levels."
DE-ST,15,Sachsen-Anhalt,2022,8346,3818,6.3,verified_in_indexed_official_html,flachenlander_municipalities_and_affiliates_modelled,https://www.destatis.de/DE/Themen/Staat/Oeffentliche-Finanzen/Schulden-Finanzvermoegen/Tabellen/liste-vierteljaehrlichen-schulden.html,manual_transcription_of_indexed_Destatis_html_table,"Annual growth refers to start-of-year same-base population, not difference between independently reported end-year levels."
DE-SH,01,Schleswig-Holstein,2022,9593,3256,6.8,verified_in_indexed_official_html,flachenlander_municipalities_and_affiliates_modelled,https://www.destatis.de/DE/Themen/Staat/Oeffentliche-Finanzen/Schulden-Finanzvermoegen/Tabellen/liste-vierteljaehrlichen-schulden.html,manual_transcription_of_indexed_Destatis_html_table,"Annual growth refers to start-of-year same-base population, not difference between independently reported end-year levels."
DE-TH,16,Thüringen,2022,7333,3455,3.6,verified_in_indexed_official_html,flachenlander_municipalities_and_affiliates_modelled,https://www.destatis.de/DE/Themen/Staat/Oeffentliche-Finanzen/Schulden-Finanzvermoegen/Tabellen/liste-vierteljaehrlichen-schulden.html,manual_transcription_of_indexed_Destatis_html_table,"Annual growth refers to start-of-year same-base population, not difference between independently reported end-year levels."
DE-BE,11,Berlin,2022,,,,not_applicable_city_state,state_functions_include_municipal_functions,https://www.destatis.de/DE/Themen/Staat/Oeffentliche-Finanzen/Schulden-Finanzvermoegen/Tabellen/liste-vierteljaehrlichen-schulden.html,Destatis_scope_note,No zero-imputation. City-states are treated as Laender rather than municipal debt in this statistic.
DE-HH,02,Hamburg,2022,,,,not_applicable_city_state,state_functions_include_municipal_functions,https://www.destatis.de/DE/Themen/Staat/Oeffentliche-Finanzen/Schulden-Finanzvermoegen/Tabellen/liste-vierteljaehrlichen-schulden.html,Destatis_scope_note,No zero-imputation. City-states are treated as Laender rather than municipal debt in this statistic.
DE-HB,04,Bremen,2022,,,,not_applicable_city_state,state_functions_include_municipal_functions,https://www.destatis.de/DE/Themen/Staat/Oeffentliche-Finanzen/Schulden-Finanzvermoegen/Tabellen/liste-vierteljaehrlichen-schulden.html,Destatis_scope_note,No zero-imputation. City-states are treated as Laender rather than municipal debt in this statistic.
DE-BW,08,Baden-Württemberg,2023,46208,4085,3.2,verified_in_indexed_official_html,flachenlander_municipalities_and_affiliates_modelled,https://www.destatis.de/DE/Themen/Staat/Oeffentliche-Finanzen/Schulden-Finanzvermoegen/Tabellen/integrierte-kommunale-schulden-nicht-oeffentichen-bereich-presse_2023.html,manual_transcription_of_indexed_Destatis_html_table,"Annual growth refers to start-of-year same-base population, not difference between independently reported end-year levels."
DE-BY,09,Bayern,2023,42222,3153,8.6,verified_in_indexed_official_html,flachenlander_municipalities_and_affiliates_modelled,https://www.destatis.de/DE/Themen/Staat/Oeffentliche-Finanzen/Schulden-Finanzvermoegen/Tabellen/integrierte-kommunale-schulden-nicht-oeffentichen-bereich-presse_2023.html,manual_transcription_of_indexed_Destatis_html_table,"Annual growth refers to start-of-year same-base population, not difference between independently reported end-year levels."
DE-BB,12,Brandenburg,2023,6489,2519,0.0,verified_in_indexed_official_html,flachenlander_municipalities_and_affiliates_modelled,https://www.destatis.de/DE/Themen/Staat/Oeffentliche-Finanzen/Schulden-Finanzvermoegen/Tabellen/integrierte-kommunale-schulden-nicht-oeffentichen-bereich-presse_2023.html,manual_transcription_of_indexed_Destatis_html_table,"Annual growth refers to start-of-year same-base population, not difference between independently reported end-year levels."
DE-HE,06,Hessen,2023,37065,5789,4.4,verified_in_indexed_official_html,flachenlander_municipalities_and_affiliates_modelled,https://www.destatis.de/DE/Themen/Staat/Oeffentliche-Finanzen/Schulden-Finanzvermoegen/Tabellen/integrierte-kommunale-schulden-nicht-oeffentichen-bereich-presse_2023.html,manual_transcription_of_indexed_Destatis_html_table,"Annual growth refers to start-of-year same-base population, not difference between independently reported end-year levels."
DE-MV,13,Mecklenburg-Vorpommern,2023,6714,4122,4.0,verified_in_indexed_official_html,flachenlander_municipalities_and_affiliates_modelled,https://www.destatis.de/DE/Themen/Staat/Oeffentliche-Finanzen/Schulden-Finanzvermoegen/Tabellen/integrierte-kommunale-schulden-nicht-oeffentichen-bereich-presse_2023.html,manual_transcription_of_indexed_Destatis_html_table,"Annual growth refers to start-of-year same-base population, not difference between independently reported end-year levels."
DE-NI,03,Niedersachsen,2023,34412,4223,-3.0,verified_in_indexed_official_html,flachenlander_municipalities_and_affiliates_modelled,https://www.destatis.de/DE/Themen/Staat/Oeffentliche-Finanzen/Schulden-Finanzvermoegen/Tabellen/integrierte-kommunale-schulden-nicht-oeffentichen-bereich-presse_2023.html,manual_transcription_of_indexed_Destatis_html_table,"Annual growth refers to start-of-year same-base population, not difference between independently reported end-year levels."
DE-NW,05,Nordrhein-Westfalen,2023,86259,4752,3.1,verified_in_indexed_official_html,flachenlander_municipalities_and_affiliates_modelled,https://www.destatis.de/DE/Themen/Staat/Oeffentliche-Finanzen/Schulden-Finanzvermoegen/Tabellen/integrierte-kommunale-schulden-nicht-oeffentichen-bereich-presse_2023.html,manual_transcription_of_indexed_Destatis_html_table,"Annual growth refers to start-of-year same-base population, not difference between independently reported end-year levels."
DE-RP,07,Rheinland-Pfalz,2023,19514,4684,0.4,verified_in_indexed_official_html,flachenlander_municipalities_and_affiliates_modelled,https://www.destatis.de/DE/Themen/Staat/Oeffentliche-Finanzen/Schulden-Finanzvermoegen/Tabellen/integrierte-kommunale-schulden-nicht-oeffentichen-bereich-presse_2023.html,manual_transcription_of_indexed_Destatis_html_table,"Annual growth refers to start-of-year same-base population, not difference between independently reported end-year levels."
DE-SL,10,Saarland,2023,6134,6178,1.8,verified_in_indexed_official_html,flachenlander_municipalities_and_affiliates_modelled,https://www.destatis.de/DE/Themen/Staat/Oeffentliche-Finanzen/Schulden-Finanzvermoegen/Tabellen/integrierte-kommunale-schulden-nicht-oeffentichen-bereich-presse_2023.html,manual_transcription_of_indexed_Destatis_html_table,"Annual growth refers to start-of-year same-base population, not difference between independently reported end-year levels."
DE-SN,14,Sachsen,2023,11911,2915,4.2,verified_in_indexed_official_html,flachenlander_municipalities_and_affiliates_modelled,https://www.destatis.de/DE/Themen/Staat/Oeffentliche-Finanzen/Schulden-Finanzvermoegen/Tabellen/integrierte-kommunale-schulden-nicht-oeffentichen-bereich-presse_2023.html,manual_transcription_of_indexed_Destatis_html_table,"Annual growth refers to start-of-year same-base population, not difference between independently reported end-year levels."
DE-ST,15,Sachsen-Anhalt,2023,8426,3863,2.3,verified_in_indexed_official_html,flachenlander_municipalities_and_affiliates_modelled,https://www.destatis.de/DE/Themen/Staat/Oeffentliche-Finanzen/Schulden-Finanzvermoegen/Tabellen/integrierte-kommunale-schulden-nicht-oeffentichen-bereich-presse_2023.html,manual_transcription_of_indexed_Destatis_html_table,"Annual growth refers to start-of-year same-base population, not difference between independently reported end-year levels."
DE-SH,01,Schleswig-Holstein,2023,10100,3414,5.0,verified_in_indexed_official_html,flachenlander_municipalities_and_affiliates_modelled,https://www.destatis.de/DE/Themen/Staat/Oeffentliche-Finanzen/Schulden-Finanzvermoegen/Tabellen/integrierte-kommunale-schulden-nicht-oeffentichen-bereich-presse_2023.html,manual_transcription_of_indexed_Destatis_html_table,"Annual growth refers to start-of-year same-base population, not difference between independently reported end-year levels."
DE-TH,16,Thüringen,2023,7452,3509,1.4,verified_in_indexed_official_html,flachenlander_municipalities_and_affiliates_modelled,https://www.destatis.de/DE/Themen/Staat/Oeffentliche-Finanzen/Schulden-Finanzvermoegen/Tabellen/integrierte-kommunale-schulden-nicht-oeffentichen-bereich-presse_2023.html,manual_transcription_of_indexed_Destatis_html_table,"Annual growth refers to start-of-year same-base population, not difference between independently reported end-year levels."
DE-BE,11,Berlin,2023,,,,not_applicable_city_state,state_functions_include_municipal_functions,https://www.destatis.de/DE/Themen/Staat/Oeffentliche-Finanzen/Schulden-Finanzvermoegen/Tabellen/integrierte-kommunale-schulden-nicht-oeffentichen-bereich-presse_2023.html,Destatis_scope_note,No zero-imputation. City-states are treated as Laender rather than municipal debt in this statistic.
DE-HH,02,Hamburg,2023,,,,not_applicable_city_state,state_functions_include_municipal_functions,https://www.destatis.de/DE/Themen/Staat/Oeffentliche-Finanzen/Schulden-Finanzvermoegen/Tabellen/integrierte-kommunale-schulden-nicht-oeffentichen-bereich-presse_2023.html,Destatis_scope_note,No zero-imputation. City-states are treated as Laender rather than municipal debt in this statistic.
DE-HB,04,Bremen,2023,,,,not_applicable_city_state,state_functions_include_municipal_functions,https://www.destatis.de/DE/Themen/Staat/Oeffentliche-Finanzen/Schulden-Finanzvermoegen/Tabellen/integrierte-kommunale-schulden-nicht-oeffentichen-bereich-presse_2023.html,Destatis_scope_note,No zero-imputation. City-states are treated as Laender rather than municipal debt in this statistic.
DE-BW,08,Baden-Württemberg,2024,49363,4391,6.8,verified_in_indexed_official_html,flachenlander_municipalities_and_affiliates_modelled,https://www.destatis.de/DE/Themen/Staat/Oeffentliche-Finanzen/Schulden-Finanzvermoegen/Tabellen/integrierte-kommunale-schulden-nicht-oeffentichen-bereich-presse_2024.html,manual_transcription_of_indexed_Destatis_html_table,"Annual growth refers to start-of-year same-base population, not difference between independently reported end-year levels."
DE-BY,09,Bayern,2024,45590,3453,8.0,verified_in_indexed_official_html,flachenlander_municipalities_and_affiliates_modelled,https://www.destatis.de/DE/Themen/Staat/Oeffentliche-Finanzen/Schulden-Finanzvermoegen/Tabellen/integrierte-kommunale-schulden-nicht-oeffentichen-bereich-presse_2024.html,manual_transcription_of_indexed_Destatis_html_table,"Annual growth refers to start-of-year same-base population, not difference between independently reported end-year levels."
DE-BB,12,Brandenburg,2024,6611,2587,1.8,verified_in_indexed_official_html,flachenlander_municipalities_and_affiliates_modelled,https://www.destatis.de/DE/Themen/Staat/Oeffentliche-Finanzen/Schulden-Finanzvermoegen/Tabellen/integrierte-kommunale-schulden-nicht-oeffentichen-bereich-presse_2024.html,manual_transcription_of_indexed_Destatis_html_table,"Annual growth refers to start-of-year same-base population, not difference between independently reported end-year levels."
DE-HE,06,Hessen,2024,39485,6291,6.8,verified_in_indexed_official_html,flachenlander_municipalities_and_affiliates_modelled,https://www.destatis.de/DE/Themen/Staat/Oeffentliche-Finanzen/Schulden-Finanzvermoegen/Tabellen/integrierte-kommunale-schulden-nicht-oeffentichen-bereich-presse_2024.html,manual_transcription_of_indexed_Destatis_html_table,"Annual growth refers to start-of-year same-base population, not difference between independently reported end-year levels."
DE-MV,13,Mecklenburg-Vorpommern,2024,7169,4550,6.1,verified_in_indexed_official_html,flachenlander_municipalities_and_affiliates_modelled,https://www.destatis.de/DE/Themen/Staat/Oeffentliche-Finanzen/Schulden-Finanzvermoegen/Tabellen/integrierte-kommunale-schulden-nicht-oeffentichen-bereich-presse_2024.html,manual_transcription_of_indexed_Destatis_html_table,"Annual growth refers to start-of-year same-base population, not difference between independently reported end-year levels."
DE-NI,03,Niedersachsen,2024,36586,4568,5.9,verified_in_indexed_official_html,flachenlander_municipalities_and_affiliates_modelled,https://www.destatis.de/DE/Themen/Staat/Oeffentliche-Finanzen/Schulden-Finanzvermoegen/Tabellen/integrierte-kommunale-schulden-nicht-oeffentichen-bereich-presse_2024.html,manual_transcription_of_indexed_Destatis_html_table,"Annual growth refers to start-of-year same-base population, not difference between independently reported end-year levels."
DE-NW,05,Nordrhein-Westfalen,2024,94998,5271,9.9,verified_in_indexed_official_html,flachenlander_municipalities_and_affiliates_modelled,https://www.destatis.de/DE/Themen/Staat/Oeffentliche-Finanzen/Schulden-Finanzvermoegen/Tabellen/integrierte-kommunale-schulden-nicht-oeffentichen-bereich-presse_2024.html,manual_transcription_of_indexed_Destatis_html_table,"Annual growth refers to start-of-year same-base population, not difference between independently reported end-year levels."
DE-RP,07,Rheinland-Pfalz,2024,17562,4253,-10.2,verified_in_indexed_official_html,flachenlander_municipalities_and_affiliates_modelled,https://www.destatis.de/DE/Themen/Staat/Oeffentliche-Finanzen/Schulden-Finanzvermoegen/Tabellen/integrierte-kommunale-schulden-nicht-oeffentichen-bereich-presse_2024.html,manual_transcription_of_indexed_Destatis_html_table,"Annual growth refers to start-of-year same-base population, not difference between independently reported end-year levels."
DE-SL,10,Saarland,2024,6179,6100,1.4,verified_in_indexed_official_html,flachenlander_municipalities_and_affiliates_modelled,https://www.destatis.de/DE/Themen/Staat/Oeffentliche-Finanzen/Schulden-Finanzvermoegen/Tabellen/integrierte-kommunale-schulden-nicht-oeffentichen-bereich-presse_2024.html,manual_transcription_of_indexed_Destatis_html_table,"Annual growth refers to start-of-year same-base population, not difference between independently reported end-year levels."
DE-SN,14,Sachsen,2024,12741,3148,6.2,verified_in_indexed_official_html,flachenlander_municipalities_and_affiliates_modelled,https://www.destatis.de/DE/Themen/Staat/Oeffentliche-Finanzen/Schulden-Finanzvermoegen/Tabellen/integrierte-kommunale-schulden-nicht-oeffentichen-bereich-presse_2024.html,manual_transcription_of_indexed_Destatis_html_table,"Annual growth refers to start-of-year same-base population, not difference between independently reported end-year levels."
DE-ST,15,Sachsen-Anhalt,2024,8902,4161,5.3,verified_in_indexed_official_html,flachenlander_municipalities_and_affiliates_modelled,https://www.destatis.de/DE/Themen/Staat/Oeffentliche-Finanzen/Schulden-Finanzvermoegen/Tabellen/integrierte-kommunale-schulden-nicht-oeffentichen-bereich-presse_2024.html,manual_transcription_of_indexed_Destatis_html_table,"Annual growth refers to start-of-year same-base population, not difference between independently reported end-year levels."
DE-SH,01,Schleswig-Holstein,2024,10998,3718,8.9,verified_in_indexed_official_html,flachenlander_municipalities_and_affiliates_modelled,https://www.destatis.de/DE/Themen/Staat/Oeffentliche-Finanzen/Schulden-Finanzvermoegen/Tabellen/integrierte-kommunale-schulden-nicht-oeffentichen-bereich-presse_2024.html,manual_transcription_of_indexed_Destatis_html_table,"Annual growth refers to start-of-year same-base population, not difference between independently reported end-year levels."
DE-TH,16,Thüringen,2024,7578,3594,1.8,verified_in_indexed_official_html,flachenlander_municipalities_and_affiliates_modelled,https://www.destatis.de/DE/Themen/Staat/Oeffentliche-Finanzen/Schulden-Finanzvermoegen/Tabellen/integrierte-kommunale-schulden-nicht-oeffentichen-bereich-presse_2024.html,manual_transcription_of_indexed_Destatis_html_table,"Annual growth refers to start-of-year same-base population, not difference between independently reported end-year levels."
DE-BE,11,Berlin,2024,,,,not_applicable_city_state,state_functions_include_municipal_functions,https://www.destatis.de/DE/Themen/Staat/Oeffentliche-Finanzen/Schulden-Finanzvermoegen/Tabellen/integrierte-kommunale-schulden-nicht-oeffentichen-bereich-presse_2024.html,Destatis_scope_note,No zero-imputation. City-states are treated as Laender rather than municipal debt in this statistic.
DE-HH,02,Hamburg,2024,,,,not_applicable_city_state,state_functions_include_municipal_functions,https://www.destatis.de/DE/Themen/Staat/Oeffentliche-Finanzen/Schulden-Finanzvermoegen/Tabellen/integrierte-kommunale-schulden-nicht-oeffentichen-bereich-presse_2024.html,Destatis_scope_note,No zero-imputation. City-states are treated as Laender rather than municipal debt in this statistic.
DE-HB,04,Bremen,2024,,,,not_applicable_city_state,state_functions_include_municipal_functions,https://www.destatis.de/DE/Themen/Staat/Oeffentliche-Finanzen/Schulden-Finanzvermoegen/Tabellen/integrierte-kommunale-schulden-nicht-oeffentichen-bereich-presse_2024.html,Destatis_scope_note,No zero-imputation. City-states are treated as Laender rather than municipal debt in this statistic.
