ags5,name_de,state,entity_scope,period,reference_year,period_is_final,financing_balance_eur,financing_balance_per_resident_eur,operating_balance_eur,capital_balance_eur,source_url,source_type,quality_flag,notes
07111,Koblenz,Rheinland-Pfalz,kreisfreie_stadt,2025-full,2025,preliminary_quarterly_cash_statistics,-80181396,-708,2482925,-82664321,https://www.statistik.rlp.de/themen/gewerbeanzeigen/news/nachrichtendetailseite/kommunales-defizit-steigt-das-dritte-jahr-in-folge-und-verdoppelt-sich-gegenueber-2024-auf-rekordniveau,official_state_statistics_official_html_table,published_html_table_transcribed_and_aggregate_checked,independent city budget
07211,Trier,Rheinland-Pfalz,kreisfreie_stadt,2025-full,2025,preliminary_quarterly_cash_statistics,-45145592,-434,13207,-45158799,https://www.statistik.rlp.de/themen/gewerbeanzeigen/news/nachrichtendetailseite/kommunales-defizit-steigt-das-dritte-jahr-in-folge-und-verdoppelt-sich-gegenueber-2024-auf-rekordniveau,official_state_statistics_official_html_table,published_html_table_transcribed_and_aggregate_checked,independent city budget
07311,Frankenthal,Rheinland-Pfalz,kreisfreie_stadt,2025-full,2025,preliminary_quarterly_cash_statistics,-44655339,-927,-25942566,-18712773,https://www.statistik.rlp.de/themen/gewerbeanzeigen/news/nachrichtendetailseite/kommunales-defizit-steigt-das-dritte-jahr-in-folge-und-verdoppelt-sich-gegenueber-2024-auf-rekordniveau,official_state_statistics_official_html_table,published_html_table_transcribed_and_aggregate_checked,independent city budget
07312,Kaiserslautern,Rheinland-Pfalz,kreisfreie_stadt,2025-full,2025,preliminary_quarterly_cash_statistics,-10954255,-109,16519739,-27473994,https://www.statistik.rlp.de/themen/gewerbeanzeigen/news/nachrichtendetailseite/kommunales-defizit-steigt-das-dritte-jahr-in-folge-und-verdoppelt-sich-gegenueber-2024-auf-rekordniveau,official_state_statistics_official_html_table,published_html_table_transcribed_and_aggregate_checked,independent city budget
07313,Landau in der Pfalz,Rheinland-Pfalz,kreisfreie_stadt,2025-full,2025,preliminary_quarterly_cash_statistics,-17081549,-354,-9998810,-7082739,https://www.statistik.rlp.de/themen/gewerbeanzeigen/news/nachrichtendetailseite/kommunales-defizit-steigt-das-dritte-jahr-in-folge-und-verdoppelt-sich-gegenueber-2024-auf-rekordniveau,official_state_statistics_official_html_table,published_html_table_transcribed_and_aggregate_checked,independent city budget
07314,Ludwigshafen am Rhein,Rheinland-Pfalz,kreisfreie_stadt,2025-full,2025,preliminary_quarterly_cash_statistics,-182675001,-1035,-80982632,-101692369,https://www.statistik.rlp.de/themen/gewerbeanzeigen/news/nachrichtendetailseite/kommunales-defizit-steigt-das-dritte-jahr-in-folge-und-verdoppelt-sich-gegenueber-2024-auf-rekordniveau,official_state_statistics_official_html_table,published_html_table_transcribed_and_aggregate_checked,independent city budget
07315,Mainz,Rheinland-Pfalz,kreisfreie_stadt,2025-full,2025,preliminary_quarterly_cash_statistics,-219032336,-975,-109912721,-109119615,https://www.statistik.rlp.de/themen/gewerbeanzeigen/news/nachrichtendetailseite/kommunales-defizit-steigt-das-dritte-jahr-in-folge-und-verdoppelt-sich-gegenueber-2024-auf-rekordniveau,official_state_statistics_official_html_table,published_html_table_transcribed_and_aggregate_checked,independent city budget
07316,Neustadt an der Weinstraße,Rheinland-Pfalz,kreisfreie_stadt,2025-full,2025,preliminary_quarterly_cash_statistics,-32614673,-617,-4302013,-28312660,https://www.statistik.rlp.de/themen/gewerbeanzeigen/news/nachrichtendetailseite/kommunales-defizit-steigt-das-dritte-jahr-in-folge-und-verdoppelt-sich-gegenueber-2024-auf-rekordniveau,official_state_statistics_official_html_table,published_html_table_transcribed_and_aggregate_checked,independent city budget
07317,Pirmasens,Rheinland-Pfalz,kreisfreie_stadt,2025-full,2025,preliminary_quarterly_cash_statistics,-24328139,-613,-12382965,-11945174,https://www.statistik.rlp.de/themen/gewerbeanzeigen/news/nachrichtendetailseite/kommunales-defizit-steigt-das-dritte-jahr-in-folge-und-verdoppelt-sich-gegenueber-2024-auf-rekordniveau,official_state_statistics_official_html_table,published_html_table_transcribed_and_aggregate_checked,independent city budget
07318,Speyer,Rheinland-Pfalz,kreisfreie_stadt,2025-full,2025,preliminary_quarterly_cash_statistics,-28408670,-573,-17628223,-10780447,https://www.statistik.rlp.de/themen/gewerbeanzeigen/news/nachrichtendetailseite/kommunales-defizit-steigt-das-dritte-jahr-in-folge-und-verdoppelt-sich-gegenueber-2024-auf-rekordniveau,official_state_statistics_official_html_table,published_html_table_transcribed_and_aggregate_checked,independent city budget
07319,Worms,Rheinland-Pfalz,kreisfreie_stadt,2025-full,2025,preliminary_quarterly_cash_statistics,-36639483,-423,-9364762,-27274721,https://www.statistik.rlp.de/themen/gewerbeanzeigen/news/nachrichtendetailseite/kommunales-defizit-steigt-das-dritte-jahr-in-folge-und-verdoppelt-sich-gegenueber-2024-auf-rekordniveau,official_state_statistics_official_html_table,published_html_table_transcribed_and_aggregate_checked,independent city budget
07320,Zweibrücken,Rheinland-Pfalz,kreisfreie_stadt,2025-full,2025,preliminary_quarterly_cash_statistics,-8432075,-252,-4680030,-3752045,https://www.statistik.rlp.de/themen/gewerbeanzeigen/news/nachrichtendetailseite/kommunales-defizit-steigt-das-dritte-jahr-in-folge-und-verdoppelt-sich-gegenueber-2024-auf-rekordniveau,official_state_statistics_official_html_table,published_html_table_transcribed_and_aggregate_checked,independent city budget
07111,Koblenz,Rheinland-Pfalz,kreisfreie_stadt,2025-H1,2025,preliminary_quarterly_cash_statistics,-67549349,-597,-24091740,-43457609,https://www.statistik.rlp.de/themen/haushalte-familien/news/nachrichtendetailseite/kommunales-defizit-im-ersten-halbjahr-2025-gegenueber-dem-vorjahreszeitraum-gestiegen,official_state_statistics_official_html_table,published_html_table_transcribed_and_aggregate_checked,independent city budget
07211,Trier,Rheinland-Pfalz,kreisfreie_stadt,2025-H1,2025,preliminary_quarterly_cash_statistics,-43899932,-422,-28812231,-15087701,https://www.statistik.rlp.de/themen/haushalte-familien/news/nachrichtendetailseite/kommunales-defizit-im-ersten-halbjahr-2025-gegenueber-dem-vorjahreszeitraum-gestiegen,official_state_statistics_official_html_table,published_html_table_transcribed_and_aggregate_checked,independent city budget
07311,Frankenthal,Rheinland-Pfalz,kreisfreie_stadt,2025-H1,2025,preliminary_quarterly_cash_statistics,-31810479,-660,-21508950,-10301529,https://www.statistik.rlp.de/themen/haushalte-familien/news/nachrichtendetailseite/kommunales-defizit-im-ersten-halbjahr-2025-gegenueber-dem-vorjahreszeitraum-gestiegen,official_state_statistics_official_html_table,published_html_table_transcribed_and_aggregate_checked,independent city budget
07312,Kaiserslautern,Rheinland-Pfalz,kreisfreie_stadt,2025-H1,2025,preliminary_quarterly_cash_statistics,-32862771,-327,-15110183,-17752588,https://www.statistik.rlp.de/themen/haushalte-familien/news/nachrichtendetailseite/kommunales-defizit-im-ersten-halbjahr-2025-gegenueber-dem-vorjahreszeitraum-gestiegen,official_state_statistics_official_html_table,published_html_table_transcribed_and_aggregate_checked,independent city budget
07313,Landau in der Pfalz,Rheinland-Pfalz,kreisfreie_stadt,2025-H1,2025,preliminary_quarterly_cash_statistics,-28885079,-599,-24253346,-4631733,https://www.statistik.rlp.de/themen/haushalte-familien/news/nachrichtendetailseite/kommunales-defizit-im-ersten-halbjahr-2025-gegenueber-dem-vorjahreszeitraum-gestiegen,official_state_statistics_official_html_table,published_html_table_transcribed_and_aggregate_checked,independent city budget
07314,Ludwigshafen am Rhein,Rheinland-Pfalz,kreisfreie_stadt,2025-H1,2025,preliminary_quarterly_cash_statistics,-172726627,-979,-65249185,-107477442,https://www.statistik.rlp.de/themen/haushalte-familien/news/nachrichtendetailseite/kommunales-defizit-im-ersten-halbjahr-2025-gegenueber-dem-vorjahreszeitraum-gestiegen,official_state_statistics_official_html_table,published_html_table_transcribed_and_aggregate_checked,independent city budget
07315,Mainz,Rheinland-Pfalz,kreisfreie_stadt,2025-H1,2025,preliminary_quarterly_cash_statistics,-112165995,-499,-66299847,-45866148,https://www.statistik.rlp.de/themen/haushalte-familien/news/nachrichtendetailseite/kommunales-defizit-im-ersten-halbjahr-2025-gegenueber-dem-vorjahreszeitraum-gestiegen,official_state_statistics_official_html_table,published_html_table_transcribed_and_aggregate_checked,independent city budget
07316,Neustadt an der Weinstraße,Rheinland-Pfalz,kreisfreie_stadt,2025-H1,2025,preliminary_quarterly_cash_statistics,-19283365,-365,-6453640,-12829725,https://www.statistik.rlp.de/themen/haushalte-familien/news/nachrichtendetailseite/kommunales-defizit-im-ersten-halbjahr-2025-gegenueber-dem-vorjahreszeitraum-gestiegen,official_state_statistics_official_html_table,published_html_table_transcribed_and_aggregate_checked,independent city budget
07317,Pirmasens,Rheinland-Pfalz,kreisfreie_stadt,2025-H1,2025,preliminary_quarterly_cash_statistics,-8724953,-220,-5969529,-2755424,https://www.statistik.rlp.de/themen/haushalte-familien/news/nachrichtendetailseite/kommunales-defizit-im-ersten-halbjahr-2025-gegenueber-dem-vorjahreszeitraum-gestiegen,official_state_statistics_official_html_table,published_html_table_transcribed_and_aggregate_checked,independent city budget
07318,Speyer,Rheinland-Pfalz,kreisfreie_stadt,2025-H1,2025,preliminary_quarterly_cash_statistics,-26691588,-538,-24264977,-2426611,https://www.statistik.rlp.de/themen/haushalte-familien/news/nachrichtendetailseite/kommunales-defizit-im-ersten-halbjahr-2025-gegenueber-dem-vorjahreszeitraum-gestiegen,official_state_statistics_official_html_table,published_html_table_transcribed_and_aggregate_checked,independent city budget
07319,Worms,Rheinland-Pfalz,kreisfreie_stadt,2025-H1,2025,preliminary_quarterly_cash_statistics,-37527412,-433,-22208459,-15318953,https://www.statistik.rlp.de/themen/haushalte-familien/news/nachrichtendetailseite/kommunales-defizit-im-ersten-halbjahr-2025-gegenueber-dem-vorjahreszeitraum-gestiegen,official_state_statistics_official_html_table,published_html_table_transcribed_and_aggregate_checked,independent city budget
07320,Zweibrücken,Rheinland-Pfalz,kreisfreie_stadt,2025-H1,2025,preliminary_quarterly_cash_statistics,-14263708,-426,-10552869,-3710839,https://www.statistik.rlp.de/themen/haushalte-familien/news/nachrichtendetailseite/kommunales-defizit-im-ersten-halbjahr-2025-gegenueber-dem-vorjahreszeitraum-gestiegen,official_state_statistics_official_html_table,published_html_table_transcribed_and_aggregate_checked,independent city budget
07111,Koblenz,Rheinland-Pfalz,kreisfreie_stadt,2026-H1,2026,preliminary_quarterly_cash_statistics,-51701584,-457,-7113792,-44587792,https://www.statistik.rlp.de/themen/aussenhandel/news/nachrichtendetailseite/nach-rekorddefizit-2025-luecke-zwischen-ausgaben-und-einnahmen-im-ersten-halbjahr-2026-geringer,official_state_statistics_official_html_table,published_html_table_transcribed_and_aggregate_checked,independent city budget
07211,Trier,Rheinland-Pfalz,kreisfreie_stadt,2026-H1,2026,preliminary_quarterly_cash_statistics,-39355054,-376,-17954007,-21401047,https://www.statistik.rlp.de/themen/aussenhandel/news/nachrichtendetailseite/nach-rekorddefizit-2025-luecke-zwischen-ausgaben-und-einnahmen-im-ersten-halbjahr-2026-geringer,official_state_statistics_official_html_table,published_html_table_transcribed_and_aggregate_checked,independent city budget
07311,Frankenthal,Rheinland-Pfalz,kreisfreie_stadt,2026-H1,2026,preliminary_quarterly_cash_statistics,-37267577,-775,-29965526,-7302051,https://www.statistik.rlp.de/themen/aussenhandel/news/nachrichtendetailseite/nach-rekorddefizit-2025-luecke-zwischen-ausgaben-und-einnahmen-im-ersten-halbjahr-2026-geringer,official_state_statistics_official_html_table,published_html_table_transcribed_and_aggregate_checked,independent city budget
07312,Kaiserslautern,Rheinland-Pfalz,kreisfreie_stadt,2026-H1,2026,preliminary_quarterly_cash_statistics,-13907969,-139,-3398366,-10509603,https://www.statistik.rlp.de/themen/aussenhandel/news/nachrichtendetailseite/nach-rekorddefizit-2025-luecke-zwischen-ausgaben-und-einnahmen-im-ersten-halbjahr-2026-geringer,official_state_statistics_official_html_table,published_html_table_transcribed_and_aggregate_checked,independent city budget
07313,Landau in der Pfalz,Rheinland-Pfalz,kreisfreie_stadt,2026-H1,2026,preliminary_quarterly_cash_statistics,-19072876,-395,-15234080,-3838796,https://www.statistik.rlp.de/themen/aussenhandel/news/nachrichtendetailseite/nach-rekorddefizit-2025-luecke-zwischen-ausgaben-und-einnahmen-im-ersten-halbjahr-2026-geringer,official_state_statistics_official_html_table,published_html_table_transcribed_and_aggregate_checked,independent city budget
07314,Ludwigshafen am Rhein,Rheinland-Pfalz,kreisfreie_stadt,2026-H1,2026,preliminary_quarterly_cash_statistics,-51559439,-291,-24983341,-26576098,https://www.statistik.rlp.de/themen/aussenhandel/news/nachrichtendetailseite/nach-rekorddefizit-2025-luecke-zwischen-ausgaben-und-einnahmen-im-ersten-halbjahr-2026-geringer,official_state_statistics_official_html_table,published_html_table_transcribed_and_aggregate_checked,independent city budget
07315,Mainz,Rheinland-Pfalz,kreisfreie_stadt,2026-H1,2026,preliminary_quarterly_cash_statistics,-120473261,-540,-74014551,-46458710,https://www.statistik.rlp.de/themen/aussenhandel/news/nachrichtendetailseite/nach-rekorddefizit-2025-luecke-zwischen-ausgaben-und-einnahmen-im-ersten-halbjahr-2026-geringer,official_state_statistics_official_html_table,published_html_table_transcribed_and_aggregate_checked,independent city budget
07316,Neustadt an der Weinstraße,Rheinland-Pfalz,kreisfreie_stadt,2026-H1,2026,preliminary_quarterly_cash_statistics,-24271607,-459,-1792251,-22479356,https://www.statistik.rlp.de/themen/aussenhandel/news/nachrichtendetailseite/nach-rekorddefizit-2025-luecke-zwischen-ausgaben-und-einnahmen-im-ersten-halbjahr-2026-geringer,official_state_statistics_official_html_table,published_html_table_transcribed_and_aggregate_checked,independent city budget
07317,Pirmasens,Rheinland-Pfalz,kreisfreie_stadt,2026-H1,2026,preliminary_quarterly_cash_statistics,-4945533,-125,-1902112,-3043421,https://www.statistik.rlp.de/themen/aussenhandel/news/nachrichtendetailseite/nach-rekorddefizit-2025-luecke-zwischen-ausgaben-und-einnahmen-im-ersten-halbjahr-2026-geringer,official_state_statistics_official_html_table,published_html_table_transcribed_and_aggregate_checked,independent city budget
07318,Speyer,Rheinland-Pfalz,kreisfreie_stadt,2026-H1,2026,preliminary_quarterly_cash_statistics,-10863374,-220,-4942895,-5920479,https://www.statistik.rlp.de/themen/aussenhandel/news/nachrichtendetailseite/nach-rekorddefizit-2025-luecke-zwischen-ausgaben-und-einnahmen-im-ersten-halbjahr-2026-geringer,official_state_statistics_official_html_table,published_html_table_transcribed_and_aggregate_checked,independent city budget
07319,Worms,Rheinland-Pfalz,kreisfreie_stadt,2026-H1,2026,preliminary_quarterly_cash_statistics,-48993285,-564,-28614882,-20378403,https://www.statistik.rlp.de/themen/aussenhandel/news/nachrichtendetailseite/nach-rekorddefizit-2025-luecke-zwischen-ausgaben-und-einnahmen-im-ersten-halbjahr-2026-geringer,official_state_statistics_official_html_table,published_html_table_transcribed_and_aggregate_checked,independent city budget
07320,Zweibrücken,Rheinland-Pfalz,kreisfreie_stadt,2026-H1,2026,preliminary_quarterly_cash_statistics,-12421531,-374,-7857536,-4563995,https://www.statistik.rlp.de/themen/aussenhandel/news/nachrichtendetailseite/nach-rekorddefizit-2025-luecke-zwischen-ausgaben-und-einnahmen-im-ersten-halbjahr-2026-geringer,official_state_statistics_official_html_table,published_html_table_transcribed_and_aggregate_checked,independent city budget
07131,Ahrweiler,Rheinland-Pfalz,landkreis_budget_only,2025-H1,2025,preliminary_quarterly_cash_statistics,-10032111,-78,-9289907,-742204,https://www.statistik.rlp.de/themen/haushalte-familien/news/nachrichtendetailseite/kommunales-defizit-im-ersten-halbjahr-2025-gegenueber-dem-vorjahreszeitraum-gestiegen,official_state_statistics_official_html_table,published_html_table_transcribed_and_aggregate_checked,"county budget only, not subordinate municipalities"
07132,Altenkirchen,Rheinland-Pfalz,landkreis_budget_only,2025-H1,2025,preliminary_quarterly_cash_statistics,5443571,41,9063189,-3619618,https://www.statistik.rlp.de/themen/haushalte-familien/news/nachrichtendetailseite/kommunales-defizit-im-ersten-halbjahr-2025-gegenueber-dem-vorjahreszeitraum-gestiegen,official_state_statistics_official_html_table,published_html_table_transcribed_and_aggregate_checked,"county budget only, not subordinate municipalities"
07133,Bad Kreuznach,Rheinland-Pfalz,landkreis_budget_only,2025-H1,2025,preliminary_quarterly_cash_statistics,-27948687,-170,-30077132,2128445,https://www.statistik.rlp.de/themen/haushalte-familien/news/nachrichtendetailseite/kommunales-defizit-im-ersten-halbjahr-2025-gegenueber-dem-vorjahreszeitraum-gestiegen,official_state_statistics_official_html_table,published_html_table_transcribed_and_aggregate_checked,"county budget only, not subordinate municipalities"
07134,Birkenfeld,Rheinland-Pfalz,landkreis_budget_only,2025-H1,2025,preliminary_quarterly_cash_statistics,-24821470,-300,-23566840,-1254630,https://www.statistik.rlp.de/themen/haushalte-familien/news/nachrichtendetailseite/kommunales-defizit-im-ersten-halbjahr-2025-gegenueber-dem-vorjahreszeitraum-gestiegen,official_state_statistics_official_html_table,published_html_table_transcribed_and_aggregate_checked,"county budget only, not subordinate municipalities"
07135,Cochem-Zell,Rheinland-Pfalz,landkreis_budget_only,2025-H1,2025,preliminary_quarterly_cash_statistics,-27476477,-445,-24917892,-2558585,https://www.statistik.rlp.de/themen/haushalte-familien/news/nachrichtendetailseite/kommunales-defizit-im-ersten-halbjahr-2025-gegenueber-dem-vorjahreszeitraum-gestiegen,official_state_statistics_official_html_table,published_html_table_transcribed_and_aggregate_checked,"county budget only, not subordinate municipalities"
07137,Mayen-Koblenz,Rheinland-Pfalz,landkreis_budget_only,2025-H1,2025,preliminary_quarterly_cash_statistics,-10556071,-49,-6979157,-3576914,https://www.statistik.rlp.de/themen/haushalte-familien/news/nachrichtendetailseite/kommunales-defizit-im-ersten-halbjahr-2025-gegenueber-dem-vorjahreszeitraum-gestiegen,official_state_statistics_official_html_table,published_html_table_transcribed_and_aggregate_checked,"county budget only, not subordinate municipalities"
07138,Neuwied,Rheinland-Pfalz,landkreis_budget_only,2025-H1,2025,preliminary_quarterly_cash_statistics,-14686011,-78,-9902242,-4783769,https://www.statistik.rlp.de/themen/haushalte-familien/news/nachrichtendetailseite/kommunales-defizit-im-ersten-halbjahr-2025-gegenueber-dem-vorjahreszeitraum-gestiegen,official_state_statistics_official_html_table,published_html_table_transcribed_and_aggregate_checked,"county budget only, not subordinate municipalities"
07140,Rhein-Hunsrück-Kreis,Rheinland-Pfalz,landkreis_budget_only,2025-H1,2025,preliminary_quarterly_cash_statistics,-23759385,-222,-19485747,-4273638,https://www.statistik.rlp.de/themen/haushalte-familien/news/nachrichtendetailseite/kommunales-defizit-im-ersten-halbjahr-2025-gegenueber-dem-vorjahreszeitraum-gestiegen,official_state_statistics_official_html_table,published_html_table_transcribed_and_aggregate_checked,"county budget only, not subordinate municipalities"
07141,Rhein-Lahn-Kreis,Rheinland-Pfalz,landkreis_budget_only,2025-H1,2025,preliminary_quarterly_cash_statistics,-12685038,-101,-5215664,-7469374,https://www.statistik.rlp.de/themen/haushalte-familien/news/nachrichtendetailseite/kommunales-defizit-im-ersten-halbjahr-2025-gegenueber-dem-vorjahreszeitraum-gestiegen,official_state_statistics_official_html_table,published_html_table_transcribed_and_aggregate_checked,"county budget only, not subordinate municipalities"
07143,Westerwaldkreis,Rheinland-Pfalz,landkreis_budget_only,2025-H1,2025,preliminary_quarterly_cash_statistics,-38707474,-186,-26991477,-11715997,https://www.statistik.rlp.de/themen/haushalte-familien/news/nachrichtendetailseite/kommunales-defizit-im-ersten-halbjahr-2025-gegenueber-dem-vorjahreszeitraum-gestiegen,official_state_statistics_official_html_table,published_html_table_transcribed_and_aggregate_checked,"county budget only, not subordinate municipalities"
07231,Bernkastel-Wittlich,Rheinland-Pfalz,landkreis_budget_only,2025-H1,2025,preliminary_quarterly_cash_statistics,-13775164,-122,-11271961,-2503203,https://www.statistik.rlp.de/themen/haushalte-familien/news/nachrichtendetailseite/kommunales-defizit-im-ersten-halbjahr-2025-gegenueber-dem-vorjahreszeitraum-gestiegen,official_state_statistics_official_html_table,published_html_table_transcribed_and_aggregate_checked,"county budget only, not subordinate municipalities"
07232,Eifelkreis Bitburg-Prüm,Rheinland-Pfalz,landkreis_budget_only,2025-H1,2025,preliminary_quarterly_cash_statistics,-16088412,-160,-11786495,-4301917,https://www.statistik.rlp.de/themen/haushalte-familien/news/nachrichtendetailseite/kommunales-defizit-im-ersten-halbjahr-2025-gegenueber-dem-vorjahreszeitraum-gestiegen,official_state_statistics_official_html_table,published_html_table_transcribed_and_aggregate_checked,"county budget only, not subordinate municipalities"
07233,Vulkaneifel,Rheinland-Pfalz,landkreis_budget_only,2025-H1,2025,preliminary_quarterly_cash_statistics,-2807557,-47,-433133,-2374424,https://www.statistik.rlp.de/themen/haushalte-familien/news/nachrichtendetailseite/kommunales-defizit-im-ersten-halbjahr-2025-gegenueber-dem-vorjahreszeitraum-gestiegen,official_state_statistics_official_html_table,published_html_table_transcribed_and_aggregate_checked,"county budget only, not subordinate municipalities"
07235,Trier-Saarburg,Rheinland-Pfalz,landkreis_budget_only,2025-H1,2025,preliminary_quarterly_cash_statistics,-26959423,-180,-22794568,-4164855,https://www.statistik.rlp.de/themen/haushalte-familien/news/nachrichtendetailseite/kommunales-defizit-im-ersten-halbjahr-2025-gegenueber-dem-vorjahreszeitraum-gestiegen,official_state_statistics_official_html_table,published_html_table_transcribed_and_aggregate_checked,"county budget only, not subordinate municipalities"
07331,Alzey-Worms,Rheinland-Pfalz,landkreis_budget_only,2025-H1,2025,preliminary_quarterly_cash_statistics,-30605126,-234,-24645285,-5959841,https://www.statistik.rlp.de/themen/haushalte-familien/news/nachrichtendetailseite/kommunales-defizit-im-ersten-halbjahr-2025-gegenueber-dem-vorjahreszeitraum-gestiegen,official_state_statistics_official_html_table,published_html_table_transcribed_and_aggregate_checked,"county budget only, not subordinate municipalities"
07332,Bad Dürkheim,Rheinland-Pfalz,landkreis_budget_only,2025-H1,2025,preliminary_quarterly_cash_statistics,-41065529,-305,-35234591,-5830938,https://www.statistik.rlp.de/themen/haushalte-familien/news/nachrichtendetailseite/kommunales-defizit-im-ersten-halbjahr-2025-gegenueber-dem-vorjahreszeitraum-gestiegen,official_state_statistics_official_html_table,published_html_table_transcribed_and_aggregate_checked,"county budget only, not subordinate municipalities"
07333,Donnersbergkreis,Rheinland-Pfalz,landkreis_budget_only,2025-H1,2025,preliminary_quarterly_cash_statistics,-5356228,-72,1728824,-7085052,https://www.statistik.rlp.de/themen/haushalte-familien/news/nachrichtendetailseite/kommunales-defizit-im-ersten-halbjahr-2025-gegenueber-dem-vorjahreszeitraum-gestiegen,official_state_statistics_official_html_table,published_html_table_transcribed_and_aggregate_checked,"county budget only, not subordinate municipalities"
07334,Germersheim,Rheinland-Pfalz,landkreis_budget_only,2025-H1,2025,preliminary_quarterly_cash_statistics,-38230590,-290,-35365580,-2865010,https://www.statistik.rlp.de/themen/haushalte-familien/news/nachrichtendetailseite/kommunales-defizit-im-ersten-halbjahr-2025-gegenueber-dem-vorjahreszeitraum-gestiegen,official_state_statistics_official_html_table,published_html_table_transcribed_and_aggregate_checked,"county budget only, not subordinate municipalities"
07335,Kaiserslautern,Rheinland-Pfalz,landkreis_budget_only,2025-H1,2025,preliminary_quarterly_cash_statistics,-24112410,-227,-20298522,-3813888,https://www.statistik.rlp.de/themen/haushalte-familien/news/nachrichtendetailseite/kommunales-defizit-im-ersten-halbjahr-2025-gegenueber-dem-vorjahreszeitraum-gestiegen,official_state_statistics_official_html_table,published_html_table_transcribed_and_aggregate_checked,"county budget only, not subordinate municipalities"
07336,Kusel,Rheinland-Pfalz,landkreis_budget_only,2025-H1,2025,preliminary_quarterly_cash_statistics,-12690080,-182,-13394914,704834,https://www.statistik.rlp.de/themen/haushalte-familien/news/nachrichtendetailseite/kommunales-defizit-im-ersten-halbjahr-2025-gegenueber-dem-vorjahreszeitraum-gestiegen,official_state_statistics_official_html_table,published_html_table_transcribed_and_aggregate_checked,"county budget only, not subordinate municipalities"
07337,Südliche Weinstraße,Rheinland-Pfalz,landkreis_budget_only,2025-H1,2025,preliminary_quarterly_cash_statistics,-10582316,-94,-6896170,-3686146,https://www.statistik.rlp.de/themen/haushalte-familien/news/nachrichtendetailseite/kommunales-defizit-im-ersten-halbjahr-2025-gegenueber-dem-vorjahreszeitraum-gestiegen,official_state_statistics_official_html_table,published_html_table_transcribed_and_aggregate_checked,"county budget only, not subordinate municipalities"
07338,Rhein-Pfalz-Kreis,Rheinland-Pfalz,landkreis_budget_only,2025-H1,2025,preliminary_quarterly_cash_statistics,-19678838,-126,-15239565,-4439273,https://www.statistik.rlp.de/themen/haushalte-familien/news/nachrichtendetailseite/kommunales-defizit-im-ersten-halbjahr-2025-gegenueber-dem-vorjahreszeitraum-gestiegen,official_state_statistics_official_html_table,published_html_table_transcribed_and_aggregate_checked,"county budget only, not subordinate municipalities"
07339,Mainz-Bingen,Rheinland-Pfalz,landkreis_budget_only,2025-H1,2025,preliminary_quarterly_cash_statistics,-34963152,-169,-28600435,-6362717,https://www.statistik.rlp.de/themen/haushalte-familien/news/nachrichtendetailseite/kommunales-defizit-im-ersten-halbjahr-2025-gegenueber-dem-vorjahreszeitraum-gestiegen,official_state_statistics_official_html_table,published_html_table_transcribed_and_aggregate_checked,"county budget only, not subordinate municipalities"
07340,Südwestpfalz,Rheinland-Pfalz,landkreis_budget_only,2025-H1,2025,preliminary_quarterly_cash_statistics,-32292257,-358,-29768501,-2523756,https://www.statistik.rlp.de/themen/haushalte-familien/news/nachrichtendetailseite/kommunales-defizit-im-ersten-halbjahr-2025-gegenueber-dem-vorjahreszeitraum-gestiegen,official_state_statistics_official_html_table,published_html_table_transcribed_and_aggregate_checked,"county budget only, not subordinate municipalities"
07131,Ahrweiler,Rheinland-Pfalz,landkreis_budget_only,2026-H1,2026,preliminary_quarterly_cash_statistics,-21377528,-165,-20375104,-1002424,https://www.statistik.rlp.de/themen/aussenhandel/news/nachrichtendetailseite/nach-rekorddefizit-2025-luecke-zwischen-ausgaben-und-einnahmen-im-ersten-halbjahr-2026-geringer,official_state_statistics_official_html_table,published_html_table_transcribed_and_aggregate_checked,"county budget only, not subordinate municipalities"
07132,Altenkirchen,Rheinland-Pfalz,landkreis_budget_only,2026-H1,2026,preliminary_quarterly_cash_statistics,-16312908,-124,-14028446,-2284462,https://www.statistik.rlp.de/themen/aussenhandel/news/nachrichtendetailseite/nach-rekorddefizit-2025-luecke-zwischen-ausgaben-und-einnahmen-im-ersten-halbjahr-2026-geringer,official_state_statistics_official_html_table,published_html_table_transcribed_and_aggregate_checked,"county budget only, not subordinate municipalities"
07133,Bad Kreuznach,Rheinland-Pfalz,landkreis_budget_only,2026-H1,2026,preliminary_quarterly_cash_statistics,6844120,42,10975517,-4131397,https://www.statistik.rlp.de/themen/aussenhandel/news/nachrichtendetailseite/nach-rekorddefizit-2025-luecke-zwischen-ausgaben-und-einnahmen-im-ersten-halbjahr-2026-geringer,official_state_statistics_official_html_table,published_html_table_transcribed_and_aggregate_checked,"county budget only, not subordinate municipalities"
07134,Birkenfeld,Rheinland-Pfalz,landkreis_budget_only,2026-H1,2026,preliminary_quarterly_cash_statistics,-17194905,-209,-13281274,-3913631,https://www.statistik.rlp.de/themen/aussenhandel/news/nachrichtendetailseite/nach-rekorddefizit-2025-luecke-zwischen-ausgaben-und-einnahmen-im-ersten-halbjahr-2026-geringer,official_state_statistics_official_html_table,published_html_table_transcribed_and_aggregate_checked,"county budget only, not subordinate municipalities"
07135,Cochem-Zell,Rheinland-Pfalz,landkreis_budget_only,2026-H1,2026,preliminary_quarterly_cash_statistics,-21480819,-349,-19194495,-2286324,https://www.statistik.rlp.de/themen/aussenhandel/news/nachrichtendetailseite/nach-rekorddefizit-2025-luecke-zwischen-ausgaben-und-einnahmen-im-ersten-halbjahr-2026-geringer,official_state_statistics_official_html_table,published_html_table_transcribed_and_aggregate_checked,"county budget only, not subordinate municipalities"
07137,Mayen-Koblenz,Rheinland-Pfalz,landkreis_budget_only,2026-H1,2026,preliminary_quarterly_cash_statistics,2252512,10,11156356,-8903844,https://www.statistik.rlp.de/themen/aussenhandel/news/nachrichtendetailseite/nach-rekorddefizit-2025-luecke-zwischen-ausgaben-und-einnahmen-im-ersten-halbjahr-2026-geringer,official_state_statistics_official_html_table,published_html_table_transcribed_and_aggregate_checked,"county budget only, not subordinate municipalities"
07138,Neuwied,Rheinland-Pfalz,landkreis_budget_only,2026-H1,2026,preliminary_quarterly_cash_statistics,13071839,69,16103570,-3031731,https://www.statistik.rlp.de/themen/aussenhandel/news/nachrichtendetailseite/nach-rekorddefizit-2025-luecke-zwischen-ausgaben-und-einnahmen-im-ersten-halbjahr-2026-geringer,official_state_statistics_official_html_table,published_html_table_transcribed_and_aggregate_checked,"county budget only, not subordinate municipalities"
07140,Rhein-Hunsrück-Kreis,Rheinland-Pfalz,landkreis_budget_only,2026-H1,2026,preliminary_quarterly_cash_statistics,-26287233,-247,-22878271,-3408962,https://www.statistik.rlp.de/themen/aussenhandel/news/nachrichtendetailseite/nach-rekorddefizit-2025-luecke-zwischen-ausgaben-und-einnahmen-im-ersten-halbjahr-2026-geringer,official_state_statistics_official_html_table,published_html_table_transcribed_and_aggregate_checked,"county budget only, not subordinate municipalities"
07141,Rhein-Lahn-Kreis,Rheinland-Pfalz,landkreis_budget_only,2026-H1,2026,preliminary_quarterly_cash_statistics,-30279424,-242,-28675897,-1603527,https://www.statistik.rlp.de/themen/aussenhandel/news/nachrichtendetailseite/nach-rekorddefizit-2025-luecke-zwischen-ausgaben-und-einnahmen-im-ersten-halbjahr-2026-geringer,official_state_statistics_official_html_table,published_html_table_transcribed_and_aggregate_checked,"county budget only, not subordinate municipalities"
07143,Westerwaldkreis,Rheinland-Pfalz,landkreis_budget_only,2026-H1,2026,preliminary_quarterly_cash_statistics,-5754974,-28,6419379,-12174353,https://www.statistik.rlp.de/themen/aussenhandel/news/nachrichtendetailseite/nach-rekorddefizit-2025-luecke-zwischen-ausgaben-und-einnahmen-im-ersten-halbjahr-2026-geringer,official_state_statistics_official_html_table,published_html_table_transcribed_and_aggregate_checked,"county budget only, not subordinate municipalities"
07231,Bernkastel-Wittlich,Rheinland-Pfalz,landkreis_budget_only,2026-H1,2026,preliminary_quarterly_cash_statistics,3843727,34,9429822,-5586295,https://www.statistik.rlp.de/themen/aussenhandel/news/nachrichtendetailseite/nach-rekorddefizit-2025-luecke-zwischen-ausgaben-und-einnahmen-im-ersten-halbjahr-2026-geringer,official_state_statistics_official_html_table,published_source_arithmetic_mismatch_delta_200,"county budget only, not subordinate municipalities"
07232,Eifelkreis Bitburg-Prüm,Rheinland-Pfalz,landkreis_budget_only,2026-H1,2026,preliminary_quarterly_cash_statistics,-8996320,-90,-2904955,-6091365,https://www.statistik.rlp.de/themen/aussenhandel/news/nachrichtendetailseite/nach-rekorddefizit-2025-luecke-zwischen-ausgaben-und-einnahmen-im-ersten-halbjahr-2026-geringer,official_state_statistics_official_html_table,published_html_table_transcribed_and_aggregate_checked,"county budget only, not subordinate municipalities"
07233,Vulkaneifel,Rheinland-Pfalz,landkreis_budget_only,2026-H1,2026,preliminary_quarterly_cash_statistics,-3778021,-64,-2106746,-1671275,https://www.statistik.rlp.de/themen/aussenhandel/news/nachrichtendetailseite/nach-rekorddefizit-2025-luecke-zwischen-ausgaben-und-einnahmen-im-ersten-halbjahr-2026-geringer,official_state_statistics_official_html_table,published_html_table_transcribed_and_aggregate_checked,"county budget only, not subordinate municipalities"
07235,Trier-Saarburg,Rheinland-Pfalz,landkreis_budget_only,2026-H1,2026,preliminary_quarterly_cash_statistics,-32631881,-220,-16795052,-15836829,https://www.statistik.rlp.de/themen/aussenhandel/news/nachrichtendetailseite/nach-rekorddefizit-2025-luecke-zwischen-ausgaben-und-einnahmen-im-ersten-halbjahr-2026-geringer,official_state_statistics_official_html_table,published_html_table_transcribed_and_aggregate_checked,"county budget only, not subordinate municipalities"
07331,Alzey-Worms,Rheinland-Pfalz,landkreis_budget_only,2026-H1,2026,preliminary_quarterly_cash_statistics,-17496684,-133,-9472080,-8024604,https://www.statistik.rlp.de/themen/aussenhandel/news/nachrichtendetailseite/nach-rekorddefizit-2025-luecke-zwischen-ausgaben-und-einnahmen-im-ersten-halbjahr-2026-geringer,official_state_statistics_official_html_table,published_html_table_transcribed_and_aggregate_checked,"county budget only, not subordinate municipalities"
07332,Bad Dürkheim,Rheinland-Pfalz,landkreis_budget_only,2026-H1,2026,preliminary_quarterly_cash_statistics,-31769085,-237,-26790523,-4978562,https://www.statistik.rlp.de/themen/aussenhandel/news/nachrichtendetailseite/nach-rekorddefizit-2025-luecke-zwischen-ausgaben-und-einnahmen-im-ersten-halbjahr-2026-geringer,official_state_statistics_official_html_table,published_html_table_transcribed_and_aggregate_checked,"county budget only, not subordinate municipalities"
07333,Donnersbergkreis,Rheinland-Pfalz,landkreis_budget_only,2026-H1,2026,preliminary_quarterly_cash_statistics,-9491738,-127,-3505729,-5986009,https://www.statistik.rlp.de/themen/aussenhandel/news/nachrichtendetailseite/nach-rekorddefizit-2025-luecke-zwischen-ausgaben-und-einnahmen-im-ersten-halbjahr-2026-geringer,official_state_statistics_official_html_table,published_html_table_transcribed_and_aggregate_checked,"county budget only, not subordinate municipalities"
07334,Germersheim,Rheinland-Pfalz,landkreis_budget_only,2026-H1,2026,preliminary_quarterly_cash_statistics,-38122409,-291,-25778213,-12344196,https://www.statistik.rlp.de/themen/aussenhandel/news/nachrichtendetailseite/nach-rekorddefizit-2025-luecke-zwischen-ausgaben-und-einnahmen-im-ersten-halbjahr-2026-geringer,official_state_statistics_official_html_table,published_html_table_transcribed_and_aggregate_checked,"county budget only, not subordinate municipalities"
07335,Kaiserslautern,Rheinland-Pfalz,landkreis_budget_only,2026-H1,2026,preliminary_quarterly_cash_statistics,-6678522,-63,-1191551,-5486971,https://www.statistik.rlp.de/themen/aussenhandel/news/nachrichtendetailseite/nach-rekorddefizit-2025-luecke-zwischen-ausgaben-und-einnahmen-im-ersten-halbjahr-2026-geringer,official_state_statistics_official_html_table,published_html_table_transcribed_and_aggregate_checked,"county budget only, not subordinate municipalities"
07336,Kusel,Rheinland-Pfalz,landkreis_budget_only,2026-H1,2026,preliminary_quarterly_cash_statistics,-16176855,-235,-12684440,-3492415,https://www.statistik.rlp.de/themen/aussenhandel/news/nachrichtendetailseite/nach-rekorddefizit-2025-luecke-zwischen-ausgaben-und-einnahmen-im-ersten-halbjahr-2026-geringer,official_state_statistics_official_html_table,published_html_table_transcribed_and_aggregate_checked,"county budget only, not subordinate municipalities"
07337,Südliche Weinstraße,Rheinland-Pfalz,landkreis_budget_only,2026-H1,2026,preliminary_quarterly_cash_statistics,-8921352,-79,-5051943,-3869409,https://www.statistik.rlp.de/themen/aussenhandel/news/nachrichtendetailseite/nach-rekorddefizit-2025-luecke-zwischen-ausgaben-und-einnahmen-im-ersten-halbjahr-2026-geringer,official_state_statistics_official_html_table,published_html_table_transcribed_and_aggregate_checked,"county budget only, not subordinate municipalities"
07338,Rhein-Pfalz-Kreis,Rheinland-Pfalz,landkreis_budget_only,2026-H1,2026,preliminary_quarterly_cash_statistics,-7497977,-48,-963848,-6534129,https://www.statistik.rlp.de/themen/aussenhandel/news/nachrichtendetailseite/nach-rekorddefizit-2025-luecke-zwischen-ausgaben-und-einnahmen-im-ersten-halbjahr-2026-geringer,official_state_statistics_official_html_table,published_html_table_transcribed_and_aggregate_checked,"county budget only, not subordinate municipalities"
07339,Mainz-Bingen,Rheinland-Pfalz,landkreis_budget_only,2026-H1,2026,preliminary_quarterly_cash_statistics,-7430093,-36,-1630862,-5799231,https://www.statistik.rlp.de/themen/aussenhandel/news/nachrichtendetailseite/nach-rekorddefizit-2025-luecke-zwischen-ausgaben-und-einnahmen-im-ersten-halbjahr-2026-geringer,official_state_statistics_official_html_table,published_html_table_transcribed_and_aggregate_checked,"county budget only, not subordinate municipalities"
07340,Südwestpfalz,Rheinland-Pfalz,landkreis_budget_only,2026-H1,2026,preliminary_quarterly_cash_statistics,-16375851,-183,-16172664,-203187,https://www.statistik.rlp.de/themen/aussenhandel/news/nachrichtendetailseite/nach-rekorddefizit-2025-luecke-zwischen-ausgaben-und-einnahmen-im-ersten-halbjahr-2026-geringer,official_state_statistics_official_html_table,published_html_table_transcribed_and_aggregate_checked,"county budget only, not subordinate municipalities"
