state_iso,state_code,state_de,year,debt_type,debt_million_eur,quality_flag,metric_scope,source_url,pdf_printed_page,extraction_method
DE-BW,08,Baden-Württemberg,2021,investment_loans,9567,verified_report_table,municipal_debt_by_type_across_13_non_city_states_not_integrated_affiliate_debt,https://www.bertelsmann-stiftung.de/fileadmin/files/Projekte/Monitor_Nachhaltige_Kommune/Finanzreport2026.pdf,43,manual_transcription_of_2026_Bertelsmann_report_PDF_table
DE-BY,09,Bayern,2021,investment_loans,13786,verified_report_table,municipal_debt_by_type_across_13_non_city_states_not_integrated_affiliate_debt,https://www.bertelsmann-stiftung.de/fileadmin/files/Projekte/Monitor_Nachhaltige_Kommune/Finanzreport2026.pdf,43,manual_transcription_of_2026_Bertelsmann_report_PDF_table
DE-BB,12,Brandenburg,2021,investment_loans,1177,verified_report_table,municipal_debt_by_type_across_13_non_city_states_not_integrated_affiliate_debt,https://www.bertelsmann-stiftung.de/fileadmin/files/Projekte/Monitor_Nachhaltige_Kommune/Finanzreport2026.pdf,43,manual_transcription_of_2026_Bertelsmann_report_PDF_table
DE-HE,06,Hessen,2021,investment_loans,14470,verified_report_table,municipal_debt_by_type_across_13_non_city_states_not_integrated_affiliate_debt,https://www.bertelsmann-stiftung.de/fileadmin/files/Projekte/Monitor_Nachhaltige_Kommune/Finanzreport2026.pdf,43,manual_transcription_of_2026_Bertelsmann_report_PDF_table
DE-MV,13,Mecklenburg-Vorpommern,2021,investment_loans,1340,verified_report_table,municipal_debt_by_type_across_13_non_city_states_not_integrated_affiliate_debt,https://www.bertelsmann-stiftung.de/fileadmin/files/Projekte/Monitor_Nachhaltige_Kommune/Finanzreport2026.pdf,43,manual_transcription_of_2026_Bertelsmann_report_PDF_table
DE-NI,03,Niedersachsen,2021,investment_loans,11966,verified_report_table,municipal_debt_by_type_across_13_non_city_states_not_integrated_affiliate_debt,https://www.bertelsmann-stiftung.de/fileadmin/files/Projekte/Monitor_Nachhaltige_Kommune/Finanzreport2026.pdf,43,manual_transcription_of_2026_Bertelsmann_report_PDF_table
DE-NW,05,Nordrhein-Westfalen,2021,investment_loans,29499,verified_report_table,municipal_debt_by_type_across_13_non_city_states_not_integrated_affiliate_debt,https://www.bertelsmann-stiftung.de/fileadmin/files/Projekte/Monitor_Nachhaltige_Kommune/Finanzreport2026.pdf,43,manual_transcription_of_2026_Bertelsmann_report_PDF_table
DE-RP,07,Rheinland-Pfalz,2021,investment_loans,7022,verified_report_table,municipal_debt_by_type_across_13_non_city_states_not_integrated_affiliate_debt,https://www.bertelsmann-stiftung.de/fileadmin/files/Projekte/Monitor_Nachhaltige_Kommune/Finanzreport2026.pdf,43,manual_transcription_of_2026_Bertelsmann_report_PDF_table
DE-SL,10,Saarland,2021,investment_loans,1716,verified_report_table,municipal_debt_by_type_across_13_non_city_states_not_integrated_affiliate_debt,https://www.bertelsmann-stiftung.de/fileadmin/files/Projekte/Monitor_Nachhaltige_Kommune/Finanzreport2026.pdf,43,manual_transcription_of_2026_Bertelsmann_report_PDF_table
DE-SN,14,Sachsen,2021,investment_loans,2114,verified_report_table,municipal_debt_by_type_across_13_non_city_states_not_integrated_affiliate_debt,https://www.bertelsmann-stiftung.de/fileadmin/files/Projekte/Monitor_Nachhaltige_Kommune/Finanzreport2026.pdf,43,manual_transcription_of_2026_Bertelsmann_report_PDF_table
DE-ST,15,Sachsen-Anhalt,2021,investment_loans,1455,verified_report_table,municipal_debt_by_type_across_13_non_city_states_not_integrated_affiliate_debt,https://www.bertelsmann-stiftung.de/fileadmin/files/Projekte/Monitor_Nachhaltige_Kommune/Finanzreport2026.pdf,43,manual_transcription_of_2026_Bertelsmann_report_PDF_table
DE-SH,01,Schleswig-Holstein,2021,investment_loans,4379,verified_report_table,municipal_debt_by_type_across_13_non_city_states_not_integrated_affiliate_debt,https://www.bertelsmann-stiftung.de/fileadmin/files/Projekte/Monitor_Nachhaltige_Kommune/Finanzreport2026.pdf,43,manual_transcription_of_2026_Bertelsmann_report_PDF_table
DE-TH,16,Thüringen,2021,investment_loans,2029,verified_report_table,municipal_debt_by_type_across_13_non_city_states_not_integrated_affiliate_debt,https://www.bertelsmann-stiftung.de/fileadmin/files/Projekte/Monitor_Nachhaltige_Kommune/Finanzreport2026.pdf,43,manual_transcription_of_2026_Bertelsmann_report_PDF_table
DE-BE,11,Berlin,2021,investment_loans,,not_applicable_city_state,municipal_debt_by_type_across_13_non_city_states_not_integrated_affiliate_debt,https://www.bertelsmann-stiftung.de/fileadmin/files/Projekte/Monitor_Nachhaltige_Kommune/Finanzreport2026.pdf,43,manual_transcription_of_2026_Bertelsmann_report_PDF_table
DE-HB,04,Bremen,2021,investment_loans,,not_applicable_city_state,municipal_debt_by_type_across_13_non_city_states_not_integrated_affiliate_debt,https://www.bertelsmann-stiftung.de/fileadmin/files/Projekte/Monitor_Nachhaltige_Kommune/Finanzreport2026.pdf,43,manual_transcription_of_2026_Bertelsmann_report_PDF_table
DE-HH,02,Hamburg,2021,investment_loans,,not_applicable_city_state,municipal_debt_by_type_across_13_non_city_states_not_integrated_affiliate_debt,https://www.bertelsmann-stiftung.de/fileadmin/files/Projekte/Monitor_Nachhaltige_Kommune/Finanzreport2026.pdf,43,manual_transcription_of_2026_Bertelsmann_report_PDF_table
DE-BW,08,Baden-Württemberg,2022,investment_loans,10457,verified_report_table,municipal_debt_by_type_across_13_non_city_states_not_integrated_affiliate_debt,https://www.bertelsmann-stiftung.de/fileadmin/files/Projekte/Monitor_Nachhaltige_Kommune/Finanzreport2026.pdf,43,manual_transcription_of_2026_Bertelsmann_report_PDF_table
DE-BY,09,Bayern,2022,investment_loans,15800,verified_report_table,municipal_debt_by_type_across_13_non_city_states_not_integrated_affiliate_debt,https://www.bertelsmann-stiftung.de/fileadmin/files/Projekte/Monitor_Nachhaltige_Kommune/Finanzreport2026.pdf,43,manual_transcription_of_2026_Bertelsmann_report_PDF_table
DE-BB,12,Brandenburg,2022,investment_loans,1292,verified_report_table,municipal_debt_by_type_across_13_non_city_states_not_integrated_affiliate_debt,https://www.bertelsmann-stiftung.de/fileadmin/files/Projekte/Monitor_Nachhaltige_Kommune/Finanzreport2026.pdf,43,manual_transcription_of_2026_Bertelsmann_report_PDF_table
DE-HE,06,Hessen,2022,investment_loans,15349,verified_report_table,municipal_debt_by_type_across_13_non_city_states_not_integrated_affiliate_debt,https://www.bertelsmann-stiftung.de/fileadmin/files/Projekte/Monitor_Nachhaltige_Kommune/Finanzreport2026.pdf,43,manual_transcription_of_2026_Bertelsmann_report_PDF_table
DE-MV,13,Mecklenburg-Vorpommern,2022,investment_loans,1483,verified_report_table,municipal_debt_by_type_across_13_non_city_states_not_integrated_affiliate_debt,https://www.bertelsmann-stiftung.de/fileadmin/files/Projekte/Monitor_Nachhaltige_Kommune/Finanzreport2026.pdf,43,manual_transcription_of_2026_Bertelsmann_report_PDF_table
DE-NI,03,Niedersachsen,2022,investment_loans,13817,verified_report_table,municipal_debt_by_type_across_13_non_city_states_not_integrated_affiliate_debt,https://www.bertelsmann-stiftung.de/fileadmin/files/Projekte/Monitor_Nachhaltige_Kommune/Finanzreport2026.pdf,43,manual_transcription_of_2026_Bertelsmann_report_PDF_table
DE-NW,05,Nordrhein-Westfalen,2022,investment_loans,31245,verified_report_table,municipal_debt_by_type_across_13_non_city_states_not_integrated_affiliate_debt,https://www.bertelsmann-stiftung.de/fileadmin/files/Projekte/Monitor_Nachhaltige_Kommune/Finanzreport2026.pdf,43,manual_transcription_of_2026_Bertelsmann_report_PDF_table
DE-RP,07,Rheinland-Pfalz,2022,investment_loans,7281,verified_report_table,municipal_debt_by_type_across_13_non_city_states_not_integrated_affiliate_debt,https://www.bertelsmann-stiftung.de/fileadmin/files/Projekte/Monitor_Nachhaltige_Kommune/Finanzreport2026.pdf,43,manual_transcription_of_2026_Bertelsmann_report_PDF_table
DE-SL,10,Saarland,2022,investment_loans,1797,verified_report_table,municipal_debt_by_type_across_13_non_city_states_not_integrated_affiliate_debt,https://www.bertelsmann-stiftung.de/fileadmin/files/Projekte/Monitor_Nachhaltige_Kommune/Finanzreport2026.pdf,43,manual_transcription_of_2026_Bertelsmann_report_PDF_table
DE-SN,14,Sachsen,2022,investment_loans,2364,verified_report_table,municipal_debt_by_type_across_13_non_city_states_not_integrated_affiliate_debt,https://www.bertelsmann-stiftung.de/fileadmin/files/Projekte/Monitor_Nachhaltige_Kommune/Finanzreport2026.pdf,43,manual_transcription_of_2026_Bertelsmann_report_PDF_table
DE-ST,15,Sachsen-Anhalt,2022,investment_loans,1691,verified_report_table,municipal_debt_by_type_across_13_non_city_states_not_integrated_affiliate_debt,https://www.bertelsmann-stiftung.de/fileadmin/files/Projekte/Monitor_Nachhaltige_Kommune/Finanzreport2026.pdf,43,manual_transcription_of_2026_Bertelsmann_report_PDF_table
DE-SH,01,Schleswig-Holstein,2022,investment_loans,4709,verified_report_table,municipal_debt_by_type_across_13_non_city_states_not_integrated_affiliate_debt,https://www.bertelsmann-stiftung.de/fileadmin/files/Projekte/Monitor_Nachhaltige_Kommune/Finanzreport2026.pdf,43,manual_transcription_of_2026_Bertelsmann_report_PDF_table
DE-TH,16,Thüringen,2022,investment_loans,1839,verified_report_table,municipal_debt_by_type_across_13_non_city_states_not_integrated_affiliate_debt,https://www.bertelsmann-stiftung.de/fileadmin/files/Projekte/Monitor_Nachhaltige_Kommune/Finanzreport2026.pdf,43,manual_transcription_of_2026_Bertelsmann_report_PDF_table
DE-BE,11,Berlin,2022,investment_loans,,not_applicable_city_state,municipal_debt_by_type_across_13_non_city_states_not_integrated_affiliate_debt,https://www.bertelsmann-stiftung.de/fileadmin/files/Projekte/Monitor_Nachhaltige_Kommune/Finanzreport2026.pdf,43,manual_transcription_of_2026_Bertelsmann_report_PDF_table
DE-HB,04,Bremen,2022,investment_loans,,not_applicable_city_state,municipal_debt_by_type_across_13_non_city_states_not_integrated_affiliate_debt,https://www.bertelsmann-stiftung.de/fileadmin/files/Projekte/Monitor_Nachhaltige_Kommune/Finanzreport2026.pdf,43,manual_transcription_of_2026_Bertelsmann_report_PDF_table
DE-HH,02,Hamburg,2022,investment_loans,,not_applicable_city_state,municipal_debt_by_type_across_13_non_city_states_not_integrated_affiliate_debt,https://www.bertelsmann-stiftung.de/fileadmin/files/Projekte/Monitor_Nachhaltige_Kommune/Finanzreport2026.pdf,43,manual_transcription_of_2026_Bertelsmann_report_PDF_table
DE-BW,08,Baden-Württemberg,2023,investment_loans,11230,verified_report_table,municipal_debt_by_type_across_13_non_city_states_not_integrated_affiliate_debt,https://www.bertelsmann-stiftung.de/fileadmin/files/Projekte/Monitor_Nachhaltige_Kommune/Finanzreport2026.pdf,43,manual_transcription_of_2026_Bertelsmann_report_PDF_table
DE-BY,09,Bayern,2023,investment_loans,18155,verified_report_table,municipal_debt_by_type_across_13_non_city_states_not_integrated_affiliate_debt,https://www.bertelsmann-stiftung.de/fileadmin/files/Projekte/Monitor_Nachhaltige_Kommune/Finanzreport2026.pdf,43,manual_transcription_of_2026_Bertelsmann_report_PDF_table
DE-BB,12,Brandenburg,2023,investment_loans,1352,verified_report_table,municipal_debt_by_type_across_13_non_city_states_not_integrated_affiliate_debt,https://www.bertelsmann-stiftung.de/fileadmin/files/Projekte/Monitor_Nachhaltige_Kommune/Finanzreport2026.pdf,43,manual_transcription_of_2026_Bertelsmann_report_PDF_table
DE-HE,06,Hessen,2023,investment_loans,16964,verified_report_table,municipal_debt_by_type_across_13_non_city_states_not_integrated_affiliate_debt,https://www.bertelsmann-stiftung.de/fileadmin/files/Projekte/Monitor_Nachhaltige_Kommune/Finanzreport2026.pdf,43,manual_transcription_of_2026_Bertelsmann_report_PDF_table
DE-MV,13,Mecklenburg-Vorpommern,2023,investment_loans,1659,verified_report_table,municipal_debt_by_type_across_13_non_city_states_not_integrated_affiliate_debt,https://www.bertelsmann-stiftung.de/fileadmin/files/Projekte/Monitor_Nachhaltige_Kommune/Finanzreport2026.pdf,43,manual_transcription_of_2026_Bertelsmann_report_PDF_table
DE-NI,03,Niedersachsen,2023,investment_loans,15425,verified_report_table,municipal_debt_by_type_across_13_non_city_states_not_integrated_affiliate_debt,https://www.bertelsmann-stiftung.de/fileadmin/files/Projekte/Monitor_Nachhaltige_Kommune/Finanzreport2026.pdf,43,manual_transcription_of_2026_Bertelsmann_report_PDF_table
DE-NW,05,Nordrhein-Westfalen,2023,investment_loans,36205,verified_report_table,municipal_debt_by_type_across_13_non_city_states_not_integrated_affiliate_debt,https://www.bertelsmann-stiftung.de/fileadmin/files/Projekte/Monitor_Nachhaltige_Kommune/Finanzreport2026.pdf,43,manual_transcription_of_2026_Bertelsmann_report_PDF_table
DE-RP,07,Rheinland-Pfalz,2023,investment_loans,7561,verified_report_table,municipal_debt_by_type_across_13_non_city_states_not_integrated_affiliate_debt,https://www.bertelsmann-stiftung.de/fileadmin/files/Projekte/Monitor_Nachhaltige_Kommune/Finanzreport2026.pdf,43,manual_transcription_of_2026_Bertelsmann_report_PDF_table
DE-SL,10,Saarland,2023,investment_loans,1804,verified_report_table,municipal_debt_by_type_across_13_non_city_states_not_integrated_affiliate_debt,https://www.bertelsmann-stiftung.de/fileadmin/files/Projekte/Monitor_Nachhaltige_Kommune/Finanzreport2026.pdf,43,manual_transcription_of_2026_Bertelsmann_report_PDF_table
DE-SN,14,Sachsen,2023,investment_loans,2682,verified_report_table,municipal_debt_by_type_across_13_non_city_states_not_integrated_affiliate_debt,https://www.bertelsmann-stiftung.de/fileadmin/files/Projekte/Monitor_Nachhaltige_Kommune/Finanzreport2026.pdf,43,manual_transcription_of_2026_Bertelsmann_report_PDF_table
DE-ST,15,Sachsen-Anhalt,2023,investment_loans,2015,verified_report_table,municipal_debt_by_type_across_13_non_city_states_not_integrated_affiliate_debt,https://www.bertelsmann-stiftung.de/fileadmin/files/Projekte/Monitor_Nachhaltige_Kommune/Finanzreport2026.pdf,43,manual_transcription_of_2026_Bertelsmann_report_PDF_table
DE-SH,01,Schleswig-Holstein,2023,investment_loans,5112,verified_report_table,municipal_debt_by_type_across_13_non_city_states_not_integrated_affiliate_debt,https://www.bertelsmann-stiftung.de/fileadmin/files/Projekte/Monitor_Nachhaltige_Kommune/Finanzreport2026.pdf,43,manual_transcription_of_2026_Bertelsmann_report_PDF_table
DE-TH,16,Thüringen,2023,investment_loans,1857,verified_report_table,municipal_debt_by_type_across_13_non_city_states_not_integrated_affiliate_debt,https://www.bertelsmann-stiftung.de/fileadmin/files/Projekte/Monitor_Nachhaltige_Kommune/Finanzreport2026.pdf,43,manual_transcription_of_2026_Bertelsmann_report_PDF_table
DE-BE,11,Berlin,2023,investment_loans,,not_applicable_city_state,municipal_debt_by_type_across_13_non_city_states_not_integrated_affiliate_debt,https://www.bertelsmann-stiftung.de/fileadmin/files/Projekte/Monitor_Nachhaltige_Kommune/Finanzreport2026.pdf,43,manual_transcription_of_2026_Bertelsmann_report_PDF_table
DE-HB,04,Bremen,2023,investment_loans,,not_applicable_city_state,municipal_debt_by_type_across_13_non_city_states_not_integrated_affiliate_debt,https://www.bertelsmann-stiftung.de/fileadmin/files/Projekte/Monitor_Nachhaltige_Kommune/Finanzreport2026.pdf,43,manual_transcription_of_2026_Bertelsmann_report_PDF_table
DE-HH,02,Hamburg,2023,investment_loans,,not_applicable_city_state,municipal_debt_by_type_across_13_non_city_states_not_integrated_affiliate_debt,https://www.bertelsmann-stiftung.de/fileadmin/files/Projekte/Monitor_Nachhaltige_Kommune/Finanzreport2026.pdf,43,manual_transcription_of_2026_Bertelsmann_report_PDF_table
DE-BW,08,Baden-Württemberg,2024,investment_loans,12658,verified_report_table,municipal_debt_by_type_across_13_non_city_states_not_integrated_affiliate_debt,https://www.bertelsmann-stiftung.de/fileadmin/files/Projekte/Monitor_Nachhaltige_Kommune/Finanzreport2026.pdf,43,manual_transcription_of_2026_Bertelsmann_report_PDF_table
DE-BY,09,Bayern,2024,investment_loans,20226,verified_report_table,municipal_debt_by_type_across_13_non_city_states_not_integrated_affiliate_debt,https://www.bertelsmann-stiftung.de/fileadmin/files/Projekte/Monitor_Nachhaltige_Kommune/Finanzreport2026.pdf,43,manual_transcription_of_2026_Bertelsmann_report_PDF_table
DE-BB,12,Brandenburg,2024,investment_loans,1420,verified_report_table,municipal_debt_by_type_across_13_non_city_states_not_integrated_affiliate_debt,https://www.bertelsmann-stiftung.de/fileadmin/files/Projekte/Monitor_Nachhaltige_Kommune/Finanzreport2026.pdf,43,manual_transcription_of_2026_Bertelsmann_report_PDF_table
DE-HE,06,Hessen,2024,investment_loans,18481,verified_report_table,municipal_debt_by_type_across_13_non_city_states_not_integrated_affiliate_debt,https://www.bertelsmann-stiftung.de/fileadmin/files/Projekte/Monitor_Nachhaltige_Kommune/Finanzreport2026.pdf,43,manual_transcription_of_2026_Bertelsmann_report_PDF_table
DE-MV,13,Mecklenburg-Vorpommern,2024,investment_loans,1955,verified_report_table,municipal_debt_by_type_across_13_non_city_states_not_integrated_affiliate_debt,https://www.bertelsmann-stiftung.de/fileadmin/files/Projekte/Monitor_Nachhaltige_Kommune/Finanzreport2026.pdf,43,manual_transcription_of_2026_Bertelsmann_report_PDF_table
DE-NI,03,Niedersachsen,2024,investment_loans,17400,verified_report_table,municipal_debt_by_type_across_13_non_city_states_not_integrated_affiliate_debt,https://www.bertelsmann-stiftung.de/fileadmin/files/Projekte/Monitor_Nachhaltige_Kommune/Finanzreport2026.pdf,43,manual_transcription_of_2026_Bertelsmann_report_PDF_table
DE-NW,05,Nordrhein-Westfalen,2024,investment_loans,40421,verified_report_table,municipal_debt_by_type_across_13_non_city_states_not_integrated_affiliate_debt,https://www.bertelsmann-stiftung.de/fileadmin/files/Projekte/Monitor_Nachhaltige_Kommune/Finanzreport2026.pdf,43,manual_transcription_of_2026_Bertelsmann_report_PDF_table
DE-RP,07,Rheinland-Pfalz,2024,investment_loans,7390,verified_report_table,municipal_debt_by_type_across_13_non_city_states_not_integrated_affiliate_debt,https://www.bertelsmann-stiftung.de/fileadmin/files/Projekte/Monitor_Nachhaltige_Kommune/Finanzreport2026.pdf,43,manual_transcription_of_2026_Bertelsmann_report_PDF_table
DE-SL,10,Saarland,2024,investment_loans,2133,verified_report_table,municipal_debt_by_type_across_13_non_city_states_not_integrated_affiliate_debt,https://www.bertelsmann-stiftung.de/fileadmin/files/Projekte/Monitor_Nachhaltige_Kommune/Finanzreport2026.pdf,43,manual_transcription_of_2026_Bertelsmann_report_PDF_table
DE-SN,14,Sachsen,2024,investment_loans,3228,verified_report_table,municipal_debt_by_type_across_13_non_city_states_not_integrated_affiliate_debt,https://www.bertelsmann-stiftung.de/fileadmin/files/Projekte/Monitor_Nachhaltige_Kommune/Finanzreport2026.pdf,43,manual_transcription_of_2026_Bertelsmann_report_PDF_table
DE-ST,15,Sachsen-Anhalt,2024,investment_loans,2270,verified_report_table,municipal_debt_by_type_across_13_non_city_states_not_integrated_affiliate_debt,https://www.bertelsmann-stiftung.de/fileadmin/files/Projekte/Monitor_Nachhaltige_Kommune/Finanzreport2026.pdf,43,manual_transcription_of_2026_Bertelsmann_report_PDF_table
DE-SH,01,Schleswig-Holstein,2024,investment_loans,5434,verified_report_table,municipal_debt_by_type_across_13_non_city_states_not_integrated_affiliate_debt,https://www.bertelsmann-stiftung.de/fileadmin/files/Projekte/Monitor_Nachhaltige_Kommune/Finanzreport2026.pdf,43,manual_transcription_of_2026_Bertelsmann_report_PDF_table
DE-TH,16,Thüringen,2024,investment_loans,1792,verified_report_table,municipal_debt_by_type_across_13_non_city_states_not_integrated_affiliate_debt,https://www.bertelsmann-stiftung.de/fileadmin/files/Projekte/Monitor_Nachhaltige_Kommune/Finanzreport2026.pdf,43,manual_transcription_of_2026_Bertelsmann_report_PDF_table
DE-BE,11,Berlin,2024,investment_loans,,not_applicable_city_state,municipal_debt_by_type_across_13_non_city_states_not_integrated_affiliate_debt,https://www.bertelsmann-stiftung.de/fileadmin/files/Projekte/Monitor_Nachhaltige_Kommune/Finanzreport2026.pdf,43,manual_transcription_of_2026_Bertelsmann_report_PDF_table
DE-HB,04,Bremen,2024,investment_loans,,not_applicable_city_state,municipal_debt_by_type_across_13_non_city_states_not_integrated_affiliate_debt,https://www.bertelsmann-stiftung.de/fileadmin/files/Projekte/Monitor_Nachhaltige_Kommune/Finanzreport2026.pdf,43,manual_transcription_of_2026_Bertelsmann_report_PDF_table
DE-HH,02,Hamburg,2024,investment_loans,,not_applicable_city_state,municipal_debt_by_type_across_13_non_city_states_not_integrated_affiliate_debt,https://www.bertelsmann-stiftung.de/fileadmin/files/Projekte/Monitor_Nachhaltige_Kommune/Finanzreport2026.pdf,43,manual_transcription_of_2026_Bertelsmann_report_PDF_table
DE-BW,08,Baden-Württemberg,2025,investment_loans,16562,verified_report_table,municipal_debt_by_type_across_13_non_city_states_not_integrated_affiliate_debt,https://www.bertelsmann-stiftung.de/fileadmin/files/Projekte/Monitor_Nachhaltige_Kommune/Finanzreport2026.pdf,43,manual_transcription_of_2026_Bertelsmann_report_PDF_table
DE-BY,09,Bayern,2025,investment_loans,23852,verified_report_table,municipal_debt_by_type_across_13_non_city_states_not_integrated_affiliate_debt,https://www.bertelsmann-stiftung.de/fileadmin/files/Projekte/Monitor_Nachhaltige_Kommune/Finanzreport2026.pdf,43,manual_transcription_of_2026_Bertelsmann_report_PDF_table
DE-BB,12,Brandenburg,2025,investment_loans,1597,verified_report_table,municipal_debt_by_type_across_13_non_city_states_not_integrated_affiliate_debt,https://www.bertelsmann-stiftung.de/fileadmin/files/Projekte/Monitor_Nachhaltige_Kommune/Finanzreport2026.pdf,43,manual_transcription_of_2026_Bertelsmann_report_PDF_table
DE-HE,06,Hessen,2025,investment_loans,20093,verified_report_table,municipal_debt_by_type_across_13_non_city_states_not_integrated_affiliate_debt,https://www.bertelsmann-stiftung.de/fileadmin/files/Projekte/Monitor_Nachhaltige_Kommune/Finanzreport2026.pdf,43,manual_transcription_of_2026_Bertelsmann_report_PDF_table
DE-MV,13,Mecklenburg-Vorpommern,2025,investment_loans,2238,verified_report_table,municipal_debt_by_type_across_13_non_city_states_not_integrated_affiliate_debt,https://www.bertelsmann-stiftung.de/fileadmin/files/Projekte/Monitor_Nachhaltige_Kommune/Finanzreport2026.pdf,43,manual_transcription_of_2026_Bertelsmann_report_PDF_table
DE-NI,03,Niedersachsen,2025,investment_loans,20404,verified_report_table,municipal_debt_by_type_across_13_non_city_states_not_integrated_affiliate_debt,https://www.bertelsmann-stiftung.de/fileadmin/files/Projekte/Monitor_Nachhaltige_Kommune/Finanzreport2026.pdf,43,manual_transcription_of_2026_Bertelsmann_report_PDF_table
DE-NW,05,Nordrhein-Westfalen,2025,investment_loans,46187,verified_report_table,municipal_debt_by_type_across_13_non_city_states_not_integrated_affiliate_debt,https://www.bertelsmann-stiftung.de/fileadmin/files/Projekte/Monitor_Nachhaltige_Kommune/Finanzreport2026.pdf,43,manual_transcription_of_2026_Bertelsmann_report_PDF_table
DE-RP,07,Rheinland-Pfalz,2025,investment_loans,8106,verified_report_table,municipal_debt_by_type_across_13_non_city_states_not_integrated_affiliate_debt,https://www.bertelsmann-stiftung.de/fileadmin/files/Projekte/Monitor_Nachhaltige_Kommune/Finanzreport2026.pdf,43,manual_transcription_of_2026_Bertelsmann_report_PDF_table
DE-SL,10,Saarland,2025,investment_loans,2327,verified_report_table,municipal_debt_by_type_across_13_non_city_states_not_integrated_affiliate_debt,https://www.bertelsmann-stiftung.de/fileadmin/files/Projekte/Monitor_Nachhaltige_Kommune/Finanzreport2026.pdf,43,manual_transcription_of_2026_Bertelsmann_report_PDF_table
DE-SN,14,Sachsen,2025,investment_loans,3381,verified_report_table,municipal_debt_by_type_across_13_non_city_states_not_integrated_affiliate_debt,https://www.bertelsmann-stiftung.de/fileadmin/files/Projekte/Monitor_Nachhaltige_Kommune/Finanzreport2026.pdf,43,manual_transcription_of_2026_Bertelsmann_report_PDF_table
DE-ST,15,Sachsen-Anhalt,2025,investment_loans,2526,verified_report_table,municipal_debt_by_type_across_13_non_city_states_not_integrated_affiliate_debt,https://www.bertelsmann-stiftung.de/fileadmin/files/Projekte/Monitor_Nachhaltige_Kommune/Finanzreport2026.pdf,43,manual_transcription_of_2026_Bertelsmann_report_PDF_table
DE-SH,01,Schleswig-Holstein,2025,investment_loans,6144,verified_report_table,municipal_debt_by_type_across_13_non_city_states_not_integrated_affiliate_debt,https://www.bertelsmann-stiftung.de/fileadmin/files/Projekte/Monitor_Nachhaltige_Kommune/Finanzreport2026.pdf,43,manual_transcription_of_2026_Bertelsmann_report_PDF_table
DE-TH,16,Thüringen,2025,investment_loans,1719,verified_report_table,municipal_debt_by_type_across_13_non_city_states_not_integrated_affiliate_debt,https://www.bertelsmann-stiftung.de/fileadmin/files/Projekte/Monitor_Nachhaltige_Kommune/Finanzreport2026.pdf,43,manual_transcription_of_2026_Bertelsmann_report_PDF_table
DE-BE,11,Berlin,2025,investment_loans,,not_applicable_city_state,municipal_debt_by_type_across_13_non_city_states_not_integrated_affiliate_debt,https://www.bertelsmann-stiftung.de/fileadmin/files/Projekte/Monitor_Nachhaltige_Kommune/Finanzreport2026.pdf,43,manual_transcription_of_2026_Bertelsmann_report_PDF_table
DE-HB,04,Bremen,2025,investment_loans,,not_applicable_city_state,municipal_debt_by_type_across_13_non_city_states_not_integrated_affiliate_debt,https://www.bertelsmann-stiftung.de/fileadmin/files/Projekte/Monitor_Nachhaltige_Kommune/Finanzreport2026.pdf,43,manual_transcription_of_2026_Bertelsmann_report_PDF_table
DE-HH,02,Hamburg,2025,investment_loans,,not_applicable_city_state,municipal_debt_by_type_across_13_non_city_states_not_integrated_affiliate_debt,https://www.bertelsmann-stiftung.de/fileadmin/files/Projekte/Monitor_Nachhaltige_Kommune/Finanzreport2026.pdf,43,manual_transcription_of_2026_Bertelsmann_report_PDF_table
DE-BW,08,Baden-Württemberg,2021,cash_loans,692,verified_report_table,municipal_debt_by_type_across_13_non_city_states_not_integrated_affiliate_debt,https://www.bertelsmann-stiftung.de/fileadmin/files/Projekte/Monitor_Nachhaltige_Kommune/Finanzreport2026.pdf,44,manual_transcription_of_2026_Bertelsmann_report_PDF_table
DE-BY,09,Bayern,2021,cash_loans,255,verified_report_table,municipal_debt_by_type_across_13_non_city_states_not_integrated_affiliate_debt,https://www.bertelsmann-stiftung.de/fileadmin/files/Projekte/Monitor_Nachhaltige_Kommune/Finanzreport2026.pdf,44,manual_transcription_of_2026_Bertelsmann_report_PDF_table
DE-BB,12,Brandenburg,2021,cash_loans,258,verified_report_table,municipal_debt_by_type_across_13_non_city_states_not_integrated_affiliate_debt,https://www.bertelsmann-stiftung.de/fileadmin/files/Projekte/Monitor_Nachhaltige_Kommune/Finanzreport2026.pdf,44,manual_transcription_of_2026_Bertelsmann_report_PDF_table
DE-HE,06,Hessen,2021,cash_loans,196,verified_report_table,municipal_debt_by_type_across_13_non_city_states_not_integrated_affiliate_debt,https://www.bertelsmann-stiftung.de/fileadmin/files/Projekte/Monitor_Nachhaltige_Kommune/Finanzreport2026.pdf,44,manual_transcription_of_2026_Bertelsmann_report_PDF_table
DE-MV,13,Mecklenburg-Vorpommern,2021,cash_loans,273,verified_report_table,municipal_debt_by_type_across_13_non_city_states_not_integrated_affiliate_debt,https://www.bertelsmann-stiftung.de/fileadmin/files/Projekte/Monitor_Nachhaltige_Kommune/Finanzreport2026.pdf,44,manual_transcription_of_2026_Bertelsmann_report_PDF_table
DE-NI,03,Niedersachsen,2021,cash_loans,1333,verified_report_table,municipal_debt_by_type_across_13_non_city_states_not_integrated_affiliate_debt,https://www.bertelsmann-stiftung.de/fileadmin/files/Projekte/Monitor_Nachhaltige_Kommune/Finanzreport2026.pdf,44,manual_transcription_of_2026_Bertelsmann_report_PDF_table
DE-NW,05,Nordrhein-Westfalen,2021,cash_loans,18909,verified_report_table,municipal_debt_by_type_across_13_non_city_states_not_integrated_affiliate_debt,https://www.bertelsmann-stiftung.de/fileadmin/files/Projekte/Monitor_Nachhaltige_Kommune/Finanzreport2026.pdf,44,manual_transcription_of_2026_Bertelsmann_report_PDF_table
DE-RP,07,Rheinland-Pfalz,2021,cash_loans,4766,verified_report_table,municipal_debt_by_type_across_13_non_city_states_not_integrated_affiliate_debt,https://www.bertelsmann-stiftung.de/fileadmin/files/Projekte/Monitor_Nachhaltige_Kommune/Finanzreport2026.pdf,44,manual_transcription_of_2026_Bertelsmann_report_PDF_table
DE-SL,10,Saarland,2021,cash_loans,1099,verified_report_table,municipal_debt_by_type_across_13_non_city_states_not_integrated_affiliate_debt,https://www.bertelsmann-stiftung.de/fileadmin/files/Projekte/Monitor_Nachhaltige_Kommune/Finanzreport2026.pdf,44,manual_transcription_of_2026_Bertelsmann_report_PDF_table
DE-SN,14,Sachsen,2021,cash_loans,112,verified_report_table,municipal_debt_by_type_across_13_non_city_states_not_integrated_affiliate_debt,https://www.bertelsmann-stiftung.de/fileadmin/files/Projekte/Monitor_Nachhaltige_Kommune/Finanzreport2026.pdf,44,manual_transcription_of_2026_Bertelsmann_report_PDF_table
DE-ST,15,Sachsen-Anhalt,2021,cash_loans,1178,verified_report_table,municipal_debt_by_type_across_13_non_city_states_not_integrated_affiliate_debt,https://www.bertelsmann-stiftung.de/fileadmin/files/Projekte/Monitor_Nachhaltige_Kommune/Finanzreport2026.pdf,44,manual_transcription_of_2026_Bertelsmann_report_PDF_table
DE-SH,01,Schleswig-Holstein,2021,cash_loans,375,verified_report_table,municipal_debt_by_type_across_13_non_city_states_not_integrated_affiliate_debt,https://www.bertelsmann-stiftung.de/fileadmin/files/Projekte/Monitor_Nachhaltige_Kommune/Finanzreport2026.pdf,44,manual_transcription_of_2026_Bertelsmann_report_PDF_table
DE-TH,16,Thüringen,2021,cash_loans,15,verified_report_table,municipal_debt_by_type_across_13_non_city_states_not_integrated_affiliate_debt,https://www.bertelsmann-stiftung.de/fileadmin/files/Projekte/Monitor_Nachhaltige_Kommune/Finanzreport2026.pdf,44,manual_transcription_of_2026_Bertelsmann_report_PDF_table
DE-BE,11,Berlin,2021,cash_loans,,not_applicable_city_state,municipal_debt_by_type_across_13_non_city_states_not_integrated_affiliate_debt,https://www.bertelsmann-stiftung.de/fileadmin/files/Projekte/Monitor_Nachhaltige_Kommune/Finanzreport2026.pdf,44,manual_transcription_of_2026_Bertelsmann_report_PDF_table
DE-HB,04,Bremen,2021,cash_loans,,not_applicable_city_state,municipal_debt_by_type_across_13_non_city_states_not_integrated_affiliate_debt,https://www.bertelsmann-stiftung.de/fileadmin/files/Projekte/Monitor_Nachhaltige_Kommune/Finanzreport2026.pdf,44,manual_transcription_of_2026_Bertelsmann_report_PDF_table
DE-HH,02,Hamburg,2021,cash_loans,,not_applicable_city_state,municipal_debt_by_type_across_13_non_city_states_not_integrated_affiliate_debt,https://www.bertelsmann-stiftung.de/fileadmin/files/Projekte/Monitor_Nachhaltige_Kommune/Finanzreport2026.pdf,44,manual_transcription_of_2026_Bertelsmann_report_PDF_table
DE-BW,08,Baden-Württemberg,2022,cash_loans,635,verified_report_table,municipal_debt_by_type_across_13_non_city_states_not_integrated_affiliate_debt,https://www.bertelsmann-stiftung.de/fileadmin/files/Projekte/Monitor_Nachhaltige_Kommune/Finanzreport2026.pdf,44,manual_transcription_of_2026_Bertelsmann_report_PDF_table
DE-BY,09,Bayern,2022,cash_loans,182,verified_report_table,municipal_debt_by_type_across_13_non_city_states_not_integrated_affiliate_debt,https://www.bertelsmann-stiftung.de/fileadmin/files/Projekte/Monitor_Nachhaltige_Kommune/Finanzreport2026.pdf,44,manual_transcription_of_2026_Bertelsmann_report_PDF_table
DE-BB,12,Brandenburg,2022,cash_loans,181,verified_report_table,municipal_debt_by_type_across_13_non_city_states_not_integrated_affiliate_debt,https://www.bertelsmann-stiftung.de/fileadmin/files/Projekte/Monitor_Nachhaltige_Kommune/Finanzreport2026.pdf,44,manual_transcription_of_2026_Bertelsmann_report_PDF_table
DE-HE,06,Hessen,2022,cash_loans,69,verified_report_table,municipal_debt_by_type_across_13_non_city_states_not_integrated_affiliate_debt,https://www.bertelsmann-stiftung.de/fileadmin/files/Projekte/Monitor_Nachhaltige_Kommune/Finanzreport2026.pdf,44,manual_transcription_of_2026_Bertelsmann_report_PDF_table
DE-MV,13,Mecklenburg-Vorpommern,2022,cash_loans,156,verified_report_table,municipal_debt_by_type_across_13_non_city_states_not_integrated_affiliate_debt,https://www.bertelsmann-stiftung.de/fileadmin/files/Projekte/Monitor_Nachhaltige_Kommune/Finanzreport2026.pdf,44,manual_transcription_of_2026_Bertelsmann_report_PDF_table
DE-NI,03,Niedersachsen,2022,cash_loans,1085,verified_report_table,municipal_debt_by_type_across_13_non_city_states_not_integrated_affiliate_debt,https://www.bertelsmann-stiftung.de/fileadmin/files/Projekte/Monitor_Nachhaltige_Kommune/Finanzreport2026.pdf,44,manual_transcription_of_2026_Bertelsmann_report_PDF_table
DE-NW,05,Nordrhein-Westfalen,2022,cash_loans,18616,verified_report_table,municipal_debt_by_type_across_13_non_city_states_not_integrated_affiliate_debt,https://www.bertelsmann-stiftung.de/fileadmin/files/Projekte/Monitor_Nachhaltige_Kommune/Finanzreport2026.pdf,44,manual_transcription_of_2026_Bertelsmann_report_PDF_table
DE-RP,07,Rheinland-Pfalz,2022,cash_loans,4573,verified_report_table,municipal_debt_by_type_across_13_non_city_states_not_integrated_affiliate_debt,https://www.bertelsmann-stiftung.de/fileadmin/files/Projekte/Monitor_Nachhaltige_Kommune/Finanzreport2026.pdf,44,manual_transcription_of_2026_Bertelsmann_report_PDF_table
DE-SL,10,Saarland,2022,cash_loans,910,verified_report_table,municipal_debt_by_type_across_13_non_city_states_not_integrated_affiliate_debt,https://www.bertelsmann-stiftung.de/fileadmin/files/Projekte/Monitor_Nachhaltige_Kommune/Finanzreport2026.pdf,44,manual_transcription_of_2026_Bertelsmann_report_PDF_table
DE-SN,14,Sachsen,2022,cash_loans,320,verified_report_table,municipal_debt_by_type_across_13_non_city_states_not_integrated_affiliate_debt,https://www.bertelsmann-stiftung.de/fileadmin/files/Projekte/Monitor_Nachhaltige_Kommune/Finanzreport2026.pdf,44,manual_transcription_of_2026_Bertelsmann_report_PDF_table
DE-ST,15,Sachsen-Anhalt,2022,cash_loans,1160,verified_report_table,municipal_debt_by_type_across_13_non_city_states_not_integrated_affiliate_debt,https://www.bertelsmann-stiftung.de/fileadmin/files/Projekte/Monitor_Nachhaltige_Kommune/Finanzreport2026.pdf,44,manual_transcription_of_2026_Bertelsmann_report_PDF_table
DE-SH,01,Schleswig-Holstein,2022,cash_loans,201,verified_report_table,municipal_debt_by_type_across_13_non_city_states_not_integrated_affiliate_debt,https://www.bertelsmann-stiftung.de/fileadmin/files/Projekte/Monitor_Nachhaltige_Kommune/Finanzreport2026.pdf,44,manual_transcription_of_2026_Bertelsmann_report_PDF_table
DE-TH,16,Thüringen,2022,cash_loans,21,verified_report_table,municipal_debt_by_type_across_13_non_city_states_not_integrated_affiliate_debt,https://www.bertelsmann-stiftung.de/fileadmin/files/Projekte/Monitor_Nachhaltige_Kommune/Finanzreport2026.pdf,44,manual_transcription_of_2026_Bertelsmann_report_PDF_table
DE-BE,11,Berlin,2022,cash_loans,,not_applicable_city_state,municipal_debt_by_type_across_13_non_city_states_not_integrated_affiliate_debt,https://www.bertelsmann-stiftung.de/fileadmin/files/Projekte/Monitor_Nachhaltige_Kommune/Finanzreport2026.pdf,44,manual_transcription_of_2026_Bertelsmann_report_PDF_table
DE-HB,04,Bremen,2022,cash_loans,,not_applicable_city_state,municipal_debt_by_type_across_13_non_city_states_not_integrated_affiliate_debt,https://www.bertelsmann-stiftung.de/fileadmin/files/Projekte/Monitor_Nachhaltige_Kommune/Finanzreport2026.pdf,44,manual_transcription_of_2026_Bertelsmann_report_PDF_table
DE-HH,02,Hamburg,2022,cash_loans,,not_applicable_city_state,municipal_debt_by_type_across_13_non_city_states_not_integrated_affiliate_debt,https://www.bertelsmann-stiftung.de/fileadmin/files/Projekte/Monitor_Nachhaltige_Kommune/Finanzreport2026.pdf,44,manual_transcription_of_2026_Bertelsmann_report_PDF_table
DE-BW,08,Baden-Württemberg,2023,cash_loans,1403,verified_report_table,municipal_debt_by_type_across_13_non_city_states_not_integrated_affiliate_debt,https://www.bertelsmann-stiftung.de/fileadmin/files/Projekte/Monitor_Nachhaltige_Kommune/Finanzreport2026.pdf,44,manual_transcription_of_2026_Bertelsmann_report_PDF_table
DE-BY,09,Bayern,2023,cash_loans,174,verified_report_table,municipal_debt_by_type_across_13_non_city_states_not_integrated_affiliate_debt,https://www.bertelsmann-stiftung.de/fileadmin/files/Projekte/Monitor_Nachhaltige_Kommune/Finanzreport2026.pdf,44,manual_transcription_of_2026_Bertelsmann_report_PDF_table
DE-BB,12,Brandenburg,2023,cash_loans,67,verified_report_table,municipal_debt_by_type_across_13_non_city_states_not_integrated_affiliate_debt,https://www.bertelsmann-stiftung.de/fileadmin/files/Projekte/Monitor_Nachhaltige_Kommune/Finanzreport2026.pdf,44,manual_transcription_of_2026_Bertelsmann_report_PDF_table
DE-HE,06,Hessen,2023,cash_loans,108,verified_report_table,municipal_debt_by_type_across_13_non_city_states_not_integrated_affiliate_debt,https://www.bertelsmann-stiftung.de/fileadmin/files/Projekte/Monitor_Nachhaltige_Kommune/Finanzreport2026.pdf,44,manual_transcription_of_2026_Bertelsmann_report_PDF_table
DE-MV,13,Mecklenburg-Vorpommern,2023,cash_loans,162,verified_report_table,municipal_debt_by_type_across_13_non_city_states_not_integrated_affiliate_debt,https://www.bertelsmann-stiftung.de/fileadmin/files/Projekte/Monitor_Nachhaltige_Kommune/Finanzreport2026.pdf,44,manual_transcription_of_2026_Bertelsmann_report_PDF_table
DE-NI,03,Niedersachsen,2023,cash_loans,985,verified_report_table,municipal_debt_by_type_across_13_non_city_states_not_integrated_affiliate_debt,https://www.bertelsmann-stiftung.de/fileadmin/files/Projekte/Monitor_Nachhaltige_Kommune/Finanzreport2026.pdf,44,manual_transcription_of_2026_Bertelsmann_report_PDF_table
DE-NW,05,Nordrhein-Westfalen,2023,cash_loans,18791,verified_report_table,municipal_debt_by_type_across_13_non_city_states_not_integrated_affiliate_debt,https://www.bertelsmann-stiftung.de/fileadmin/files/Projekte/Monitor_Nachhaltige_Kommune/Finanzreport2026.pdf,44,manual_transcription_of_2026_Bertelsmann_report_PDF_table
DE-RP,07,Rheinland-Pfalz,2023,cash_loans,4806,verified_report_table,municipal_debt_by_type_across_13_non_city_states_not_integrated_affiliate_debt,https://www.bertelsmann-stiftung.de/fileadmin/files/Projekte/Monitor_Nachhaltige_Kommune/Finanzreport2026.pdf,44,manual_transcription_of_2026_Bertelsmann_report_PDF_table
DE-SL,10,Saarland,2023,cash_loans,794,verified_report_table,municipal_debt_by_type_across_13_non_city_states_not_integrated_affiliate_debt,https://www.bertelsmann-stiftung.de/fileadmin/files/Projekte/Monitor_Nachhaltige_Kommune/Finanzreport2026.pdf,44,manual_transcription_of_2026_Bertelsmann_report_PDF_table
DE-SN,14,Sachsen,2023,cash_loans,390,verified_report_table,municipal_debt_by_type_across_13_non_city_states_not_integrated_affiliate_debt,https://www.bertelsmann-stiftung.de/fileadmin/files/Projekte/Monitor_Nachhaltige_Kommune/Finanzreport2026.pdf,44,manual_transcription_of_2026_Bertelsmann_report_PDF_table
DE-ST,15,Sachsen-Anhalt,2023,cash_loans,1106,verified_report_table,municipal_debt_by_type_across_13_non_city_states_not_integrated_affiliate_debt,https://www.bertelsmann-stiftung.de/fileadmin/files/Projekte/Monitor_Nachhaltige_Kommune/Finanzreport2026.pdf,44,manual_transcription_of_2026_Bertelsmann_report_PDF_table
DE-SH,01,Schleswig-Holstein,2023,cash_loans,140,verified_report_table,municipal_debt_by_type_across_13_non_city_states_not_integrated_affiliate_debt,https://www.bertelsmann-stiftung.de/fileadmin/files/Projekte/Monitor_Nachhaltige_Kommune/Finanzreport2026.pdf,44,manual_transcription_of_2026_Bertelsmann_report_PDF_table
DE-TH,16,Thüringen,2023,cash_loans,34,verified_report_table,municipal_debt_by_type_across_13_non_city_states_not_integrated_affiliate_debt,https://www.bertelsmann-stiftung.de/fileadmin/files/Projekte/Monitor_Nachhaltige_Kommune/Finanzreport2026.pdf,44,manual_transcription_of_2026_Bertelsmann_report_PDF_table
DE-BE,11,Berlin,2023,cash_loans,,not_applicable_city_state,municipal_debt_by_type_across_13_non_city_states_not_integrated_affiliate_debt,https://www.bertelsmann-stiftung.de/fileadmin/files/Projekte/Monitor_Nachhaltige_Kommune/Finanzreport2026.pdf,44,manual_transcription_of_2026_Bertelsmann_report_PDF_table
DE-HB,04,Bremen,2023,cash_loans,,not_applicable_city_state,municipal_debt_by_type_across_13_non_city_states_not_integrated_affiliate_debt,https://www.bertelsmann-stiftung.de/fileadmin/files/Projekte/Monitor_Nachhaltige_Kommune/Finanzreport2026.pdf,44,manual_transcription_of_2026_Bertelsmann_report_PDF_table
DE-HH,02,Hamburg,2023,cash_loans,,not_applicable_city_state,municipal_debt_by_type_across_13_non_city_states_not_integrated_affiliate_debt,https://www.bertelsmann-stiftung.de/fileadmin/files/Projekte/Monitor_Nachhaltige_Kommune/Finanzreport2026.pdf,44,manual_transcription_of_2026_Bertelsmann_report_PDF_table
DE-BW,08,Baden-Württemberg,2024,cash_loans,1663,verified_report_table,municipal_debt_by_type_across_13_non_city_states_not_integrated_affiliate_debt,https://www.bertelsmann-stiftung.de/fileadmin/files/Projekte/Monitor_Nachhaltige_Kommune/Finanzreport2026.pdf,44,manual_transcription_of_2026_Bertelsmann_report_PDF_table
DE-BY,09,Bayern,2024,cash_loans,796,verified_report_table,municipal_debt_by_type_across_13_non_city_states_not_integrated_affiliate_debt,https://www.bertelsmann-stiftung.de/fileadmin/files/Projekte/Monitor_Nachhaltige_Kommune/Finanzreport2026.pdf,44,manual_transcription_of_2026_Bertelsmann_report_PDF_table
DE-BB,12,Brandenburg,2024,cash_loans,59,verified_report_table,municipal_debt_by_type_across_13_non_city_states_not_integrated_affiliate_debt,https://www.bertelsmann-stiftung.de/fileadmin/files/Projekte/Monitor_Nachhaltige_Kommune/Finanzreport2026.pdf,44,manual_transcription_of_2026_Bertelsmann_report_PDF_table
DE-HE,06,Hessen,2024,cash_loans,381,verified_report_table,municipal_debt_by_type_across_13_non_city_states_not_integrated_affiliate_debt,https://www.bertelsmann-stiftung.de/fileadmin/files/Projekte/Monitor_Nachhaltige_Kommune/Finanzreport2026.pdf,44,manual_transcription_of_2026_Bertelsmann_report_PDF_table
DE-MV,13,Mecklenburg-Vorpommern,2024,cash_loans,256,verified_report_table,municipal_debt_by_type_across_13_non_city_states_not_integrated_affiliate_debt,https://www.bertelsmann-stiftung.de/fileadmin/files/Projekte/Monitor_Nachhaltige_Kommune/Finanzreport2026.pdf,44,manual_transcription_of_2026_Bertelsmann_report_PDF_table
DE-NI,03,Niedersachsen,2024,cash_loans,1763,verified_report_table,municipal_debt_by_type_across_13_non_city_states_not_integrated_affiliate_debt,https://www.bertelsmann-stiftung.de/fileadmin/files/Projekte/Monitor_Nachhaltige_Kommune/Finanzreport2026.pdf,44,manual_transcription_of_2026_Bertelsmann_report_PDF_table
DE-NW,05,Nordrhein-Westfalen,2024,cash_loans,21585,verified_report_table,municipal_debt_by_type_across_13_non_city_states_not_integrated_affiliate_debt,https://www.bertelsmann-stiftung.de/fileadmin/files/Projekte/Monitor_Nachhaltige_Kommune/Finanzreport2026.pdf,44,manual_transcription_of_2026_Bertelsmann_report_PDF_table
DE-RP,07,Rheinland-Pfalz,2024,cash_loans,2425,verified_report_table,municipal_debt_by_type_across_13_non_city_states_not_integrated_affiliate_debt,https://www.bertelsmann-stiftung.de/fileadmin/files/Projekte/Monitor_Nachhaltige_Kommune/Finanzreport2026.pdf,44,manual_transcription_of_2026_Bertelsmann_report_PDF_table
DE-SL,10,Saarland,2024,cash_loans,688,verified_report_table,municipal_debt_by_type_across_13_non_city_states_not_integrated_affiliate_debt,https://www.bertelsmann-stiftung.de/fileadmin/files/Projekte/Monitor_Nachhaltige_Kommune/Finanzreport2026.pdf,44,manual_transcription_of_2026_Bertelsmann_report_PDF_table
DE-SN,14,Sachsen,2024,cash_loans,375,verified_report_table,municipal_debt_by_type_across_13_non_city_states_not_integrated_affiliate_debt,https://www.bertelsmann-stiftung.de/fileadmin/files/Projekte/Monitor_Nachhaltige_Kommune/Finanzreport2026.pdf,44,manual_transcription_of_2026_Bertelsmann_report_PDF_table
DE-ST,15,Sachsen-Anhalt,2024,cash_loans,1294,verified_report_table,municipal_debt_by_type_across_13_non_city_states_not_integrated_affiliate_debt,https://www.bertelsmann-stiftung.de/fileadmin/files/Projekte/Monitor_Nachhaltige_Kommune/Finanzreport2026.pdf,44,manual_transcription_of_2026_Bertelsmann_report_PDF_table
DE-SH,01,Schleswig-Holstein,2024,cash_loans,469,verified_report_table,municipal_debt_by_type_across_13_non_city_states_not_integrated_affiliate_debt,https://www.bertelsmann-stiftung.de/fileadmin/files/Projekte/Monitor_Nachhaltige_Kommune/Finanzreport2026.pdf,44,manual_transcription_of_2026_Bertelsmann_report_PDF_table
DE-TH,16,Thüringen,2024,cash_loans,35,verified_report_table,municipal_debt_by_type_across_13_non_city_states_not_integrated_affiliate_debt,https://www.bertelsmann-stiftung.de/fileadmin/files/Projekte/Monitor_Nachhaltige_Kommune/Finanzreport2026.pdf,44,manual_transcription_of_2026_Bertelsmann_report_PDF_table
DE-BE,11,Berlin,2024,cash_loans,,not_applicable_city_state,municipal_debt_by_type_across_13_non_city_states_not_integrated_affiliate_debt,https://www.bertelsmann-stiftung.de/fileadmin/files/Projekte/Monitor_Nachhaltige_Kommune/Finanzreport2026.pdf,44,manual_transcription_of_2026_Bertelsmann_report_PDF_table
DE-HB,04,Bremen,2024,cash_loans,,not_applicable_city_state,municipal_debt_by_type_across_13_non_city_states_not_integrated_affiliate_debt,https://www.bertelsmann-stiftung.de/fileadmin/files/Projekte/Monitor_Nachhaltige_Kommune/Finanzreport2026.pdf,44,manual_transcription_of_2026_Bertelsmann_report_PDF_table
DE-HH,02,Hamburg,2024,cash_loans,,not_applicable_city_state,municipal_debt_by_type_across_13_non_city_states_not_integrated_affiliate_debt,https://www.bertelsmann-stiftung.de/fileadmin/files/Projekte/Monitor_Nachhaltige_Kommune/Finanzreport2026.pdf,44,manual_transcription_of_2026_Bertelsmann_report_PDF_table
DE-BW,08,Baden-Württemberg,2025,cash_loans,1775,verified_report_table,municipal_debt_by_type_across_13_non_city_states_not_integrated_affiliate_debt,https://www.bertelsmann-stiftung.de/fileadmin/files/Projekte/Monitor_Nachhaltige_Kommune/Finanzreport2026.pdf,44,manual_transcription_of_2026_Bertelsmann_report_PDF_table
DE-BY,09,Bayern,2025,cash_loans,1160,verified_report_table,municipal_debt_by_type_across_13_non_city_states_not_integrated_affiliate_debt,https://www.bertelsmann-stiftung.de/fileadmin/files/Projekte/Monitor_Nachhaltige_Kommune/Finanzreport2026.pdf,44,manual_transcription_of_2026_Bertelsmann_report_PDF_table
DE-BB,12,Brandenburg,2025,cash_loans,164,verified_report_table,municipal_debt_by_type_across_13_non_city_states_not_integrated_affiliate_debt,https://www.bertelsmann-stiftung.de/fileadmin/files/Projekte/Monitor_Nachhaltige_Kommune/Finanzreport2026.pdf,44,manual_transcription_of_2026_Bertelsmann_report_PDF_table
DE-HE,06,Hessen,2025,cash_loans,668,verified_report_table,municipal_debt_by_type_across_13_non_city_states_not_integrated_affiliate_debt,https://www.bertelsmann-stiftung.de/fileadmin/files/Projekte/Monitor_Nachhaltige_Kommune/Finanzreport2026.pdf,44,manual_transcription_of_2026_Bertelsmann_report_PDF_table
DE-MV,13,Mecklenburg-Vorpommern,2025,cash_loans,238,verified_report_table,municipal_debt_by_type_across_13_non_city_states_not_integrated_affiliate_debt,https://www.bertelsmann-stiftung.de/fileadmin/files/Projekte/Monitor_Nachhaltige_Kommune/Finanzreport2026.pdf,44,manual_transcription_of_2026_Bertelsmann_report_PDF_table
DE-NI,03,Niedersachsen,2025,cash_loans,2950,verified_report_table,municipal_debt_by_type_across_13_non_city_states_not_integrated_affiliate_debt,https://www.bertelsmann-stiftung.de/fileadmin/files/Projekte/Monitor_Nachhaltige_Kommune/Finanzreport2026.pdf,44,manual_transcription_of_2026_Bertelsmann_report_PDF_table
DE-NW,05,Nordrhein-Westfalen,2025,cash_loans,24857,verified_report_table,municipal_debt_by_type_across_13_non_city_states_not_integrated_affiliate_debt,https://www.bertelsmann-stiftung.de/fileadmin/files/Projekte/Monitor_Nachhaltige_Kommune/Finanzreport2026.pdf,44,manual_transcription_of_2026_Bertelsmann_report_PDF_table
DE-RP,07,Rheinland-Pfalz,2025,cash_loans,3125,verified_report_table,municipal_debt_by_type_across_13_non_city_states_not_integrated_affiliate_debt,https://www.bertelsmann-stiftung.de/fileadmin/files/Projekte/Monitor_Nachhaltige_Kommune/Finanzreport2026.pdf,44,manual_transcription_of_2026_Bertelsmann_report_PDF_table
DE-SL,10,Saarland,2025,cash_loans,544,verified_report_table,municipal_debt_by_type_across_13_non_city_states_not_integrated_affiliate_debt,https://www.bertelsmann-stiftung.de/fileadmin/files/Projekte/Monitor_Nachhaltige_Kommune/Finanzreport2026.pdf,44,manual_transcription_of_2026_Bertelsmann_report_PDF_table
DE-SN,14,Sachsen,2025,cash_loans,889,verified_report_table,municipal_debt_by_type_across_13_non_city_states_not_integrated_affiliate_debt,https://www.bertelsmann-stiftung.de/fileadmin/files/Projekte/Monitor_Nachhaltige_Kommune/Finanzreport2026.pdf,44,manual_transcription_of_2026_Bertelsmann_report_PDF_table
DE-ST,15,Sachsen-Anhalt,2025,cash_loans,1426,verified_report_table,municipal_debt_by_type_across_13_non_city_states_not_integrated_affiliate_debt,https://www.bertelsmann-stiftung.de/fileadmin/files/Projekte/Monitor_Nachhaltige_Kommune/Finanzreport2026.pdf,44,manual_transcription_of_2026_Bertelsmann_report_PDF_table
DE-SH,01,Schleswig-Holstein,2025,cash_loans,755,verified_report_table,municipal_debt_by_type_across_13_non_city_states_not_integrated_affiliate_debt,https://www.bertelsmann-stiftung.de/fileadmin/files/Projekte/Monitor_Nachhaltige_Kommune/Finanzreport2026.pdf,44,manual_transcription_of_2026_Bertelsmann_report_PDF_table
DE-TH,16,Thüringen,2025,cash_loans,36,verified_report_table,municipal_debt_by_type_across_13_non_city_states_not_integrated_affiliate_debt,https://www.bertelsmann-stiftung.de/fileadmin/files/Projekte/Monitor_Nachhaltige_Kommune/Finanzreport2026.pdf,44,manual_transcription_of_2026_Bertelsmann_report_PDF_table
DE-BE,11,Berlin,2025,cash_loans,,not_applicable_city_state,municipal_debt_by_type_across_13_non_city_states_not_integrated_affiliate_debt,https://www.bertelsmann-stiftung.de/fileadmin/files/Projekte/Monitor_Nachhaltige_Kommune/Finanzreport2026.pdf,44,manual_transcription_of_2026_Bertelsmann_report_PDF_table
DE-HB,04,Bremen,2025,cash_loans,,not_applicable_city_state,municipal_debt_by_type_across_13_non_city_states_not_integrated_affiliate_debt,https://www.bertelsmann-stiftung.de/fileadmin/files/Projekte/Monitor_Nachhaltige_Kommune/Finanzreport2026.pdf,44,manual_transcription_of_2026_Bertelsmann_report_PDF_table
DE-HH,02,Hamburg,2025,cash_loans,,not_applicable_city_state,municipal_debt_by_type_across_13_non_city_states_not_integrated_affiliate_debt,https://www.bertelsmann-stiftung.de/fileadmin/files/Projekte/Monitor_Nachhaltige_Kommune/Finanzreport2026.pdf,44,manual_transcription_of_2026_Bertelsmann_report_PDF_table
