state_iso,state_code,state_de,year,municipal_balance_eur_per_capita,quality_flag,metric_scope,direction,source_url,extraction_method,note
DE-BW,08,Baden-Württemberg,2010,-64.0,official_published,municipal_financing_balance_core_plus_extra_budgets_not_state_budget,positive_surplus_negative_deficit,https://www.statistikportal.de/de/nachhaltigkeit/ergebnisse/ziel-8-menschenwuerdige-arbeit-und-wirtschaftswachstum/staatsdefizit-je,manual_transcription_of_official_statistikportal_html,
DE-BY,09,Bayern,2010,-27.2,official_published,municipal_financing_balance_core_plus_extra_budgets_not_state_budget,positive_surplus_negative_deficit,https://www.statistikportal.de/de/nachhaltigkeit/ergebnisse/ziel-8-menschenwuerdige-arbeit-und-wirtschaftswachstum/staatsdefizit-je,manual_transcription_of_official_statistikportal_html,
DE-BB,12,Brandenburg,2010,-43.1,official_published,municipal_financing_balance_core_plus_extra_budgets_not_state_budget,positive_surplus_negative_deficit,https://www.statistikportal.de/de/nachhaltigkeit/ergebnisse/ziel-8-menschenwuerdige-arbeit-und-wirtschaftswachstum/staatsdefizit-je,manual_transcription_of_official_statistikportal_html,
DE-HE,06,Hessen,2010,-436.8,official_published,municipal_financing_balance_core_plus_extra_budgets_not_state_budget,positive_surplus_negative_deficit,https://www.statistikportal.de/de/nachhaltigkeit/ergebnisse/ziel-8-menschenwuerdige-arbeit-und-wirtschaftswachstum/staatsdefizit-je,manual_transcription_of_official_statistikportal_html,
DE-MV,13,Mecklenburg-Vorpommern,2010,23.8,official_published,municipal_financing_balance_core_plus_extra_budgets_not_state_budget,positive_surplus_negative_deficit,https://www.statistikportal.de/de/nachhaltigkeit/ergebnisse/ziel-8-menschenwuerdige-arbeit-und-wirtschaftswachstum/staatsdefizit-je,manual_transcription_of_official_statistikportal_html,
DE-NI,03,Niedersachsen,2010,-75.2,official_published,municipal_financing_balance_core_plus_extra_budgets_not_state_budget,positive_surplus_negative_deficit,https://www.statistikportal.de/de/nachhaltigkeit/ergebnisse/ziel-8-menschenwuerdige-arbeit-und-wirtschaftswachstum/staatsdefizit-je,manual_transcription_of_official_statistikportal_html,
DE-NW,05,Nordrhein-Westfalen,2010,-133.4,official_published,municipal_financing_balance_core_plus_extra_budgets_not_state_budget,positive_surplus_negative_deficit,https://www.statistikportal.de/de/nachhaltigkeit/ergebnisse/ziel-8-menschenwuerdige-arbeit-und-wirtschaftswachstum/staatsdefizit-je,manual_transcription_of_official_statistikportal_html,
DE-RP,07,Rheinland-Pfalz,2010,-172.7,official_published,municipal_financing_balance_core_plus_extra_budgets_not_state_budget,positive_surplus_negative_deficit,https://www.statistikportal.de/de/nachhaltigkeit/ergebnisse/ziel-8-menschenwuerdige-arbeit-und-wirtschaftswachstum/staatsdefizit-je,manual_transcription_of_official_statistikportal_html,
DE-SL,10,Saarland,2010,-220.0,official_published,municipal_financing_balance_core_plus_extra_budgets_not_state_budget,positive_surplus_negative_deficit,https://www.statistikportal.de/de/nachhaltigkeit/ergebnisse/ziel-8-menschenwuerdige-arbeit-und-wirtschaftswachstum/staatsdefizit-je,manual_transcription_of_official_statistikportal_html,
DE-SN,14,Sachsen,2010,50.8,official_published,municipal_financing_balance_core_plus_extra_budgets_not_state_budget,positive_surplus_negative_deficit,https://www.statistikportal.de/de/nachhaltigkeit/ergebnisse/ziel-8-menschenwuerdige-arbeit-und-wirtschaftswachstum/staatsdefizit-je,manual_transcription_of_official_statistikportal_html,
DE-ST,15,Sachsen-Anhalt,2010,23.9,official_published,municipal_financing_balance_core_plus_extra_budgets_not_state_budget,positive_surplus_negative_deficit,https://www.statistikportal.de/de/nachhaltigkeit/ergebnisse/ziel-8-menschenwuerdige-arbeit-und-wirtschaftswachstum/staatsdefizit-je,manual_transcription_of_official_statistikportal_html,
DE-SH,01,Schleswig-Holstein,2010,-114.1,official_published,municipal_financing_balance_core_plus_extra_budgets_not_state_budget,positive_surplus_negative_deficit,https://www.statistikportal.de/de/nachhaltigkeit/ergebnisse/ziel-8-menschenwuerdige-arbeit-und-wirtschaftswachstum/staatsdefizit-je,manual_transcription_of_official_statistikportal_html,
DE-TH,16,Thüringen,2010,-8.8,official_published,municipal_financing_balance_core_plus_extra_budgets_not_state_budget,positive_surplus_negative_deficit,https://www.statistikportal.de/de/nachhaltigkeit/ergebnisse/ziel-8-menschenwuerdige-arbeit-und-wirtschaftswachstum/staatsdefizit-je,manual_transcription_of_official_statistikportal_html,
DE-BE,11,Berlin,2010,,not_applicable_city_state,municipal_financing_balance_core_plus_extra_budgets_not_state_budget,positive_surplus_negative_deficit,https://www.statistikportal.de/de/nachhaltigkeit/ergebnisse/ziel-8-menschenwuerdige-arbeit-und-wirtschaftswachstum/staatsdefizit-je,manual_transcription_of_official_statistikportal_html,City states not separately categorized as municipal governments
DE-HB,04,Bremen,2010,,not_applicable_city_state,municipal_financing_balance_core_plus_extra_budgets_not_state_budget,positive_surplus_negative_deficit,https://www.statistikportal.de/de/nachhaltigkeit/ergebnisse/ziel-8-menschenwuerdige-arbeit-und-wirtschaftswachstum/staatsdefizit-je,manual_transcription_of_official_statistikportal_html,City states not separately categorized as municipal governments
DE-HH,02,Hamburg,2010,,not_applicable_city_state,municipal_financing_balance_core_plus_extra_budgets_not_state_budget,positive_surplus_negative_deficit,https://www.statistikportal.de/de/nachhaltigkeit/ergebnisse/ziel-8-menschenwuerdige-arbeit-und-wirtschaftswachstum/staatsdefizit-je,manual_transcription_of_official_statistikportal_html,City states not separately categorized as municipal governments
DE-BW,08,Baden-Württemberg,2025,-395.1,official_published,municipal_financing_balance_core_plus_extra_budgets_not_state_budget,positive_surplus_negative_deficit,https://www.statistikportal.de/de/nachhaltigkeit/ergebnisse/ziel-8-menschenwuerdige-arbeit-und-wirtschaftswachstum/staatsdefizit-je,manual_transcription_of_official_statistikportal_html,
DE-BY,09,Bayern,2025,-392.0,official_published,municipal_financing_balance_core_plus_extra_budgets_not_state_budget,positive_surplus_negative_deficit,https://www.statistikportal.de/de/nachhaltigkeit/ergebnisse/ziel-8-menschenwuerdige-arbeit-und-wirtschaftswachstum/staatsdefizit-je,manual_transcription_of_official_statistikportal_html,
DE-BB,12,Brandenburg,2025,-325.8,official_published,municipal_financing_balance_core_plus_extra_budgets_not_state_budget,positive_surplus_negative_deficit,https://www.statistikportal.de/de/nachhaltigkeit/ergebnisse/ziel-8-menschenwuerdige-arbeit-und-wirtschaftswachstum/staatsdefizit-je,manual_transcription_of_official_statistikportal_html,
DE-HE,06,Hessen,2025,-474.3,official_published,municipal_financing_balance_core_plus_extra_budgets_not_state_budget,positive_surplus_negative_deficit,https://www.statistikportal.de/de/nachhaltigkeit/ergebnisse/ziel-8-menschenwuerdige-arbeit-und-wirtschaftswachstum/staatsdefizit-je,manual_transcription_of_official_statistikportal_html,
DE-MV,13,Mecklenburg-Vorpommern,2025,-198.3,official_published,municipal_financing_balance_core_plus_extra_budgets_not_state_budget,positive_surplus_negative_deficit,https://www.statistikportal.de/de/nachhaltigkeit/ergebnisse/ziel-8-menschenwuerdige-arbeit-und-wirtschaftswachstum/staatsdefizit-je,manual_transcription_of_official_statistikportal_html,
DE-NI,03,Niedersachsen,2025,-450.0,official_published,municipal_financing_balance_core_plus_extra_budgets_not_state_budget,positive_surplus_negative_deficit,https://www.statistikportal.de/de/nachhaltigkeit/ergebnisse/ziel-8-menschenwuerdige-arbeit-und-wirtschaftswachstum/staatsdefizit-je,manual_transcription_of_official_statistikportal_html,
DE-NW,05,Nordrhein-Westfalen,2025,-612.0,official_published,municipal_financing_balance_core_plus_extra_budgets_not_state_budget,positive_surplus_negative_deficit,https://www.statistikportal.de/de/nachhaltigkeit/ergebnisse/ziel-8-menschenwuerdige-arbeit-und-wirtschaftswachstum/staatsdefizit-je,manual_transcription_of_official_statistikportal_html,
DE-RP,07,Rheinland-Pfalz,2025,-257.4,official_published,municipal_financing_balance_core_plus_extra_budgets_not_state_budget,positive_surplus_negative_deficit,https://www.statistikportal.de/de/nachhaltigkeit/ergebnisse/ziel-8-menschenwuerdige-arbeit-und-wirtschaftswachstum/staatsdefizit-je,manual_transcription_of_official_statistikportal_html,
DE-SL,10,Saarland,2025,-132.2,official_published,municipal_financing_balance_core_plus_extra_budgets_not_state_budget,positive_surplus_negative_deficit,https://www.statistikportal.de/de/nachhaltigkeit/ergebnisse/ziel-8-menschenwuerdige-arbeit-und-wirtschaftswachstum/staatsdefizit-je,manual_transcription_of_official_statistikportal_html,
DE-SN,14,Sachsen,2025,-265.1,official_published,municipal_financing_balance_core_plus_extra_budgets_not_state_budget,positive_surplus_negative_deficit,https://www.statistikportal.de/de/nachhaltigkeit/ergebnisse/ziel-8-menschenwuerdige-arbeit-und-wirtschaftswachstum/staatsdefizit-je,manual_transcription_of_official_statistikportal_html,
DE-ST,15,Sachsen-Anhalt,2025,-47.9,official_published,municipal_financing_balance_core_plus_extra_budgets_not_state_budget,positive_surplus_negative_deficit,https://www.statistikportal.de/de/nachhaltigkeit/ergebnisse/ziel-8-menschenwuerdige-arbeit-und-wirtschaftswachstum/staatsdefizit-je,manual_transcription_of_official_statistikportal_html,
DE-SH,01,Schleswig-Holstein,2025,-430.0,official_published,municipal_financing_balance_core_plus_extra_budgets_not_state_budget,positive_surplus_negative_deficit,https://www.statistikportal.de/de/nachhaltigkeit/ergebnisse/ziel-8-menschenwuerdige-arbeit-und-wirtschaftswachstum/staatsdefizit-je,manual_transcription_of_official_statistikportal_html,
DE-TH,16,Thüringen,2025,50.1,official_published,municipal_financing_balance_core_plus_extra_budgets_not_state_budget,positive_surplus_negative_deficit,https://www.statistikportal.de/de/nachhaltigkeit/ergebnisse/ziel-8-menschenwuerdige-arbeit-und-wirtschaftswachstum/staatsdefizit-je,manual_transcription_of_official_statistikportal_html,
DE-BE,11,Berlin,2025,,not_applicable_city_state,municipal_financing_balance_core_plus_extra_budgets_not_state_budget,positive_surplus_negative_deficit,https://www.statistikportal.de/de/nachhaltigkeit/ergebnisse/ziel-8-menschenwuerdige-arbeit-und-wirtschaftswachstum/staatsdefizit-je,manual_transcription_of_official_statistikportal_html,City states not separately categorized as municipal governments
DE-HB,04,Bremen,2025,,not_applicable_city_state,municipal_financing_balance_core_plus_extra_budgets_not_state_budget,positive_surplus_negative_deficit,https://www.statistikportal.de/de/nachhaltigkeit/ergebnisse/ziel-8-menschenwuerdige-arbeit-und-wirtschaftswachstum/staatsdefizit-je,manual_transcription_of_official_statistikportal_html,City states not separately categorized as municipal governments
DE-HH,02,Hamburg,2025,,not_applicable_city_state,municipal_financing_balance_core_plus_extra_budgets_not_state_budget,positive_surplus_negative_deficit,https://www.statistikportal.de/de/nachhaltigkeit/ergebnisse/ziel-8-menschenwuerdige-arbeit-und-wirtschaftswachstum/staatsdefizit-je,manual_transcription_of_official_statistikportal_html,City states not separately categorized as municipal governments
