ags5,name_de,state_code,geometry_parts,valid_at,source_id
01001,Flensburg,01,2,2026-01-01,BKG_VG250_2026_01_01
01002,Kiel,01,2,2026-01-01,BKG_VG250_2026_01_01
01003,Lübeck,01,2,2026-01-01,BKG_VG250_2026_01_01
01004,Neumünster,01,1,2026-01-01,BKG_VG250_2026_01_01
01051,Dithmarschen,01,3,2026-01-01,BKG_VG250_2026_01_01
01053,Herzogtum Lauenburg,01,1,2026-01-01,BKG_VG250_2026_01_01
01054,Nordfriesland,01,2,2026-01-01,BKG_VG250_2026_01_01
01055,Ostholstein,01,2,2026-01-01,BKG_VG250_2026_01_01
01056,Pinneberg,01,3,2026-01-01,BKG_VG250_2026_01_01
01057,Plön,01,2,2026-01-01,BKG_VG250_2026_01_01
01058,Rendsburg-Eckernförde,01,2,2026-01-01,BKG_VG250_2026_01_01
01059,Schleswig-Flensburg,01,2,2026-01-01,BKG_VG250_2026_01_01
01060,Segeberg,01,1,2026-01-01,BKG_VG250_2026_01_01
01061,Steinburg,01,2,2026-01-01,BKG_VG250_2026_01_01
01062,Stormarn,01,1,2026-01-01,BKG_VG250_2026_01_01
02000,Hamburg,02,2,2026-01-01,BKG_VG250_2026_01_01
03101,Braunschweig,03,1,2026-01-01,BKG_VG250_2026_01_01
03102,Salzgitter,03,1,2026-01-01,BKG_VG250_2026_01_01
03103,Wolfsburg,03,1,2026-01-01,BKG_VG250_2026_01_01
03151,Gifhorn,03,1,2026-01-01,BKG_VG250_2026_01_01
03153,Goslar,03,1,2026-01-01,BKG_VG250_2026_01_01
03154,Helmstedt,03,1,2026-01-01,BKG_VG250_2026_01_01
03155,Northeim,03,1,2026-01-01,BKG_VG250_2026_01_01
03157,Peine,03,1,2026-01-01,BKG_VG250_2026_01_01
03158,Wolfenbüttel,03,1,2026-01-01,BKG_VG250_2026_01_01
03159,Göttingen,03,1,2026-01-01,BKG_VG250_2026_01_01
03241,Region Hannover,03,1,2026-01-01,BKG_VG250_2026_01_01
03251,Diepholz,03,1,2026-01-01,BKG_VG250_2026_01_01
03252,Hameln-Pyrmont,03,1,2026-01-01,BKG_VG250_2026_01_01
03254,Hildesheim,03,1,2026-01-01,BKG_VG250_2026_01_01
03255,Holzminden,03,1,2026-01-01,BKG_VG250_2026_01_01
03256,Nienburg (Weser),03,1,2026-01-01,BKG_VG250_2026_01_01
03257,Schaumburg,03,1,2026-01-01,BKG_VG250_2026_01_01
03351,Celle,03,1,2026-01-01,BKG_VG250_2026_01_01
03352,Cuxhaven,03,3,2026-01-01,BKG_VG250_2026_01_01
03353,Harburg,03,1,2026-01-01,BKG_VG250_2026_01_01
03354,Lüchow-Dannenberg,03,1,2026-01-01,BKG_VG250_2026_01_01
03355,Lüneburg,03,1,2026-01-01,BKG_VG250_2026_01_01
03356,Osterholz,03,1,2026-01-01,BKG_VG250_2026_01_01
03357,Rotenburg (Wümme),03,1,2026-01-01,BKG_VG250_2026_01_01
03358,Heidekreis,03,1,2026-01-01,BKG_VG250_2026_01_01
03359,Stade,03,2,2026-01-01,BKG_VG250_2026_01_01
03360,Uelzen,03,1,2026-01-01,BKG_VG250_2026_01_01
03361,Verden,03,1,2026-01-01,BKG_VG250_2026_01_01
03401,Delmenhorst,03,1,2026-01-01,BKG_VG250_2026_01_01
03402,Emden,03,2,2026-01-01,BKG_VG250_2026_01_01
03403,Oldenburg (Oldb),03,1,2026-01-01,BKG_VG250_2026_01_01
03404,Osnabrück,03,1,2026-01-01,BKG_VG250_2026_01_01
03405,Wilhelmshaven,03,2,2026-01-01,BKG_VG250_2026_01_01
03451,Ammerland,03,1,2026-01-01,BKG_VG250_2026_01_01
03452,Aurich,03,2,2026-01-01,BKG_VG250_2026_01_01
03453,Cloppenburg,03,1,2026-01-01,BKG_VG250_2026_01_01
03454,Emsland,03,1,2026-01-01,BKG_VG250_2026_01_01
03455,Friesland,03,2,2026-01-01,BKG_VG250_2026_01_01
03456,Grafschaft Bentheim,03,1,2026-01-01,BKG_VG250_2026_01_01
03457,Leer,03,3,2026-01-01,BKG_VG250_2026_01_01
03458,Oldenburg,03,1,2026-01-01,BKG_VG250_2026_01_01
03459,Osnabrück,03,1,2026-01-01,BKG_VG250_2026_01_01
03460,Vechta,03,1,2026-01-01,BKG_VG250_2026_01_01
03461,Wesermarsch,03,1,2026-01-01,BKG_VG250_2026_01_01
03462,Wittmund,03,2,2026-01-01,BKG_VG250_2026_01_01
04011,Bremen,04,2,2026-01-01,BKG_VG250_2026_01_01
04012,Bremerhaven,04,2,2026-01-01,BKG_VG250_2026_01_01
05111,Düsseldorf,05,1,2026-01-01,BKG_VG250_2026_01_01
05112,Duisburg,05,1,2026-01-01,BKG_VG250_2026_01_01
05113,Essen,05,1,2026-01-01,BKG_VG250_2026_01_01
05114,Krefeld,05,1,2026-01-01,BKG_VG250_2026_01_01
05116,Mönchengladbach,05,1,2026-01-01,BKG_VG250_2026_01_01
05117,Mülheim an der Ruhr,05,1,2026-01-01,BKG_VG250_2026_01_01
05119,Oberhausen,05,1,2026-01-01,BKG_VG250_2026_01_01
05120,Remscheid,05,1,2026-01-01,BKG_VG250_2026_01_01
05122,Solingen,05,1,2026-01-01,BKG_VG250_2026_01_01
05124,Wuppertal,05,1,2026-01-01,BKG_VG250_2026_01_01
05154,Kleve,05,1,2026-01-01,BKG_VG250_2026_01_01
05158,Mettmann,05,1,2026-01-01,BKG_VG250_2026_01_01
05162,Rhein-Kreis Neuss,05,1,2026-01-01,BKG_VG250_2026_01_01
05166,Viersen,05,1,2026-01-01,BKG_VG250_2026_01_01
05170,Wesel,05,1,2026-01-01,BKG_VG250_2026_01_01
05314,Bonn,05,1,2026-01-01,BKG_VG250_2026_01_01
05315,Köln,05,1,2026-01-01,BKG_VG250_2026_01_01
05316,Leverkusen,05,1,2026-01-01,BKG_VG250_2026_01_01
05334,Städteregion Aachen,05,1,2026-01-01,BKG_VG250_2026_01_01
05358,Düren,05,1,2026-01-01,BKG_VG250_2026_01_01
05362,Rhein-Erft-Kreis,05,1,2026-01-01,BKG_VG250_2026_01_01
05366,Euskirchen,05,1,2026-01-01,BKG_VG250_2026_01_01
05370,Heinsberg,05,1,2026-01-01,BKG_VG250_2026_01_01
05374,Oberbergischer Kreis,05,1,2026-01-01,BKG_VG250_2026_01_01
05378,Rheinisch-Bergischer Kreis,05,1,2026-01-01,BKG_VG250_2026_01_01
05382,Rhein-Sieg-Kreis,05,1,2026-01-01,BKG_VG250_2026_01_01
05512,Bottrop,05,1,2026-01-01,BKG_VG250_2026_01_01
05513,Gelsenkirchen,05,1,2026-01-01,BKG_VG250_2026_01_01
05515,Münster,05,1,2026-01-01,BKG_VG250_2026_01_01
05554,Borken,05,1,2026-01-01,BKG_VG250_2026_01_01
05558,Coesfeld,05,1,2026-01-01,BKG_VG250_2026_01_01
05562,Recklinghausen,05,1,2026-01-01,BKG_VG250_2026_01_01
05566,Steinfurt,05,1,2026-01-01,BKG_VG250_2026_01_01
05570,Warendorf,05,1,2026-01-01,BKG_VG250_2026_01_01
05711,Bielefeld,05,1,2026-01-01,BKG_VG250_2026_01_01
05754,Gütersloh,05,1,2026-01-01,BKG_VG250_2026_01_01
05758,Herford,05,1,2026-01-01,BKG_VG250_2026_01_01
05762,Höxter,05,1,2026-01-01,BKG_VG250_2026_01_01
05766,Lippe,05,1,2026-01-01,BKG_VG250_2026_01_01
05770,Minden-Lübbecke,05,1,2026-01-01,BKG_VG250_2026_01_01
05774,Paderborn,05,1,2026-01-01,BKG_VG250_2026_01_01
05911,Bochum,05,1,2026-01-01,BKG_VG250_2026_01_01
05913,Dortmund,05,1,2026-01-01,BKG_VG250_2026_01_01
05914,Hagen,05,1,2026-01-01,BKG_VG250_2026_01_01
05915,Hamm,05,1,2026-01-01,BKG_VG250_2026_01_01
05916,Herne,05,1,2026-01-01,BKG_VG250_2026_01_01
05954,Ennepe-Ruhr-Kreis,05,1,2026-01-01,BKG_VG250_2026_01_01
05958,Hochsauerlandkreis,05,1,2026-01-01,BKG_VG250_2026_01_01
05962,Märkischer Kreis,05,1,2026-01-01,BKG_VG250_2026_01_01
05966,Olpe,05,1,2026-01-01,BKG_VG250_2026_01_01
05970,Siegen-Wittgenstein,05,1,2026-01-01,BKG_VG250_2026_01_01
05974,Soest,05,1,2026-01-01,BKG_VG250_2026_01_01
05978,Unna,05,1,2026-01-01,BKG_VG250_2026_01_01
06411,Darmstadt,06,1,2026-01-01,BKG_VG250_2026_01_01
06412,Frankfurt am Main,06,1,2026-01-01,BKG_VG250_2026_01_01
06413,Offenbach am Main,06,1,2026-01-01,BKG_VG250_2026_01_01
06414,Wiesbaden,06,1,2026-01-01,BKG_VG250_2026_01_01
06415,Hanau,06,1,2026-01-01,BKG_VG250_2026_01_01
06431,Bergstraße,06,1,2026-01-01,BKG_VG250_2026_01_01
06432,Darmstadt-Dieburg,06,1,2026-01-01,BKG_VG250_2026_01_01
06433,Groß-Gerau,06,1,2026-01-01,BKG_VG250_2026_01_01
06434,Hochtaunuskreis,06,1,2026-01-01,BKG_VG250_2026_01_01
06435,Main-Kinzig-Kreis,06,1,2026-01-01,BKG_VG250_2026_01_01
06436,Main-Taunus-Kreis,06,1,2026-01-01,BKG_VG250_2026_01_01
06437,Odenwaldkreis,06,1,2026-01-01,BKG_VG250_2026_01_01
06438,Offenbach,06,1,2026-01-01,BKG_VG250_2026_01_01
06439,Rheingau-Taunus-Kreis,06,1,2026-01-01,BKG_VG250_2026_01_01
06440,Wetteraukreis,06,1,2026-01-01,BKG_VG250_2026_01_01
06531,Gießen,06,1,2026-01-01,BKG_VG250_2026_01_01
06532,Lahn-Dill-Kreis,06,1,2026-01-01,BKG_VG250_2026_01_01
06533,Limburg-Weilburg,06,1,2026-01-01,BKG_VG250_2026_01_01
06534,Marburg-Biedenkopf,06,1,2026-01-01,BKG_VG250_2026_01_01
06535,Vogelsbergkreis,06,1,2026-01-01,BKG_VG250_2026_01_01
06611,Kassel,06,1,2026-01-01,BKG_VG250_2026_01_01
06631,Fulda,06,1,2026-01-01,BKG_VG250_2026_01_01
06632,Hersfeld-Rotenburg,06,1,2026-01-01,BKG_VG250_2026_01_01
06633,Kassel,06,1,2026-01-01,BKG_VG250_2026_01_01
06634,Schwalm-Eder-Kreis,06,1,2026-01-01,BKG_VG250_2026_01_01
06635,Waldeck-Frankenberg,06,1,2026-01-01,BKG_VG250_2026_01_01
06636,Werra-Meißner-Kreis,06,1,2026-01-01,BKG_VG250_2026_01_01
07111,Koblenz,07,1,2026-01-01,BKG_VG250_2026_01_01
07131,Ahrweiler,07,1,2026-01-01,BKG_VG250_2026_01_01
07132,Altenkirchen (Westerwald),07,1,2026-01-01,BKG_VG250_2026_01_01
07133,Bad Kreuznach,07,1,2026-01-01,BKG_VG250_2026_01_01
07134,Birkenfeld,07,1,2026-01-01,BKG_VG250_2026_01_01
07135,Cochem-Zell,07,1,2026-01-01,BKG_VG250_2026_01_01
07137,Mayen-Koblenz,07,1,2026-01-01,BKG_VG250_2026_01_01
07138,Neuwied,07,1,2026-01-01,BKG_VG250_2026_01_01
07140,Rhein-Hunsrück-Kreis,07,1,2026-01-01,BKG_VG250_2026_01_01
07141,Rhein-Lahn-Kreis,07,1,2026-01-01,BKG_VG250_2026_01_01
07143,Westerwaldkreis,07,1,2026-01-01,BKG_VG250_2026_01_01
07211,Trier,07,1,2026-01-01,BKG_VG250_2026_01_01
07231,Bernkastel-Wittlich,07,1,2026-01-01,BKG_VG250_2026_01_01
07232,Eifelkreis Bitburg-Prüm,07,1,2026-01-01,BKG_VG250_2026_01_01
07233,Vulkaneifel,07,1,2026-01-01,BKG_VG250_2026_01_01
07235,Trier-Saarburg,07,1,2026-01-01,BKG_VG250_2026_01_01
07311,Frankenthal (Pfalz),07,1,2026-01-01,BKG_VG250_2026_01_01
07312,Kaiserslautern,07,1,2026-01-01,BKG_VG250_2026_01_01
07313,Landau in der Pfalz,07,1,2026-01-01,BKG_VG250_2026_01_01
07314,Ludwigshafen am Rhein,07,1,2026-01-01,BKG_VG250_2026_01_01
07315,Mainz,07,1,2026-01-01,BKG_VG250_2026_01_01
07316,Neustadt an der Weinstraße,07,1,2026-01-01,BKG_VG250_2026_01_01
07317,Pirmasens,07,1,2026-01-01,BKG_VG250_2026_01_01
07318,Speyer,07,1,2026-01-01,BKG_VG250_2026_01_01
07319,Worms,07,1,2026-01-01,BKG_VG250_2026_01_01
07320,Zweibrücken,07,1,2026-01-01,BKG_VG250_2026_01_01
07331,Alzey-Worms,07,1,2026-01-01,BKG_VG250_2026_01_01
07332,Bad Dürkheim,07,1,2026-01-01,BKG_VG250_2026_01_01
07333,Donnersbergkreis,07,1,2026-01-01,BKG_VG250_2026_01_01
07334,Germersheim,07,1,2026-01-01,BKG_VG250_2026_01_01
07335,Kaiserslautern,07,1,2026-01-01,BKG_VG250_2026_01_01
07336,Kusel,07,1,2026-01-01,BKG_VG250_2026_01_01
07337,Südliche Weinstraße,07,1,2026-01-01,BKG_VG250_2026_01_01
07338,Rhein-Pfalz-Kreis,07,1,2026-01-01,BKG_VG250_2026_01_01
07339,Mainz-Bingen,07,1,2026-01-01,BKG_VG250_2026_01_01
07340,Südwestpfalz,07,1,2026-01-01,BKG_VG250_2026_01_01
08111,Stuttgart,08,1,2026-01-01,BKG_VG250_2026_01_01
08115,Böblingen,08,1,2026-01-01,BKG_VG250_2026_01_01
08116,Esslingen,08,1,2026-01-01,BKG_VG250_2026_01_01
08117,Göppingen,08,1,2026-01-01,BKG_VG250_2026_01_01
08118,Ludwigsburg,08,1,2026-01-01,BKG_VG250_2026_01_01
08119,Rems-Murr-Kreis,08,1,2026-01-01,BKG_VG250_2026_01_01
08121,Heilbronn,08,1,2026-01-01,BKG_VG250_2026_01_01
08125,Heilbronn,08,1,2026-01-01,BKG_VG250_2026_01_01
08126,Hohenlohekreis,08,1,2026-01-01,BKG_VG250_2026_01_01
08127,Schwäbisch Hall,08,1,2026-01-01,BKG_VG250_2026_01_01
08128,Main-Tauber-Kreis,08,1,2026-01-01,BKG_VG250_2026_01_01
08135,Heidenheim,08,1,2026-01-01,BKG_VG250_2026_01_01
08136,Ostalbkreis,08,1,2026-01-01,BKG_VG250_2026_01_01
08211,Baden-Baden,08,1,2026-01-01,BKG_VG250_2026_01_01
08212,Karlsruhe,08,1,2026-01-01,BKG_VG250_2026_01_01
08215,Karlsruhe,08,1,2026-01-01,BKG_VG250_2026_01_01
08216,Rastatt,08,1,2026-01-01,BKG_VG250_2026_01_01
08221,Heidelberg,08,1,2026-01-01,BKG_VG250_2026_01_01
08222,Mannheim,08,1,2026-01-01,BKG_VG250_2026_01_01
08225,Neckar-Odenwald-Kreis,08,1,2026-01-01,BKG_VG250_2026_01_01
08226,Rhein-Neckar-Kreis,08,1,2026-01-01,BKG_VG250_2026_01_01
08231,Pforzheim,08,1,2026-01-01,BKG_VG250_2026_01_01
08235,Calw,08,1,2026-01-01,BKG_VG250_2026_01_01
08236,Enzkreis,08,1,2026-01-01,BKG_VG250_2026_01_01
08237,Freudenstadt,08,1,2026-01-01,BKG_VG250_2026_01_01
08311,Freiburg im Breisgau,08,1,2026-01-01,BKG_VG250_2026_01_01
08315,Breisgau-Hochschwarzwald,08,1,2026-01-01,BKG_VG250_2026_01_01
08316,Emmendingen,08,1,2026-01-01,BKG_VG250_2026_01_01
08317,Ortenaukreis,08,1,2026-01-01,BKG_VG250_2026_01_01
08325,Rottweil,08,1,2026-01-01,BKG_VG250_2026_01_01
08326,Schwarzwald-Baar-Kreis,08,1,2026-01-01,BKG_VG250_2026_01_01
08327,Tuttlingen,08,1,2026-01-01,BKG_VG250_2026_01_01
08335,Konstanz,08,2,2026-01-01,BKG_VG250_2026_01_01
08336,Lörrach,08,1,2026-01-01,BKG_VG250_2026_01_01
08337,Waldshut,08,1,2026-01-01,BKG_VG250_2026_01_01
08415,Reutlingen,08,1,2026-01-01,BKG_VG250_2026_01_01
08416,Tübingen,08,1,2026-01-01,BKG_VG250_2026_01_01
08417,Zollernalbkreis,08,1,2026-01-01,BKG_VG250_2026_01_01
08421,Ulm,08,1,2026-01-01,BKG_VG250_2026_01_01
08425,Alb-Donau-Kreis,08,1,2026-01-01,BKG_VG250_2026_01_01
08426,Biberach,08,1,2026-01-01,BKG_VG250_2026_01_01
08435,Bodenseekreis,08,2,2026-01-01,BKG_VG250_2026_01_01
08436,Ravensburg,08,1,2026-01-01,BKG_VG250_2026_01_01
08437,Sigmaringen,08,1,2026-01-01,BKG_VG250_2026_01_01
09161,Ingolstadt,09,1,2026-01-01,BKG_VG250_2026_01_01
09162,München,09,1,2026-01-01,BKG_VG250_2026_01_01
09163,Rosenheim,09,1,2026-01-01,BKG_VG250_2026_01_01
09171,Altötting,09,1,2026-01-01,BKG_VG250_2026_01_01
09172,Berchtesgadener Land,09,1,2026-01-01,BKG_VG250_2026_01_01
09173,Bad Tölz-Wolfratshausen,09,1,2026-01-01,BKG_VG250_2026_01_01
09174,Dachau,09,1,2026-01-01,BKG_VG250_2026_01_01
09175,Ebersberg,09,1,2026-01-01,BKG_VG250_2026_01_01
09176,Eichstätt,09,1,2026-01-01,BKG_VG250_2026_01_01
09177,Erding,09,1,2026-01-01,BKG_VG250_2026_01_01
09178,Freising,09,1,2026-01-01,BKG_VG250_2026_01_01
09179,Fürstenfeldbruck,09,1,2026-01-01,BKG_VG250_2026_01_01
09180,Garmisch-Partenkirchen,09,1,2026-01-01,BKG_VG250_2026_01_01
09181,Landsberg am Lech,09,1,2026-01-01,BKG_VG250_2026_01_01
09182,Miesbach,09,1,2026-01-01,BKG_VG250_2026_01_01
09183,Mühldorf a.Inn,09,1,2026-01-01,BKG_VG250_2026_01_01
09184,München,09,1,2026-01-01,BKG_VG250_2026_01_01
09185,Neuburg-Schrobenhausen,09,1,2026-01-01,BKG_VG250_2026_01_01
09186,Pfaffenhofen a.d.Ilm,09,1,2026-01-01,BKG_VG250_2026_01_01
09187,Rosenheim,09,1,2026-01-01,BKG_VG250_2026_01_01
09188,Starnberg,09,1,2026-01-01,BKG_VG250_2026_01_01
09189,Traunstein,09,1,2026-01-01,BKG_VG250_2026_01_01
09190,Weilheim-Schongau,09,1,2026-01-01,BKG_VG250_2026_01_01
09261,Landshut,09,1,2026-01-01,BKG_VG250_2026_01_01
09262,Passau,09,1,2026-01-01,BKG_VG250_2026_01_01
09263,Straubing,09,1,2026-01-01,BKG_VG250_2026_01_01
09271,Deggendorf,09,1,2026-01-01,BKG_VG250_2026_01_01
09272,Freyung-Grafenau,09,1,2026-01-01,BKG_VG250_2026_01_01
09273,Kelheim,09,1,2026-01-01,BKG_VG250_2026_01_01
09274,Landshut,09,1,2026-01-01,BKG_VG250_2026_01_01
09275,Passau,09,1,2026-01-01,BKG_VG250_2026_01_01
09276,Regen,09,1,2026-01-01,BKG_VG250_2026_01_01
09277,Rottal-Inn,09,1,2026-01-01,BKG_VG250_2026_01_01
09278,Straubing-Bogen,09,1,2026-01-01,BKG_VG250_2026_01_01
09279,Dingolfing-Landau,09,1,2026-01-01,BKG_VG250_2026_01_01
09361,Amberg,09,1,2026-01-01,BKG_VG250_2026_01_01
09362,Regensburg,09,1,2026-01-01,BKG_VG250_2026_01_01
09363,Weiden i.d.OPf.,09,1,2026-01-01,BKG_VG250_2026_01_01
09371,Amberg-Sulzbach,09,1,2026-01-01,BKG_VG250_2026_01_01
09372,Cham,09,1,2026-01-01,BKG_VG250_2026_01_01
09373,Neumarkt i.d.OPf.,09,1,2026-01-01,BKG_VG250_2026_01_01
09374,Neustadt a.d.Waldnaab,09,1,2026-01-01,BKG_VG250_2026_01_01
09375,Regensburg,09,1,2026-01-01,BKG_VG250_2026_01_01
09376,Schwandorf,09,1,2026-01-01,BKG_VG250_2026_01_01
09377,Tirschenreuth,09,1,2026-01-01,BKG_VG250_2026_01_01
09461,Bamberg,09,1,2026-01-01,BKG_VG250_2026_01_01
09462,Bayreuth,09,1,2026-01-01,BKG_VG250_2026_01_01
09463,Coburg,09,1,2026-01-01,BKG_VG250_2026_01_01
09464,Hof,09,1,2026-01-01,BKG_VG250_2026_01_01
09471,Bamberg,09,1,2026-01-01,BKG_VG250_2026_01_01
09472,Bayreuth,09,1,2026-01-01,BKG_VG250_2026_01_01
09473,Coburg,09,1,2026-01-01,BKG_VG250_2026_01_01
09474,Forchheim,09,1,2026-01-01,BKG_VG250_2026_01_01
09475,Hof,09,1,2026-01-01,BKG_VG250_2026_01_01
09476,Kronach,09,1,2026-01-01,BKG_VG250_2026_01_01
09477,Kulmbach,09,1,2026-01-01,BKG_VG250_2026_01_01
09478,Lichtenfels,09,1,2026-01-01,BKG_VG250_2026_01_01
09479,Wunsiedel i.Fichtelgebirge,09,1,2026-01-01,BKG_VG250_2026_01_01
09561,Ansbach,09,1,2026-01-01,BKG_VG250_2026_01_01
09562,Erlangen,09,1,2026-01-01,BKG_VG250_2026_01_01
09563,Fürth,09,1,2026-01-01,BKG_VG250_2026_01_01
09564,Nürnberg,09,1,2026-01-01,BKG_VG250_2026_01_01
09565,Schwabach,09,1,2026-01-01,BKG_VG250_2026_01_01
09571,Ansbach,09,1,2026-01-01,BKG_VG250_2026_01_01
09572,Erlangen-Höchstadt,09,1,2026-01-01,BKG_VG250_2026_01_01
09573,Fürth,09,1,2026-01-01,BKG_VG250_2026_01_01
09574,Nürnberger Land,09,1,2026-01-01,BKG_VG250_2026_01_01
09575,Neustadt a.d.Aisch-Bad Windsheim,09,1,2026-01-01,BKG_VG250_2026_01_01
09576,Roth,09,1,2026-01-01,BKG_VG250_2026_01_01
09577,Weißenburg-Gunzenhausen,09,1,2026-01-01,BKG_VG250_2026_01_01
09661,Aschaffenburg,09,1,2026-01-01,BKG_VG250_2026_01_01
09662,Schweinfurt,09,1,2026-01-01,BKG_VG250_2026_01_01
09663,Würzburg,09,1,2026-01-01,BKG_VG250_2026_01_01
09671,Aschaffenburg,09,1,2026-01-01,BKG_VG250_2026_01_01
09672,Bad Kissingen,09,1,2026-01-01,BKG_VG250_2026_01_01
09673,Rhön-Grabfeld,09,1,2026-01-01,BKG_VG250_2026_01_01
09674,Haßberge,09,1,2026-01-01,BKG_VG250_2026_01_01
09675,Kitzingen,09,1,2026-01-01,BKG_VG250_2026_01_01
09676,Miltenberg,09,1,2026-01-01,BKG_VG250_2026_01_01
09677,Main-Spessart,09,1,2026-01-01,BKG_VG250_2026_01_01
09678,Schweinfurt,09,1,2026-01-01,BKG_VG250_2026_01_01
09679,Würzburg,09,1,2026-01-01,BKG_VG250_2026_01_01
09761,Augsburg,09,1,2026-01-01,BKG_VG250_2026_01_01
09762,Kaufbeuren,09,1,2026-01-01,BKG_VG250_2026_01_01
09763,Kempten (Allgäu),09,1,2026-01-01,BKG_VG250_2026_01_01
09764,Memmingen,09,1,2026-01-01,BKG_VG250_2026_01_01
09771,Aichach-Friedberg,09,1,2026-01-01,BKG_VG250_2026_01_01
09772,Augsburg,09,1,2026-01-01,BKG_VG250_2026_01_01
09773,Dillingen a.d.Donau,09,1,2026-01-01,BKG_VG250_2026_01_01
09774,Günzburg,09,1,2026-01-01,BKG_VG250_2026_01_01
09775,Neu-Ulm,09,1,2026-01-01,BKG_VG250_2026_01_01
09776,Lindau (Bodensee),09,1,2026-01-01,BKG_VG250_2026_01_01
09777,Ostallgäu,09,1,2026-01-01,BKG_VG250_2026_01_01
09778,Unterallgäu,09,1,2026-01-01,BKG_VG250_2026_01_01
09779,Donau-Ries,09,1,2026-01-01,BKG_VG250_2026_01_01
09780,Oberallgäu,09,1,2026-01-01,BKG_VG250_2026_01_01
10041,Regionalverband Saarbrücken,10,1,2026-01-01,BKG_VG250_2026_01_01
10042,Merzig-Wadern,10,1,2026-01-01,BKG_VG250_2026_01_01
10043,Neunkirchen,10,1,2026-01-01,BKG_VG250_2026_01_01
10044,Saarlouis,10,1,2026-01-01,BKG_VG250_2026_01_01
10045,Saarpfalz-Kreis,10,1,2026-01-01,BKG_VG250_2026_01_01
10046,St. Wendel,10,1,2026-01-01,BKG_VG250_2026_01_01
11000,Berlin,11,1,2026-01-01,BKG_VG250_2026_01_01
12051,Brandenburg an der Havel,12,1,2026-01-01,BKG_VG250_2026_01_01
12052,Cottbus,12,1,2026-01-01,BKG_VG250_2026_01_01
12053,Frankfurt (Oder),12,1,2026-01-01,BKG_VG250_2026_01_01
12054,Potsdam,12,1,2026-01-01,BKG_VG250_2026_01_01
12060,Barnim,12,1,2026-01-01,BKG_VG250_2026_01_01
12061,Dahme-Spreewald,12,1,2026-01-01,BKG_VG250_2026_01_01
12062,Elbe-Elster,12,1,2026-01-01,BKG_VG250_2026_01_01
12063,Havelland,12,1,2026-01-01,BKG_VG250_2026_01_01
12064,Märkisch-Oderland,12,1,2026-01-01,BKG_VG250_2026_01_01
12065,Oberhavel,12,1,2026-01-01,BKG_VG250_2026_01_01
12066,Oberspreewald-Lausitz,12,1,2026-01-01,BKG_VG250_2026_01_01
12067,Oder-Spree,12,1,2026-01-01,BKG_VG250_2026_01_01
12068,Ostprignitz-Ruppin,12,1,2026-01-01,BKG_VG250_2026_01_01
12069,Potsdam-Mittelmark,12,1,2026-01-01,BKG_VG250_2026_01_01
12070,Prignitz,12,1,2026-01-01,BKG_VG250_2026_01_01
12071,Spree-Neiße,12,1,2026-01-01,BKG_VG250_2026_01_01
12072,Teltow-Fläming,12,1,2026-01-01,BKG_VG250_2026_01_01
12073,Uckermark,12,1,2026-01-01,BKG_VG250_2026_01_01
13003,Rostock,13,2,2026-01-01,BKG_VG250_2026_01_01
13004,Schwerin,13,1,2026-01-01,BKG_VG250_2026_01_01
13071,Mecklenburgische Seenplatte,13,1,2026-01-01,BKG_VG250_2026_01_01
13072,Rostock,13,2,2026-01-01,BKG_VG250_2026_01_01
13073,Vorpommern-Rügen,13,2,2026-01-01,BKG_VG250_2026_01_01
13074,Nordwestmecklenburg,13,2,2026-01-01,BKG_VG250_2026_01_01
13075,Vorpommern-Greifswald,13,2,2026-01-01,BKG_VG250_2026_01_01
13076,Ludwigslust-Parchim,13,1,2026-01-01,BKG_VG250_2026_01_01
14511,Chemnitz,14,1,2026-01-01,BKG_VG250_2026_01_01
14521,Erzgebirgskreis,14,1,2026-01-01,BKG_VG250_2026_01_01
14522,Mittelsachsen,14,1,2026-01-01,BKG_VG250_2026_01_01
14523,Vogtlandkreis,14,1,2026-01-01,BKG_VG250_2026_01_01
14524,Zwickau,14,1,2026-01-01,BKG_VG250_2026_01_01
14612,Dresden,14,1,2026-01-01,BKG_VG250_2026_01_01
14625,Bautzen,14,1,2026-01-01,BKG_VG250_2026_01_01
14626,Görlitz,14,1,2026-01-01,BKG_VG250_2026_01_01
14627,Meißen,14,1,2026-01-01,BKG_VG250_2026_01_01
14628,Sächsische Schweiz-Osterzgebirge,14,1,2026-01-01,BKG_VG250_2026_01_01
14713,Leipzig,14,1,2026-01-01,BKG_VG250_2026_01_01
14729,Leipzig,14,1,2026-01-01,BKG_VG250_2026_01_01
14730,Nordsachsen,14,1,2026-01-01,BKG_VG250_2026_01_01
15001,Dessau-Roßlau,15,1,2026-01-01,BKG_VG250_2026_01_01
15002,Halle (Saale),15,1,2026-01-01,BKG_VG250_2026_01_01
15003,Magdeburg,15,1,2026-01-01,BKG_VG250_2026_01_01
15081,Altmarkkreis Salzwedel,15,1,2026-01-01,BKG_VG250_2026_01_01
15082,Anhalt-Bitterfeld,15,1,2026-01-01,BKG_VG250_2026_01_01
15083,Börde,15,1,2026-01-01,BKG_VG250_2026_01_01
15084,Burgenlandkreis,15,1,2026-01-01,BKG_VG250_2026_01_01
15085,Harz,15,1,2026-01-01,BKG_VG250_2026_01_01
15086,Jerichower Land,15,1,2026-01-01,BKG_VG250_2026_01_01
15087,Mansfeld-Südharz,15,1,2026-01-01,BKG_VG250_2026_01_01
15088,Saalekreis,15,1,2026-01-01,BKG_VG250_2026_01_01
15089,Salzlandkreis,15,1,2026-01-01,BKG_VG250_2026_01_01
15090,Stendal,15,1,2026-01-01,BKG_VG250_2026_01_01
15091,Wittenberg,15,1,2026-01-01,BKG_VG250_2026_01_01
16051,Erfurt,16,1,2026-01-01,BKG_VG250_2026_01_01
16052,Gera,16,1,2026-01-01,BKG_VG250_2026_01_01
16053,Jena,16,1,2026-01-01,BKG_VG250_2026_01_01
16054,Suhl,16,1,2026-01-01,BKG_VG250_2026_01_01
16055,Weimar,16,1,2026-01-01,BKG_VG250_2026_01_01
16061,Eichsfeld,16,1,2026-01-01,BKG_VG250_2026_01_01
16062,Nordhausen,16,1,2026-01-01,BKG_VG250_2026_01_01
16063,Wartburgkreis,16,1,2026-01-01,BKG_VG250_2026_01_01
16064,Unstrut-Hainich-Kreis,16,1,2026-01-01,BKG_VG250_2026_01_01
16065,Kyffhäuserkreis,16,1,2026-01-01,BKG_VG250_2026_01_01
16066,Schmalkalden-Meiningen,16,1,2026-01-01,BKG_VG250_2026_01_01
16067,Gotha,16,1,2026-01-01,BKG_VG250_2026_01_01
16068,Sömmerda,16,1,2026-01-01,BKG_VG250_2026_01_01
16069,Hildburghausen,16,1,2026-01-01,BKG_VG250_2026_01_01
16070,Ilm-Kreis,16,1,2026-01-01,BKG_VG250_2026_01_01
16071,Weimarer Land,16,1,2026-01-01,BKG_VG250_2026_01_01
16072,Sonneberg,16,1,2026-01-01,BKG_VG250_2026_01_01
16073,Saalfeld-Rudolstadt,16,1,2026-01-01,BKG_VG250_2026_01_01
16074,Saale-Holzland-Kreis,16,1,2026-01-01,BKG_VG250_2026_01_01
16075,Saale-Orla-Kreis,16,1,2026-01-01,BKG_VG250_2026_01_01
16076,Greiz,16,1,2026-01-01,BKG_VG250_2026_01_01
16077,Altenburger Land,16,1,2026-01-01,BKG_VG250_2026_01_01
