planning_region_id,region_name,population_2025_06_30,credit_securities_2025_million_eur,cash_loans_2025_million_eur,core_debt_2024_million_eur,core_debt_2025_million_eur,core_debt_2025_eur_percap,date,population_date,scope,source_url,join_warning
1,Bayerischer Untermain,370909,287.3,11.1,266.5,298.4,804,2025-12-31,2025-06-30,planning_region_municipal_cores_only,https://www.statistik.bayern.de/mam/statistik/haushalte_steuern/oeffentliche_haushalte/schuldenstand_der_gemeinden_und_gv_in_bayern_2024_und_2025_nach_k%C3%B6rperschaftsgruppen__ggk_und_regionen.pdf,DO_NOT_JOIN_COUNTY_BOUNDARY
2,Würzburg,511353,468.1,5.4,423.1,473.5,926,2025-12-31,2025-06-30,planning_region_municipal_cores_only,https://www.statistik.bayern.de/mam/statistik/haushalte_steuern/oeffentliche_haushalte/schuldenstand_der_gemeinden_und_gv_in_bayern_2024_und_2025_nach_k%C3%B6rperschaftsgruppen__ggk_und_regionen.pdf,DO_NOT_JOIN_COUNTY_BOUNDARY
3,Main-Rhön,434507,262.8,8.7,231.2,271.5,625,2025-12-31,2025-06-30,planning_region_municipal_cores_only,https://www.statistik.bayern.de/mam/statistik/haushalte_steuern/oeffentliche_haushalte/schuldenstand_der_gemeinden_und_gv_in_bayern_2024_und_2025_nach_k%C3%B6rperschaftsgruppen__ggk_und_regionen.pdf,DO_NOT_JOIN_COUNTY_BOUNDARY
4,Oberfranken-West,596678,505.7,21.4,418.1,527.1,883,2025-12-31,2025-06-30,planning_region_municipal_cores_only,https://www.statistik.bayern.de/mam/statistik/haushalte_steuern/oeffentliche_haushalte/schuldenstand_der_gemeinden_und_gv_in_bayern_2024_und_2025_nach_k%C3%B6rperschaftsgruppen__ggk_und_regionen.pdf,DO_NOT_JOIN_COUNTY_BOUNDARY
5,Oberfranken-Ost,459777,554.6,33.8,532.2,588.4,1280,2025-12-31,2025-06-30,planning_region_municipal_cores_only,https://www.statistik.bayern.de/mam/statistik/haushalte_steuern/oeffentliche_haushalte/schuldenstand_der_gemeinden_und_gv_in_bayern_2024_und_2025_nach_k%C3%B6rperschaftsgruppen__ggk_und_regionen.pdf,DO_NOT_JOIN_COUNTY_BOUNDARY
6,Oberpfalz-Nord,501513,573.7,24.2,551.8,597.9,1192,2025-12-31,2025-06-30,planning_region_municipal_cores_only,https://www.statistik.bayern.de/mam/statistik/haushalte_steuern/oeffentliche_haushalte/schuldenstand_der_gemeinden_und_gv_in_bayern_2024_und_2025_nach_k%C3%B6rperschaftsgruppen__ggk_und_regionen.pdf,DO_NOT_JOIN_COUNTY_BOUNDARY
7,Industrieregion Mittelfranken,1371922,2626.0,113.8,2511.2,2739.8,1997,2025-12-31,2025-06-30,planning_region_municipal_cores_only,https://www.statistik.bayern.de/mam/statistik/haushalte_steuern/oeffentliche_haushalte/schuldenstand_der_gemeinden_und_gv_in_bayern_2024_und_2025_nach_k%C3%B6rperschaftsgruppen__ggk_und_regionen.pdf,DO_NOT_JOIN_COUNTY_BOUNDARY
8,Westmittelfranken,423623,409.2,3.2,406.2,412.4,974,2025-12-31,2025-06-30,planning_region_municipal_cores_only,https://www.statistik.bayern.de/mam/statistik/haushalte_steuern/oeffentliche_haushalte/schuldenstand_der_gemeinden_und_gv_in_bayern_2024_und_2025_nach_k%C3%B6rperschaftsgruppen__ggk_und_regionen.pdf,DO_NOT_JOIN_COUNTY_BOUNDARY
9,Augsburg,935447,980.3,7.5,930.5,987.8,1056,2025-12-31,2025-06-30,planning_region_municipal_cores_only,https://www.statistik.bayern.de/mam/statistik/haushalte_steuern/oeffentliche_haushalte/schuldenstand_der_gemeinden_und_gv_in_bayern_2024_und_2025_nach_k%C3%B6rperschaftsgruppen__ggk_und_regionen.pdf,DO_NOT_JOIN_COUNTY_BOUNDARY
10,Ingolstadt,506809,314.0,36.0,273.3,350.0,691,2025-12-31,2025-06-30,planning_region_municipal_cores_only,https://www.statistik.bayern.de/mam/statistik/haushalte_steuern/oeffentliche_haushalte/schuldenstand_der_gemeinden_und_gv_in_bayern_2024_und_2025_nach_k%C3%B6rperschaftsgruppen__ggk_und_regionen.pdf,DO_NOT_JOIN_COUNTY_BOUNDARY
11,Regensburg,718092,535.1,4.6,394.8,539.7,752,2025-12-31,2025-06-30,planning_region_municipal_cores_only,https://www.statistik.bayern.de/mam/statistik/haushalte_steuern/oeffentliche_haushalte/schuldenstand_der_gemeinden_und_gv_in_bayern_2024_und_2025_nach_k%C3%B6rperschaftsgruppen__ggk_und_regionen.pdf,DO_NOT_JOIN_COUNTY_BOUNDARY
12,Donau-Wald,676717,699.2,8.3,694.3,707.5,1045,2025-12-31,2025-06-30,planning_region_municipal_cores_only,https://www.statistik.bayern.de/mam/statistik/haushalte_steuern/oeffentliche_haushalte/schuldenstand_der_gemeinden_und_gv_in_bayern_2024_und_2025_nach_k%C3%B6rperschaftsgruppen__ggk_und_regionen.pdf,DO_NOT_JOIN_COUNTY_BOUNDARY
13,Landshut,478541,469.7,3.3,440.3,473.1,989,2025-12-31,2025-06-30,planning_region_municipal_cores_only,https://www.statistik.bayern.de/mam/statistik/haushalte_steuern/oeffentliche_haushalte/schuldenstand_der_gemeinden_und_gv_in_bayern_2024_und_2025_nach_k%C3%B6rperschaftsgruppen__ggk_und_regionen.pdf,DO_NOT_JOIN_COUNTY_BOUNDARY
14,München,2964323,8808.6,142.2,6916.3,8950.8,3020,2025-12-31,2025-06-30,planning_region_municipal_cores_only,https://www.statistik.bayern.de/mam/statistik/haushalte_steuern/oeffentliche_haushalte/schuldenstand_der_gemeinden_und_gv_in_bayern_2024_und_2025_nach_k%C3%B6rperschaftsgruppen__ggk_und_regionen.pdf,DO_NOT_JOIN_COUNTY_BOUNDARY
15,Donau-Iller,505304,365.0,6.8,293.1,371.9,736,2025-12-31,2025-06-30,planning_region_municipal_cores_only,https://www.statistik.bayern.de/mam/statistik/haushalte_steuern/oeffentliche_haushalte/schuldenstand_der_gemeinden_und_gv_in_bayern_2024_und_2025_nach_k%C3%B6rperschaftsgruppen__ggk_und_regionen.pdf,DO_NOT_JOIN_COUNTY_BOUNDARY
16,Allgäu,494049,528.2,4.1,528.2,532.3,1077,2025-12-31,2025-06-30,planning_region_municipal_cores_only,https://www.statistik.bayern.de/mam/statistik/haushalte_steuern/oeffentliche_haushalte/schuldenstand_der_gemeinden_und_gv_in_bayern_2024_und_2025_nach_k%C3%B6rperschaftsgruppen__ggk_und_regionen.pdf,DO_NOT_JOIN_COUNTY_BOUNDARY
17,Oberland,455740,458.0,21.6,417.2,479.6,1052,2025-12-31,2025-06-30,planning_region_municipal_cores_only,https://www.statistik.bayern.de/mam/statistik/haushalte_steuern/oeffentliche_haushalte/schuldenstand_der_gemeinden_und_gv_in_bayern_2024_und_2025_nach_k%C3%B6rperschaftsgruppen__ggk_und_regionen.pdf,DO_NOT_JOIN_COUNTY_BOUNDARY
18,Südostoberbayern,840918,782.8,25.7,769.4,808.4,961,2025-12-31,2025-06-30,planning_region_municipal_cores_only,https://www.statistik.bayern.de/mam/statistik/haushalte_steuern/oeffentliche_haushalte/schuldenstand_der_gemeinden_und_gv_in_bayern_2024_und_2025_nach_k%C3%B6rperschaftsgruppen__ggk_und_regionen.pdf,DO_NOT_JOIN_COUNTY_BOUNDARY
