ags5,name_de,state,year,series_id,value_eur_percap,boundary_type,quality_flag,source_url,harmonized_national_metric
16051,Erfurt,Thüringen,2025,th_2025_core_debt_all_creditors,176,district_aggregate_municipal_core_budget,official_html_transcribed,https://statistik.thueringen.de/datenbank/TabAnzeige.asp?tabelle=KR001614%7C%7C,no
16052,Gera,Thüringen,2025,th_2025_core_debt_all_creditors,446,district_aggregate_municipal_core_budget,official_html_transcribed,https://statistik.thueringen.de/datenbank/TabAnzeige.asp?tabelle=KR001614%7C%7C,no
16053,Jena,Thüringen,2025,th_2025_core_debt_all_creditors,,district_aggregate_municipal_core_budget,published_dash_not_numeric_zero,https://statistik.thueringen.de/datenbank/TabAnzeige.asp?tabelle=KR001614%7C%7C,no
16054,Suhl,Thüringen,2025,th_2025_core_debt_all_creditors,59,district_aggregate_municipal_core_budget,official_html_transcribed,https://statistik.thueringen.de/datenbank/TabAnzeige.asp?tabelle=KR001614%7C%7C,no
16055,Weimar,Thüringen,2025,th_2025_core_debt_all_creditors,496,district_aggregate_municipal_core_budget,official_html_transcribed,https://statistik.thueringen.de/datenbank/TabAnzeige.asp?tabelle=KR001614%7C%7C,no
16061,Eichsfeld,Thüringen,2025,th_2025_core_debt_all_creditors,749,district_aggregate_municipal_core_budget,official_html_transcribed,https://statistik.thueringen.de/datenbank/TabAnzeige.asp?tabelle=KR001614%7C%7C,no
16062,Nordhausen,Thüringen,2025,th_2025_core_debt_all_creditors,621,district_aggregate_municipal_core_budget,official_html_transcribed,https://statistik.thueringen.de/datenbank/TabAnzeige.asp?tabelle=KR001614%7C%7C,no
16063,Wartburgkreis,Thüringen,2025,th_2025_core_debt_all_creditors,310,district_aggregate_municipal_core_budget,official_html_transcribed,https://statistik.thueringen.de/datenbank/TabAnzeige.asp?tabelle=KR001614%7C%7C,no
16064,Unstrut-Hainich-Kreis,Thüringen,2025,th_2025_core_debt_all_creditors,445,district_aggregate_municipal_core_budget,official_html_transcribed,https://statistik.thueringen.de/datenbank/TabAnzeige.asp?tabelle=KR001614%7C%7C,no
16065,Kyffhäuserkreis,Thüringen,2025,th_2025_core_debt_all_creditors,1126,district_aggregate_municipal_core_budget,official_html_transcribed,https://statistik.thueringen.de/datenbank/TabAnzeige.asp?tabelle=KR001614%7C%7C,no
16066,Schmalkalden-Meiningen,Thüringen,2025,th_2025_core_debt_all_creditors,339,district_aggregate_municipal_core_budget,official_html_transcribed,https://statistik.thueringen.de/datenbank/TabAnzeige.asp?tabelle=KR001614%7C%7C,no
16067,Gotha,Thüringen,2025,th_2025_core_debt_all_creditors,373,district_aggregate_municipal_core_budget,official_html_transcribed,https://statistik.thueringen.de/datenbank/TabAnzeige.asp?tabelle=KR001614%7C%7C,no
16068,Sömmerda,Thüringen,2025,th_2025_core_debt_all_creditors,1145,district_aggregate_municipal_core_budget,official_html_transcribed,https://statistik.thueringen.de/datenbank/TabAnzeige.asp?tabelle=KR001614%7C%7C,no
16069,Hildburghausen,Thüringen,2025,th_2025_core_debt_all_creditors,415,district_aggregate_municipal_core_budget,official_html_transcribed,https://statistik.thueringen.de/datenbank/TabAnzeige.asp?tabelle=KR001614%7C%7C,no
16070,Ilm-Kreis,Thüringen,2025,th_2025_core_debt_all_creditors,867,district_aggregate_municipal_core_budget,official_html_transcribed,https://statistik.thueringen.de/datenbank/TabAnzeige.asp?tabelle=KR001614%7C%7C,no
16071,Weimarer Land,Thüringen,2025,th_2025_core_debt_all_creditors,662,district_aggregate_municipal_core_budget,official_html_transcribed,https://statistik.thueringen.de/datenbank/TabAnzeige.asp?tabelle=KR001614%7C%7C,no
16072,Sonneberg,Thüringen,2025,th_2025_core_debt_all_creditors,871,district_aggregate_municipal_core_budget,official_html_transcribed,https://statistik.thueringen.de/datenbank/TabAnzeige.asp?tabelle=KR001614%7C%7C,no
16073,Saalfeld-Rudolstadt,Thüringen,2025,th_2025_core_debt_all_creditors,514,district_aggregate_municipal_core_budget,official_html_transcribed,https://statistik.thueringen.de/datenbank/TabAnzeige.asp?tabelle=KR001614%7C%7C,no
16074,Saale-Holzland-Kreis,Thüringen,2025,th_2025_core_debt_all_creditors,691,district_aggregate_municipal_core_budget,official_html_transcribed,https://statistik.thueringen.de/datenbank/TabAnzeige.asp?tabelle=KR001614%7C%7C,no
16075,Saale-Orla-Kreis,Thüringen,2025,th_2025_core_debt_all_creditors,655,district_aggregate_municipal_core_budget,official_html_transcribed,https://statistik.thueringen.de/datenbank/TabAnzeige.asp?tabelle=KR001614%7C%7C,no
16076,Greiz,Thüringen,2025,th_2025_core_debt_all_creditors,327,district_aggregate_municipal_core_budget,official_html_transcribed,https://statistik.thueringen.de/datenbank/TabAnzeige.asp?tabelle=KR001614%7C%7C,no
16077,Altenburger Land,Thüringen,2025,th_2025_core_debt_all_creditors,631,district_aggregate_municipal_core_budget,official_html_transcribed,https://statistik.thueringen.de/datenbank/TabAnzeige.asp?tabelle=KR001614%7C%7C,no
01001,Flensburg,Schleswig-Holstein,2025,sh_2025_core_debt_nonpublic,,city_core_budget_nonpublic,not_available_percap_from_pdf_table,https://www.statistik-nord.de/fileadmin/Dokumente/SI26_160.pdf,no
01002,Kiel,Schleswig-Holstein,2025,sh_2025_core_debt_nonpublic,,city_core_budget_nonpublic,not_available_percap_from_pdf_table,https://www.statistik-nord.de/fileadmin/Dokumente/SI26_160.pdf,no
01003,Lübeck,Schleswig-Holstein,2025,sh_2025_core_debt_nonpublic,,city_core_budget_nonpublic,not_available_percap_from_pdf_table,https://www.statistik-nord.de/fileadmin/Dokumente/SI26_160.pdf,no
01004,Neumünster,Schleswig-Holstein,2025,sh_2025_core_debt_nonpublic,,city_core_budget_nonpublic,not_available_percap_from_pdf_table,https://www.statistik-nord.de/fileadmin/Dokumente/SI26_160.pdf,no
01051,Dithmarschen,Schleswig-Holstein,2025,sh_2025_core_debt_nonpublic,,county_area_all_municipal_core_budgets_nonpublic,not_available_percap_from_pdf_table,https://www.statistik-nord.de/fileadmin/Dokumente/SI26_160.pdf,no
01053,Herzogtum Lauenburg,Schleswig-Holstein,2025,sh_2025_core_debt_nonpublic,,county_area_all_municipal_core_budgets_nonpublic,not_available_percap_from_pdf_table,https://www.statistik-nord.de/fileadmin/Dokumente/SI26_160.pdf,no
01054,Nordfriesland,Schleswig-Holstein,2025,sh_2025_core_debt_nonpublic,,county_area_all_municipal_core_budgets_nonpublic,not_available_percap_from_pdf_table,https://www.statistik-nord.de/fileadmin/Dokumente/SI26_160.pdf,no
01055,Ostholstein,Schleswig-Holstein,2025,sh_2025_core_debt_nonpublic,,county_area_all_municipal_core_budgets_nonpublic,not_available_percap_from_pdf_table,https://www.statistik-nord.de/fileadmin/Dokumente/SI26_160.pdf,no
01056,Pinneberg,Schleswig-Holstein,2025,sh_2025_core_debt_nonpublic,,county_area_all_municipal_core_budgets_nonpublic,not_available_percap_from_pdf_table,https://www.statistik-nord.de/fileadmin/Dokumente/SI26_160.pdf,no
01057,Plön,Schleswig-Holstein,2025,sh_2025_core_debt_nonpublic,,county_area_all_municipal_core_budgets_nonpublic,not_available_percap_from_pdf_table,https://www.statistik-nord.de/fileadmin/Dokumente/SI26_160.pdf,no
01058,Rendsburg-Eckernförde,Schleswig-Holstein,2025,sh_2025_core_debt_nonpublic,,county_area_all_municipal_core_budgets_nonpublic,not_available_percap_from_pdf_table,https://www.statistik-nord.de/fileadmin/Dokumente/SI26_160.pdf,no
01059,Schleswig-Flensburg,Schleswig-Holstein,2025,sh_2025_core_debt_nonpublic,,county_area_all_municipal_core_budgets_nonpublic,not_available_percap_from_pdf_table,https://www.statistik-nord.de/fileadmin/Dokumente/SI26_160.pdf,no
01060,Segeberg,Schleswig-Holstein,2025,sh_2025_core_debt_nonpublic,,county_area_all_municipal_core_budgets_nonpublic,not_available_percap_from_pdf_table,https://www.statistik-nord.de/fileadmin/Dokumente/SI26_160.pdf,no
01061,Steinburg,Schleswig-Holstein,2025,sh_2025_core_debt_nonpublic,,county_area_all_municipal_core_budgets_nonpublic,not_available_percap_from_pdf_table,https://www.statistik-nord.de/fileadmin/Dokumente/SI26_160.pdf,no
01062,Stormarn,Schleswig-Holstein,2025,sh_2025_core_debt_nonpublic,,county_area_all_municipal_core_budgets_nonpublic,not_available_percap_from_pdf_table,https://www.statistik-nord.de/fileadmin/Dokumente/SI26_160.pdf,no
07311,Frankenthal,Rheinland-Pfalz,2025,rp_2025_core_and_direct_extrabudget_nonpublic_debt,5471,kreisfreie_stadt_core_and_direct_100pct_extrabudget_nonpublic,official_html_transcribed,https://www.statistik.rlp.de/themen/gewerbeanzeigen/news/nachrichtendetailseite/pro-kopf-verschuldung-von-land-und-kommunen-steigt-ende-2025-auf-9600-euro,no
07312,Kaiserslautern,Rheinland-Pfalz,2025,rp_2025_core_and_direct_extrabudget_nonpublic_debt,4467,kreisfreie_stadt_core_and_direct_100pct_extrabudget_nonpublic,official_html_transcribed,https://www.statistik.rlp.de/themen/gewerbeanzeigen/news/nachrichtendetailseite/pro-kopf-verschuldung-von-land-und-kommunen-steigt-ende-2025-auf-9600-euro,no
07111,Koblenz,Rheinland-Pfalz,2025,rp_2025_core_and_direct_extrabudget_nonpublic_debt,4666,kreisfreie_stadt_core_and_direct_100pct_extrabudget_nonpublic,official_html_transcribed,https://www.statistik.rlp.de/themen/gewerbeanzeigen/news/nachrichtendetailseite/pro-kopf-verschuldung-von-land-und-kommunen-steigt-ende-2025-auf-9600-euro,no
07313,Landau in der Pfalz,Rheinland-Pfalz,2025,rp_2025_core_and_direct_extrabudget_nonpublic_debt,2188,kreisfreie_stadt_core_and_direct_100pct_extrabudget_nonpublic,official_html_transcribed,https://www.statistik.rlp.de/themen/gewerbeanzeigen/news/nachrichtendetailseite/pro-kopf-verschuldung-von-land-und-kommunen-steigt-ende-2025-auf-9600-euro,no
07314,Ludwigshafen am Rhein,Rheinland-Pfalz,2025,rp_2025_core_and_direct_extrabudget_nonpublic_debt,6528,kreisfreie_stadt_core_and_direct_100pct_extrabudget_nonpublic,breakdown_residual_requires_explanation,https://www.statistik.rlp.de/themen/gewerbeanzeigen/news/nachrichtendetailseite/pro-kopf-verschuldung-von-land-und-kommunen-steigt-ende-2025-auf-9600-euro,no
07315,Mainz,Rheinland-Pfalz,2025,rp_2025_core_and_direct_extrabudget_nonpublic_debt,2320,kreisfreie_stadt_core_and_direct_100pct_extrabudget_nonpublic,official_html_transcribed,https://www.statistik.rlp.de/themen/gewerbeanzeigen/news/nachrichtendetailseite/pro-kopf-verschuldung-von-land-und-kommunen-steigt-ende-2025-auf-9600-euro,no
07316,Neustadt an der Weinstraße,Rheinland-Pfalz,2025,rp_2025_core_and_direct_extrabudget_nonpublic_debt,2624,kreisfreie_stadt_core_and_direct_100pct_extrabudget_nonpublic,official_html_transcribed,https://www.statistik.rlp.de/themen/gewerbeanzeigen/news/nachrichtendetailseite/pro-kopf-verschuldung-von-land-und-kommunen-steigt-ende-2025-auf-9600-euro,no
07317,Pirmasens,Rheinland-Pfalz,2025,rp_2025_core_and_direct_extrabudget_nonpublic_debt,4102,kreisfreie_stadt_core_and_direct_100pct_extrabudget_nonpublic,official_html_transcribed,https://www.statistik.rlp.de/themen/gewerbeanzeigen/news/nachrichtendetailseite/pro-kopf-verschuldung-von-land-und-kommunen-steigt-ende-2025-auf-9600-euro,no
07318,Speyer,Rheinland-Pfalz,2025,rp_2025_core_and_direct_extrabudget_nonpublic_debt,2765,kreisfreie_stadt_core_and_direct_100pct_extrabudget_nonpublic,official_html_transcribed,https://www.statistik.rlp.de/themen/gewerbeanzeigen/news/nachrichtendetailseite/pro-kopf-verschuldung-von-land-und-kommunen-steigt-ende-2025-auf-9600-euro,no
07211,Trier,Rheinland-Pfalz,2025,rp_2025_core_and_direct_extrabudget_nonpublic_debt,5154,kreisfreie_stadt_core_and_direct_100pct_extrabudget_nonpublic,official_html_transcribed,https://www.statistik.rlp.de/themen/gewerbeanzeigen/news/nachrichtendetailseite/pro-kopf-verschuldung-von-land-und-kommunen-steigt-ende-2025-auf-9600-euro,no
07319,Worms,Rheinland-Pfalz,2025,rp_2025_core_and_direct_extrabudget_nonpublic_debt,5847,kreisfreie_stadt_core_and_direct_100pct_extrabudget_nonpublic,official_html_transcribed,https://www.statistik.rlp.de/themen/gewerbeanzeigen/news/nachrichtendetailseite/pro-kopf-verschuldung-von-land-und-kommunen-steigt-ende-2025-auf-9600-euro,no
07320,Zweibrücken,Rheinland-Pfalz,2025,rp_2025_core_and_direct_extrabudget_nonpublic_debt,4036,kreisfreie_stadt_core_and_direct_100pct_extrabudget_nonpublic,official_html_transcribed,https://www.statistik.rlp.de/themen/gewerbeanzeigen/news/nachrichtendetailseite/pro-kopf-verschuldung-von-land-und-kommunen-steigt-ende-2025-auf-9600-euro,no
07131,Ahrweiler,Rheinland-Pfalz,2025,rp_2025_core_and_direct_extrabudget_nonpublic_debt,1912,landkreisbereich_including_member_municipalities,official_html_transcribed_partial_9_of_24,https://www.statistik.rlp.de/ueber-uns/pressemitteilungen/pressemitteilungendetailseite/pro-kopf-verschuldung-von-land-und-kommunen-steigt-ende-2025-auf-9600-euro,no
07132,Altenkirchen,Rheinland-Pfalz,2025,rp_2025_core_and_direct_extrabudget_nonpublic_debt,2282,landkreisbereich_including_member_municipalities,official_html_transcribed_partial_9_of_24,https://www.statistik.rlp.de/ueber-uns/pressemitteilungen/pressemitteilungendetailseite/pro-kopf-verschuldung-von-land-und-kommunen-steigt-ende-2025-auf-9600-euro,no
07331,Alzey-Worms,Rheinland-Pfalz,2025,rp_2025_core_and_direct_extrabudget_nonpublic_debt,3101,landkreisbereich_including_member_municipalities,official_html_transcribed_partial_9_of_24,https://www.statistik.rlp.de/ueber-uns/pressemitteilungen/pressemitteilungendetailseite/pro-kopf-verschuldung-von-land-und-kommunen-steigt-ende-2025-auf-9600-euro,no
07332,Bad Dürkheim,Rheinland-Pfalz,2025,rp_2025_core_and_direct_extrabudget_nonpublic_debt,2343,landkreisbereich_including_member_municipalities,official_html_transcribed_partial_9_of_24,https://www.statistik.rlp.de/ueber-uns/pressemitteilungen/pressemitteilungendetailseite/pro-kopf-verschuldung-von-land-und-kommunen-steigt-ende-2025-auf-9600-euro,no
07133,Bad Kreuznach,Rheinland-Pfalz,2025,rp_2025_core_and_direct_extrabudget_nonpublic_debt,1919,landkreisbereich_including_member_municipalities,official_html_transcribed_partial_9_of_24,https://www.statistik.rlp.de/ueber-uns/pressemitteilungen/pressemitteilungendetailseite/pro-kopf-verschuldung-von-land-und-kommunen-steigt-ende-2025-auf-9600-euro,no
07231,Bernkastel-Wittlich,Rheinland-Pfalz,2025,rp_2025_core_and_direct_extrabudget_nonpublic_debt,2038,landkreisbereich_including_member_municipalities,official_html_transcribed_partial_9_of_24,https://www.statistik.rlp.de/ueber-uns/pressemitteilungen/pressemitteilungendetailseite/pro-kopf-verschuldung-von-land-und-kommunen-steigt-ende-2025-auf-9600-euro,no
07134,Birkenfeld,Rheinland-Pfalz,2025,rp_2025_core_and_direct_extrabudget_nonpublic_debt,2189,landkreisbereich_including_member_municipalities,official_html_transcribed_partial_9_of_24,https://www.statistik.rlp.de/ueber-uns/pressemitteilungen/pressemitteilungendetailseite/pro-kopf-verschuldung-von-land-und-kommunen-steigt-ende-2025-auf-9600-euro,no
07135,Cochem-Zell,Rheinland-Pfalz,2025,rp_2025_core_and_direct_extrabudget_nonpublic_debt,2925,landkreisbereich_including_member_municipalities,official_html_transcribed_partial_9_of_24,https://www.statistik.rlp.de/ueber-uns/pressemitteilungen/pressemitteilungendetailseite/pro-kopf-verschuldung-von-land-und-kommunen-steigt-ende-2025-auf-9600-euro,no
07333,Donnersbergkreis,Rheinland-Pfalz,2025,rp_2025_core_and_direct_extrabudget_nonpublic_debt,3061,landkreisbereich_including_member_municipalities,official_html_transcribed_partial_9_of_24,https://www.statistik.rlp.de/ueber-uns/pressemitteilungen/pressemitteilungendetailseite/pro-kopf-verschuldung-von-land-und-kommunen-steigt-ende-2025-auf-9600-euro,no
