admin_code,entity_de,entity_role,reference_year,metric_id,value_eur,data_status,accounting_scope,primary_source_url,scope_warning
02,Hamburg,city_state_land_and_city,2025,annual_accrual_result,47000000,final_2025,core_administration,https://www.hamburg.de/politik-und-verwaltung/behoerden/finanzbehoerde/themen/haushalt/7-ertragslage-1210890,Do not confuse with adjusted and group result
02,Hamburg,city_state_land_and_city,2025,adjusted_annual_accrual_result,582000000,final_2025,core_administration_adjusted,https://www.hamburg.de/politik-und-verwaltung/behoerden/finanzbehoerde/themen/haushalt/7-ertragslage-1210890,Accounting adjustment +535m; not additive to basic result
02,Hamburg,city_state_land_and_city,2025,consolidated_group_result,-142000000,final_2025,city_state_and_affiliates,https://www.hamburg.de/politik-und-verwaltung/behoerden/finanzbehoerde/themen/haushalt/7-ertragslage-1210890,Group accounts differ from core budget
02,Hamburg,city_state_land_and_city,2024,consolidated_group_result,729000000,final_2024_comparative,city_state_and_affiliates,https://www.hamburg.de/politik-und-verwaltung/behoerden/finanzbehoerde/themen/haushalt/7-ertragslage-1210890,2024 comparison as cited in 2025 statement
11,Berlin,city_state_land_and_city,2024,financing_balance,-3100000000,final_2024,budget_financing,https://www.berlin.de/rbmskzl/aktuelles/pressemitteilungen/2025/pressemitteilung.1602526.php,Rounded final deficit as stated
11,Berlin,city_state_land_and_city,2025,financing_balance_forecast,-3200000000,forecast_asof_2025_10_31,budget_financing_projection,https://www.berlin.de/rbmskzl/aktuelles/pressemitteilungen/2025/pressemitteilung.1624361.php,Forecast NOT audited 2025 actual
11,Berlin,city_state_land_and_city,2026,financing_balance_forecast,-4600000000,forecast_asof_2026_05_31,budget_financing_projection,https://www.berlin.de/rbmskzl/aktuelles/pressemitteilungen/2026/pressemitteilung.1709184.php,Forecast NOT 2026 actual
14713,Leipzig,independent_city,2025,net_tax_receipts,894000000,provisional_2025_reported,city_tax_receipts,https://statistik.leipzig.de/,Rounded official current annual statistical figure
14713,Leipzig,independent_city,2025,gross_trade_tax_receipts,486372000,provisional_2025_quarters,city_trade_tax_gross,https://statistik.leipzig.de/statcity/table.aspx?cat=14&per=q&rub=6,Sum of 2025 four provisional quarterly 1000EUR observations: 128840+152107+105064+100361
