ags5,name_de,total_debt_percap_2025_eur,total_debt_million_2025_eur,liquidity_loans_million_2025_eur,financing_balance_percap_2025_eur,financing_balance_2025_eur,debt_scope,financing_balance_scope,debt_source_url,balance_source_url,join_quality
07311,Frankenthal,5471,263.0,165.0,-927,-44655339,kreisfreie_stadt_core_and_direct_100pct_extrabudget_nonpublic,kreisfreie_stadt,https://www.statistik.rlp.de/themen/gewerbeanzeigen/news/nachrichtendetailseite/pro-kopf-verschuldung-von-land-und-kommunen-steigt-ende-2025-auf-9600-euro,https://www.statistik.rlp.de/themen/gewerbeanzeigen/news/nachrichtendetailseite/kommunales-defizit-steigt-das-dritte-jahr-in-folge-und-verdoppelt-sich-gegenueber-2024-auf-rekordniveau,ags5_unique_match_no_additive_interpretation
07312,Kaiserslautern,4467,447.4,120.1,-109,-10954255,kreisfreie_stadt_core_and_direct_100pct_extrabudget_nonpublic,kreisfreie_stadt,https://www.statistik.rlp.de/themen/gewerbeanzeigen/news/nachrichtendetailseite/pro-kopf-verschuldung-von-land-und-kommunen-steigt-ende-2025-auf-9600-euro,https://www.statistik.rlp.de/themen/gewerbeanzeigen/news/nachrichtendetailseite/kommunales-defizit-steigt-das-dritte-jahr-in-folge-und-verdoppelt-sich-gegenueber-2024-auf-rekordniveau,ags5_unique_match_no_additive_interpretation
07111,Koblenz,4666,527.4,10.0,-708,-80181396,kreisfreie_stadt_core_and_direct_100pct_extrabudget_nonpublic,kreisfreie_stadt,https://www.statistik.rlp.de/themen/gewerbeanzeigen/news/nachrichtendetailseite/pro-kopf-verschuldung-von-land-und-kommunen-steigt-ende-2025-auf-9600-euro,https://www.statistik.rlp.de/themen/gewerbeanzeigen/news/nachrichtendetailseite/kommunales-defizit-steigt-das-dritte-jahr-in-folge-und-verdoppelt-sich-gegenueber-2024-auf-rekordniveau,ags5_unique_match_no_additive_interpretation
07313,Landau in der Pfalz,2188,105.5,8.0,-354,-17081549,kreisfreie_stadt_core_and_direct_100pct_extrabudget_nonpublic,kreisfreie_stadt,https://www.statistik.rlp.de/themen/gewerbeanzeigen/news/nachrichtendetailseite/pro-kopf-verschuldung-von-land-und-kommunen-steigt-ende-2025-auf-9600-euro,https://www.statistik.rlp.de/themen/gewerbeanzeigen/news/nachrichtendetailseite/kommunales-defizit-steigt-das-dritte-jahr-in-folge-und-verdoppelt-sich-gegenueber-2024-auf-rekordniveau,ags5_unique_match_no_additive_interpretation
07314,Ludwigshafen am Rhein,6528,1156.9,379.5,-1035,-182675001,kreisfreie_stadt_core_and_direct_100pct_extrabudget_nonpublic,kreisfreie_stadt,https://www.statistik.rlp.de/themen/gewerbeanzeigen/news/nachrichtendetailseite/pro-kopf-verschuldung-von-land-und-kommunen-steigt-ende-2025-auf-9600-euro,https://www.statistik.rlp.de/themen/gewerbeanzeigen/news/nachrichtendetailseite/kommunales-defizit-steigt-das-dritte-jahr-in-folge-und-verdoppelt-sich-gegenueber-2024-auf-rekordniveau,ags5_unique_match_no_additive_interpretation
07315,Mainz,2320,517.4,150.0,-975,-219032336,kreisfreie_stadt_core_and_direct_100pct_extrabudget_nonpublic,kreisfreie_stadt,https://www.statistik.rlp.de/themen/gewerbeanzeigen/news/nachrichtendetailseite/pro-kopf-verschuldung-von-land-und-kommunen-steigt-ende-2025-auf-9600-euro,https://www.statistik.rlp.de/themen/gewerbeanzeigen/news/nachrichtendetailseite/kommunales-defizit-steigt-das-dritte-jahr-in-folge-und-verdoppelt-sich-gegenueber-2024-auf-rekordniveau,ags5_unique_match_no_additive_interpretation
07316,Neustadt an der Weinstraße,2624,138.8,11.0,-617,-32614673,kreisfreie_stadt_core_and_direct_100pct_extrabudget_nonpublic,kreisfreie_stadt,https://www.statistik.rlp.de/themen/gewerbeanzeigen/news/nachrichtendetailseite/pro-kopf-verschuldung-von-land-und-kommunen-steigt-ende-2025-auf-9600-euro,https://www.statistik.rlp.de/themen/gewerbeanzeigen/news/nachrichtendetailseite/kommunales-defizit-steigt-das-dritte-jahr-in-folge-und-verdoppelt-sich-gegenueber-2024-auf-rekordniveau,ags5_unique_match_no_additive_interpretation
07317,Pirmasens,4102,162.8,86.5,-613,-24328139,kreisfreie_stadt_core_and_direct_100pct_extrabudget_nonpublic,kreisfreie_stadt,https://www.statistik.rlp.de/themen/gewerbeanzeigen/news/nachrichtendetailseite/pro-kopf-verschuldung-von-land-und-kommunen-steigt-ende-2025-auf-9600-euro,https://www.statistik.rlp.de/themen/gewerbeanzeigen/news/nachrichtendetailseite/kommunales-defizit-steigt-das-dritte-jahr-in-folge-und-verdoppelt-sich-gegenueber-2024-auf-rekordniveau,ags5_unique_match_no_additive_interpretation
07318,Speyer,2765,136.3,53.4,-573,-28408670,kreisfreie_stadt_core_and_direct_100pct_extrabudget_nonpublic,kreisfreie_stadt,https://www.statistik.rlp.de/themen/gewerbeanzeigen/news/nachrichtendetailseite/pro-kopf-verschuldung-von-land-und-kommunen-steigt-ende-2025-auf-9600-euro,https://www.statistik.rlp.de/themen/gewerbeanzeigen/news/nachrichtendetailseite/kommunales-defizit-steigt-das-dritte-jahr-in-folge-und-verdoppelt-sich-gegenueber-2024-auf-rekordniveau,ags5_unique_match_no_additive_interpretation
07211,Trier,5154,539.1,158.3,-434,-45145592,kreisfreie_stadt_core_and_direct_100pct_extrabudget_nonpublic,kreisfreie_stadt,https://www.statistik.rlp.de/themen/gewerbeanzeigen/news/nachrichtendetailseite/pro-kopf-verschuldung-von-land-und-kommunen-steigt-ende-2025-auf-9600-euro,https://www.statistik.rlp.de/themen/gewerbeanzeigen/news/nachrichtendetailseite/kommunales-defizit-steigt-das-dritte-jahr-in-folge-und-verdoppelt-sich-gegenueber-2024-auf-rekordniveau,ags5_unique_match_no_additive_interpretation
07319,Worms,5847,507.7,213.0,-423,-36639483,kreisfreie_stadt_core_and_direct_100pct_extrabudget_nonpublic,kreisfreie_stadt,https://www.statistik.rlp.de/themen/gewerbeanzeigen/news/nachrichtendetailseite/pro-kopf-verschuldung-von-land-und-kommunen-steigt-ende-2025-auf-9600-euro,https://www.statistik.rlp.de/themen/gewerbeanzeigen/news/nachrichtendetailseite/kommunales-defizit-steigt-das-dritte-jahr-in-folge-und-verdoppelt-sich-gegenueber-2024-auf-rekordniveau,ags5_unique_match_no_additive_interpretation
07320,Zweibrücken,4036,133.9,67.0,-252,-8432075,kreisfreie_stadt_core_and_direct_100pct_extrabudget_nonpublic,kreisfreie_stadt,https://www.statistik.rlp.de/themen/gewerbeanzeigen/news/nachrichtendetailseite/pro-kopf-verschuldung-von-land-und-kommunen-steigt-ende-2025-auf-9600-euro,https://www.statistik.rlp.de/themen/gewerbeanzeigen/news/nachrichtendetailseite/kommunales-defizit-steigt-das-dritte-jahr-in-folge-und-verdoppelt-sich-gegenueber-2024-auf-rekordniveau,ags5_unique_match_no_additive_interpretation
