report_year,state_code,county_ags5,reporting_unit_class,original_region_key,municipality_ags8_candidate,ags_match_2024_atlas,name_de,legal_form_de,population_2023_06_30,total_integrated_debt_eur,integrated_debt_eur_per_person,core_budget_debt_eur,extra_budget_proportional_debt_eur,public_enterprise_proportional_debt_eur,source_id
2023,10,10041,county_administration,10041,,not_applicable,Regionalverband Saarbrücken,Regionalverband,331032,159476391.01,481.76,138097898.00,1323152.86,20055340.15,STATISTIKPORTAL_INTEGRATED_2023_T1
2023,10,10041,municipality,100410100100,10041100,matched,Saarbrücken,kreisangehörige Gemeinde,182163,1697889852.41,9320.72,734000695.00,182607329.95,781281827.46,STATISTIKPORTAL_INTEGRATED_2023_T1
2023,10,10041,municipality,100410511511,10041511,matched,Friedrichsthal,kreisangehörige Gemeinde,9930,52646583.31,5301.77,19205505.00,858835.07,32582243.24,STATISTIKPORTAL_INTEGRATED_2023_T1
2023,10,10041,municipality,100410512512,10041512,matched,Großrosseln,kreisangehörige Gemeinde,7904,54664157.17,6916.01,14003707.00,95579.94,40564870.23,STATISTIKPORTAL_INTEGRATED_2023_T1
2023,10,10041,municipality,100410513513,10041513,matched,Heusweiler,kreisangehörige Gemeinde,18127,45490851.96,2509.56,8959090.00,285372.93,36246389.03,STATISTIKPORTAL_INTEGRATED_2023_T1
2023,10,10041,municipality,100410514514,10041514,matched,Kleinblittersdorf,kreisangehörige Gemeinde,10740,52742377.43,4910.84,11890374.00,276977.01,40575026.42,STATISTIKPORTAL_INTEGRATED_2023_T1
2023,10,10041,municipality,100410515515,10041515,matched,Püttlingen,kreisangehörige Gemeinde,18172,100537305.25,5532.54,31072662.00,43252708.99,26211934.26,STATISTIKPORTAL_INTEGRATED_2023_T1
2023,10,10041,municipality,100410516516,10041516,matched,Quierschied,kreisangehörige Gemeinde,12867,63816454.48,4959.70,31513697.00,66670.57,32236086.91,STATISTIKPORTAL_INTEGRATED_2023_T1
2023,10,10041,municipality,100410517517,10041517,matched,Riegelsberg,kreisangehörige Gemeinde,14416,41984509.25,2912.35,6828854.00,3161313.24,31994342.01,STATISTIKPORTAL_INTEGRATED_2023_T1
2023,10,10041,municipality,100410518518,10041518,matched,Sulzbach,kreisangehörige Gemeinde,16322,57692030.76,3534.62,11283943.00,1987.07,46406100.69,STATISTIKPORTAL_INTEGRATED_2023_T1
2023,10,10041,municipality,100410519519,10041519,matched,Völklingen,kreisangehörige Gemeinde,40391,306096615.34,7578.34,166215013.00,1055245.13,138826357.21,STATISTIKPORTAL_INTEGRATED_2023_T1
2023,10,10042,county_administration,10042,,not_applicable,Landkreis Merzig-Wadern,Landkreis,104393,38072122.43,364.70,32143846.00,1013627.44,4914648.99,STATISTIKPORTAL_INTEGRATED_2023_T1
2023,10,10042,municipality,100420111111,10042111,matched,Beckingen,kreisangehörige Gemeinde,14921,47691060.08,3196.24,14405515.00,1987.07,33283558.01,STATISTIKPORTAL_INTEGRATED_2023_T1
2023,10,10042,municipality,100420112112,10042112,matched,Losheim am See,kreisangehörige Gemeinde,16146,52148345.78,3229.80,2868410.00,7024898.07,42255037.71,STATISTIKPORTAL_INTEGRATED_2023_T1
2023,10,10042,municipality,100420113113,10042113,matched,Merzig,kreisangehörige Gemeinde,30027,129361904.18,4308.19,42716504.00,1987.07,86643413.11,STATISTIKPORTAL_INTEGRATED_2023_T1
2023,10,10042,municipality,100420114114,10042114,matched,Mettlach,kreisangehörige Gemeinde,12082,48884101.08,4046.03,22379875.00,1987.07,26502239.01,STATISTIKPORTAL_INTEGRATED_2023_T1
2023,10,10042,municipality,100420115115,10042115,matched,Perl,kreisangehörige Gemeinde,8971,61829229.08,6892.12,16378871.00,1987.07,45448371.01,STATISTIKPORTAL_INTEGRATED_2023_T1
2023,10,10042,municipality,100420116116,10042116,matched,Wadern,kreisangehörige Gemeinde,15877,64087082.47,4036.47,22496202.00,1987.07,41588893.40,STATISTIKPORTAL_INTEGRATED_2023_T1
2023,10,10042,municipality,100420117117,10042117,matched,Weiskirchen,kreisangehörige Gemeinde,6369,42514031.97,6675.15,12605507.00,1987.07,29906537.90,STATISTIKPORTAL_INTEGRATED_2023_T1
2023,10,10043,county_administration,10043,,not_applicable,Landkreis Neunkirchen,Landkreis,132219,63296834.42,478.73,57167873.00,210620.52,5918340.90,STATISTIKPORTAL_INTEGRATED_2023_T1
2023,10,10043,municipality,100430111111,10043111,matched,Eppelborn,kreisangehörige Gemeinde,16523,58466582.27,3538.50,22013866.00,686053.07,35766663.20,STATISTIKPORTAL_INTEGRATED_2023_T1
2023,10,10043,municipality,100430112112,10043112,matched,Illingen,kreisangehörige Gemeinde,15996,92973812.15,5812.32,34852181.00,5191692.07,52929939.08,STATISTIKPORTAL_INTEGRATED_2023_T1
2023,10,10043,municipality,100430113113,10043113,matched,Merchweiler,kreisangehörige Gemeinde,9860,85764249.94,8698.20,26072040.00,3377.07,59688832.87,STATISTIKPORTAL_INTEGRATED_2023_T1
2023,10,10043,municipality,100430114114,10043114,matched,Neunkirchen,kreisangehörige Gemeinde,46863,163373861.07,3486.20,81912058.00,27431.36,81434371.71,STATISTIKPORTAL_INTEGRATED_2023_T1
2023,10,10043,municipality,100430115115,10043115,matched,Ottweiler,kreisangehörige Gemeinde,14499,65412261.43,4511.50,17272580.00,125913.07,48013768.36,STATISTIKPORTAL_INTEGRATED_2023_T1
2023,10,10043,municipality,100430116116,10043116,matched,Schiffweiler,kreisangehörige Gemeinde,15665,72134269.46,4604.80,21224315.00,574668.07,50335286.39,STATISTIKPORTAL_INTEGRATED_2023_T1
2023,10,10043,municipality,100430117117,10043117,matched,Spiesen-Elversberg,kreisangehörige Gemeinde,12813,60193683.41,4697.86,16743707.00,1987.07,43447989.34,STATISTIKPORTAL_INTEGRATED_2023_T1
2023,10,10044,county_administration,10044,,not_applicable,Landkreis Saarlouis,Landkreis,195953,91709821.77,468.02,82359361.00,4213108.78,5137351.99,STATISTIKPORTAL_INTEGRATED_2023_T1
2023,10,10044,municipality,100440111111,10044111,matched,Dillingen,kreisangehörige Gemeinde,19998,87749438.47,4387.91,37454015.00,1638841.38,48656582.09,STATISTIKPORTAL_INTEGRATED_2023_T1
2023,10,10044,municipality,100440112112,10044112,matched,Lebach,kreisangehörige Gemeinde,19067,73091560.26,3833.41,19133298.00,4515710.53,49442551.73,STATISTIKPORTAL_INTEGRATED_2023_T1
2023,10,10044,municipality,100440113113,10044113,matched,Nalbach,kreisangehörige Gemeinde,9098,46033482.02,5059.74,13453361.00,1987.07,32578133.95,STATISTIKPORTAL_INTEGRATED_2023_T1
2023,10,10044,municipality,100440114114,10044114,matched,Rehlingen-Siersburg,kreisangehörige Gemeinde,14369,56632638.83,3941.31,13008622.00,1987.07,43622029.76,STATISTIKPORTAL_INTEGRATED_2023_T1
2023,10,10044,municipality,100440115115,10044115,matched,Saarlouis,kreisangehörige Gemeinde,34796,141575117.59,4068.72,45877574.00,155483.41,95542060.18,STATISTIKPORTAL_INTEGRATED_2023_T1
2023,10,10044,municipality,100440116116,10044116,matched,Saarwellingen,kreisangehörige Gemeinde,13300,42275655.47,3178.62,3482149.00,1987.07,38791519.40,STATISTIKPORTAL_INTEGRATED_2023_T1
2023,10,10044,municipality,100440117117,10044117,matched,Schmelz,kreisangehörige Gemeinde,16364,77957715.08,4763.98,16996217.00,507755.07,60453743.01,STATISTIKPORTAL_INTEGRATED_2023_T1
2023,10,10044,municipality,100440118118,10044118,matched,Schwalbach,kreisangehörige Gemeinde,17256,90031619.10,5217.41,38127968.00,1262589.46,50641061.64,STATISTIKPORTAL_INTEGRATED_2023_T1
2023,10,10044,municipality,100440119119,10044119,matched,Überherrn,kreisangehörige Gemeinde,11598,52464054.74,4523.54,17381875.00,657887.07,34424292.67,STATISTIKPORTAL_INTEGRATED_2023_T1
2023,10,10044,municipality,100440120120,10044120,matched,Wadgassen,kreisangehörige Gemeinde,17025,102786083.08,6037.36,31031014.00,2946627.07,68808442.01,STATISTIKPORTAL_INTEGRATED_2023_T1
2023,10,10044,municipality,100440121121,10044121,matched,Wallerfangen,kreisangehörige Gemeinde,9354,41083821.58,4392.11,6657193.00,1987.07,34424641.51,STATISTIKPORTAL_INTEGRATED_2023_T1
2023,10,10044,municipality,100440122122,10044122,matched,Bous,kreisangehörige Gemeinde,7113,44889917.01,6310.97,4051069.00,751364.37,40087483.64,STATISTIKPORTAL_INTEGRATED_2023_T1
2023,10,10044,municipality,100440123123,10044123,matched,Ensdorf,kreisangehörige Gemeinde,6615,40017195.47,6049.46,9232991.00,4965.37,30779239.10,STATISTIKPORTAL_INTEGRATED_2023_T1
2023,10,10045,county_administration,10045,,not_applicable,Saarpfalz-Kreis,Landkreis,142382,121947013.15,856.48,102303852.00,41912.27,19601248.88,STATISTIKPORTAL_INTEGRATED_2023_T1
2023,10,10045,municipality,100450111111,10045111,matched,Bexbach,kreisangehörige Gemeinde,17680,77346923.50,4374.83,16630988.00,37.49,60715898.01,STATISTIKPORTAL_INTEGRATED_2023_T1
2023,10,10045,municipality,100450112112,10045112,matched,Blieskastel,kreisangehörige Gemeinde,20222,78937276.77,3903.53,28430214.00,3153056.07,47354006.70,STATISTIKPORTAL_INTEGRATED_2023_T1
2023,10,10045,municipality,100450113113,10045113,matched,Gersheim,kreisangehörige Gemeinde,6296,65201266.00,10355.98,25950303.00,609282.32,38641680.68,STATISTIKPORTAL_INTEGRATED_2023_T1
2023,10,10045,municipality,100450114114,10045114,matched,Homburg,kreisangehörige Gemeinde,42341,211042709.11,4984.36,121566186.00,14025057.07,75451466.04,STATISTIKPORTAL_INTEGRATED_2023_T1
2023,10,10045,municipality,100450115115,10045115,matched,Kirkel,kreisangehörige Gemeinde,10101,67035586.88,6636.53,35016056.00,1987.07,32017543.81,STATISTIKPORTAL_INTEGRATED_2023_T1
2023,10,10045,municipality,100450116116,10045116,matched,Mandelbachtal,kreisangehörige Gemeinde,10608,70952399.33,6688.57,16103486.00,28322.32,54820591.01,STATISTIKPORTAL_INTEGRATED_2023_T1
2023,10,10045,municipality,100450117117,10045117,matched,St. Ingbert,kreisangehörige Gemeinde,35134,105406820.16,3000.14,33930354.00,6561598.07,64914868.09,STATISTIKPORTAL_INTEGRATED_2023_T1
2023,10,10046,county_administration,10046,,not_applicable,Landkreis St. Wendel,Landkreis,86924,65074021.62,748.63,45141963.00,10464728.30,9467330.32,STATISTIKPORTAL_INTEGRATED_2023_T1
2023,10,10046,municipality,100460111111,10046111,matched,Freisen,kreisangehörige Gemeinde,7850,60454631.74,7701.23,14797247.00,841289.57,44816095.17,STATISTIKPORTAL_INTEGRATED_2023_T1
2023,10,10046,municipality,100460112112,10046112,matched,Marpingen,kreisangehörige Gemeinde,9986,74990810.28,7509.59,23565623.00,1987.07,51423200.21,STATISTIKPORTAL_INTEGRATED_2023_T1
2023,10,10046,municipality,100460113113,10046113,matched,Namborn,kreisangehörige Gemeinde,6951,37971997.08,5462.81,8202563.00,1987.07,29767447.01,STATISTIKPORTAL_INTEGRATED_2023_T1
2023,10,10046,municipality,100460114114,10046114,matched,Nohfelden,kreisangehörige Gemeinde,9967,56197729.56,5638.38,8332434.00,841289.57,47024005.99,STATISTIKPORTAL_INTEGRATED_2023_T1
2023,10,10046,municipality,100460115115,10046115,matched,Nonnweiler,kreisangehörige Gemeinde,8488,39175906.08,4615.45,7427365.00,1987.07,31746554.01,STATISTIKPORTAL_INTEGRATED_2023_T1
2023,10,10046,municipality,100460116116,10046116,matched,Oberthal,kreisangehörige Gemeinde,5960,42639048.28,7154.20,8389880.00,1987.07,34247181.21,STATISTIKPORTAL_INTEGRATED_2023_T1
2023,10,10046,municipality,100460117117,10046117,matched,St. Wendel,kreisangehörige Gemeinde,25503,118282307.04,4637.98,59744546.00,2223627.07,56314133.97,STATISTIKPORTAL_INTEGRATED_2023_T1
2023,10,10046,municipality,100460118118,10046118,matched,Tholey,kreisangehörige Gemeinde,12219,74128449.78,6066.65,16175620.00,1194575.07,56758254.71,STATISTIKPORTAL_INTEGRATED_2023_T1
